dz_2021_code,type,deprived_in_0_dimensions,deprived_in_1_dimension,deprived_in_2_dimensions,deprived_in_3_dimensions,deprived_in_4_dimensions
N20000360,NI data zone,58,37,32,5,2
N20000384,NI data zone,112,85,44,5,0
N20000392,NI data zone,60,82,68,39,10
N20000421,NI data zone,123,76,35,4,0
N20000422,NI data zone,115,92,49,6,1
N20000423,NI data zone,113,72,64,10,1
N20000424,NI data zone,117,86,46,11,0
N20000425,NI data zone,63,35,17,4,0
N20000426,NI data zone,105,45,25,2,0
N20000427,NI data zone,70,77,52,10,0
N20000428,NI data zone,128,85,74,14,1
N20000429,NI data zone,49,56,33,10,0
N20000430,NI data zone,81,51,22,6,0
N20000431,NI data zone,38,52,68,35,0
N20000432,NI data zone,31,60,84,37,1
N20000433,NI data zone,136,76,34,8,0
N20000434,NI data zone,49,77,67,26,2
N20000435,NI data zone,115,77,41,24,4
N20000436,NI data zone,101,52,17,3,0
N20000437,NI data zone,36,59,49,23,5
N20000438,NI data zone,80,45,18,5,0
N20000439,NI data zone,31,45,65,42,5
N20000440,NI data zone,38,48,59,25,2
N20000441,NI data zone,69,65,44,11,2
N20000442,NI data zone,40,74,46,21,1
N20000443,NI data zone,117,36,7,3,0
N20000444,NI data zone,82,52,10,3,1
N20000445,NI data zone,54,69,57,24,7
N20000446,NI data zone,130,87,23,6,0
N20000447,NI data zone,123,54,18,5,0
N20000448,NI data zone,103,56,37,4,1
N20000449,NI data zone,58,48,37,18,2
N20000450,NI data zone,57,45,28,3,0
N20000451,NI data zone,125,93,33,5,0
N20000452,NI data zone,67,54,28,11,2
N20000453,NI data zone,90,61,26,9,0
N20000454,NI data zone,43,46,33,11,1
N20000455,NI data zone,123,25,5,1,0
N20000456,NI data zone,75,57,24,6,0
N20000457,NI data zone,118,74,33,11,0
N20000458,NI data zone,66,51,31,15,0
N20000459,NI data zone,85,54,47,8,0
N20000460,NI data zone,177,70,17,5,0
N20000461,NI data zone,177,50,19,3,1
N20000462,NI data zone,109,56,26,4,0
N20000463,NI data zone,80,76,37,10,0
N20000464,NI data zone,121,53,15,1,0
N20000465,NI data zone,29,42,24,10,0
N20000466,NI data zone,56,75,69,23,1
N20000467,NI data zone,85,57,30,9,0
N20000468,NI data zone,55,75,53,21,1
N20000469,NI data zone,113,88,32,10,0
N20000470,NI data zone,88,59,14,6,0
N20000471,NI data zone,115,61,24,0,0
N20000472,NI data zone,95,63,47,9,0
N20000473,NI data zone,100,40,20,3,0
N20000474,NI data zone,134,89,40,8,0
N20000475,NI data zone,153,50,18,3,0
N20000477,NI data zone,105,52,26,16,0
N20000478,NI data zone,117,59,30,8,0
N20000479,NI data zone,44,46,50,7,3
N20000480,NI data zone,94,44,12,5,0
N20000481,NI data zone,103,76,48,9,0
N20000482,NI data zone,130,90,34,6,0
N20000483,NI data zone,175,36,19,2,0
N20000484,NI data zone,89,77,33,5,0
N20000485,NI data zone,100,72,37,7,0
N20000486,NI data zone,127,53,23,6,0
N20000487,NI data zone,101,60,26,5,0
N20000488,NI data zone,97,63,20,6,0
N20000489,NI data zone,68,59,27,10,0
N20000490,NI data zone,59,83,97,56,9
N20000491,NI data zone,40,59,60,29,2
N20000492,NI data zone,66,73,46,10,0
N20000493,NI data zone,114,88,33,5,0
N20000494,NI data zone,37,66,87,50,2
N20000495,NI data zone,110,55,22,4,0
N20000496,NI data zone,136,72,36,13,0
N20000497,NI data zone,109,28,6,1,0
N20000498,NI data zone,64,76,73,28,4
N20000499,NI data zone,104,50,19,9,0
N20000500,NI data zone,60,53,44,13,0
N20000501,NI data zone,161,33,9,0,0
N20000502,NI data zone,89,69,25,2,0
N20000503,NI data zone,53,54,66,23,1
N20000504,NI data zone,52,59,33,15,1
N20000505,NI data zone,56,63,62,29,3
N20000506,NI data zone,64,78,65,41,6
N20000507,NI data zone,123,73,69,15,0
N20000508,NI data zone,40,56,39,28,4
N20000509,NI data zone,40,38,37,42,0
N20000510,NI data zone,119,70,31,2,0
N20000511,NI data zone,56,58,66,35,1
N20000512,NI data zone,65,80,56,36,1
N20000513,NI data zone,81,52,18,2,0
N20000514,NI data zone,94,49,28,7,0
N20000515,NI data zone,75,77,76,30,5
N20000516,NI data zone,53,64,76,41,5
N20000517,NI data zone,75,74,52,31,4
N20000518,NI data zone,75,62,33,4,0
N20000519,NI data zone,40,55,43,25,1
N20000520,NI data zone,133,75,30,4,0
N20000521,NI data zone,130,77,35,3,0
N20000522,NI data zone,67,73,43,10,0
N20000523,NI data zone,77,73,40,17,0
N20000524,NI data zone,39,54,88,78,17
N20000525,NI data zone,40,77,84,33,3
N20000526,NI data zone,52,73,34,14,2
N20000527,NI data zone,69,80,49,34,8
N20000528,NI data zone,61,49,50,27,2
N20000529,NI data zone,79,53,47,13,1
N20000530,NI data zone,100,45,14,4,0
N20000531,NI data zone,64,62,28,4,6
N20000532,NI data zone,21,34,66,32,10
N20000533,NI data zone,61,59,44,8,1
N20000534,NI data zone,56,61,40,19,4
N20000535,NI data zone,94,37,32,7,1
N20000536,NI data zone,119,78,60,16,0
N20000537,NI data zone,76,80,55,10,0
N20000538,NI data zone,108,57,34,23,1
N20000539,NI data zone,42,66,63,19,0
N20000540,NI data zone,49,82,42,19,1
N20000541,NI data zone,52,69,63,31,1
N20000542,NI data zone,92,71,39,6,0
N20000543,NI data zone,45,62,50,31,0
N20000544,NI data zone,80,80,56,17,1
N20000545,NI data zone,88,54,28,3,0
N20000546,NI data zone,32,59,38,8,0
N20000547,NI data zone,106,80,39,1,0
N20000548,NI data zone,48,79,65,16,4
N20000549,NI data zone,134,88,30,8,0
N20000550,NI data zone,116,43,10,2,0
N20000551,NI data zone,127,83,37,10,1
N20000552,NI data zone,127,85,31,4,0
N20000553,NI data zone,153,76,44,10,0
N20000554,NI data zone,111,53,16,3,0
N20000555,NI data zone,100,63,39,15,0
N20000556,NI data zone,84,37,25,2,0
N20000557,NI data zone,87,46,28,2,0
N20000558,NI data zone,161,73,31,5,0
N20000559,NI data zone,80,55,24,6,0
N20000560,NI data zone,71,40,20,4,0
N20000561,NI data zone,164,97,29,6,0
N20000562,NI data zone,91,46,12,1,0
N20000563,NI data zone,111,99,34,4,0
N20000564,NI data zone,129,58,25,8,1
N20000565,NI data zone,119,74,34,11,0
N20000566,NI data zone,69,64,55,12,1
N20000567,NI data zone,110,77,63,24,2
N20000568,NI data zone,141,59,10,1,0
N20000569,NI data zone,105,101,47,8,1
N20000570,NI data zone,54,70,81,20,0
N20000571,NI data zone,118,75,62,6,0
N20000572,NI data zone,181,66,24,6,0
N20000573,NI data zone,176,82,32,12,2
N20000574,NI data zone,106,115,90,20,2
N20000575,NI data zone,125,80,38,5,0
N20000576,NI data zone,141,50,16,1,0
N20000577,NI data zone,112,45,14,4,0
N20000578,NI data zone,117,99,37,7,0
N20000579,NI data zone,107,64,29,6,1
N20000580,NI data zone,125,95,40,6,1
N20000581,NI data zone,99,37,20,8,0
N20000582,NI data zone,109,62,39,8,0
N20000583,NI data zone,99,62,31,5,1
N20000584,NI data zone,161,65,37,7,0
N20000585,NI data zone,80,55,22,4,0
N20000586,NI data zone,94,71,33,7,1
N20000587,NI data zone,129,76,46,9,0
N20000588,NI data zone,103,54,33,7,0
N20000589,NI data zone,73,47,33,10,1
N20000590,NI data zone,59,60,26,14,0
N20000591,NI data zone,68,57,24,1,0
N20000592,NI data zone,114,53,36,8,0
N20000593,NI data zone,96,73,29,11,0
N20000594,NI data zone,74,42,12,4,0
N20000595,NI data zone,94,85,38,4,0
N20000596,NI data zone,68,60,50,14,2
N20000597,NI data zone,76,33,10,1,0
N20000598,NI data zone,48,79,77,36,12
N20000599,NI data zone,83,65,31,16,4
N20000600,NI data zone,90,58,37,10,0
N20000601,NI data zone,51,69,57,31,4
N20000602,NI data zone,80,65,32,14,0
N20000603,NI data zone,86,76,45,15,4
N20000604,NI data zone,67,49,15,3,0
N20000605,NI data zone,50,62,23,0,2
N20000606,NI data zone,60,49,42,15,0
N20000607,NI data zone,54,42,38,21,7
N20000608,NI data zone,92,53,19,3,0
N20000609,NI data zone,127,52,21,3,0
N20000610,NI data zone,112,75,34,8,0
N20000611,NI data zone,54,71,64,29,2
N20000612,NI data zone,50,60,80,41,9
N20000613,NI data zone,70,31,30,0,0
N20000614,NI data zone,127,113,49,8,0
N20000615,NI data zone,42,46,48,31,0
N20000616,NI data zone,40,47,56,24,3
N20000617,NI data zone,71,39,30,8,0
N20000618,NI data zone,76,67,54,18,3
N20000619,NI data zone,52,55,37,28,0
N20000620,NI data zone,118,92,74,48,11
N20000621,NI data zone,135,91,44,15,0
N20000622,NI data zone,58,61,60,21,0
N20000623,NI data zone,96,56,21,4,0
N20000624,NI data zone,27,47,64,33,13
N20000625,NI data zone,121,62,35,11,0
N20000626,NI data zone,86,71,30,2,1
N20000627,NI data zone,84,68,52,3,0
N20000628,NI data zone,100,69,32,1,0
N20000629,NI data zone,73,66,28,5,0
N20000630,NI data zone,32,64,75,40,4
N20000631,NI data zone,51,53,49,18,0
N20000632,NI data zone,64,53,52,20,1
N20000633,NI data zone,68,64,30,8,0
N20000634,NI data zone,40,61,53,22,1
N20000635,NI data zone,177,43,18,5,0
N20000636,NI data zone,84,78,37,5,0
N20000637,NI data zone,116,93,35,8,0
N20000638,NI data zone,106,61,25,4,0
N20000639,NI data zone,100,66,37,5,1
N20000640,NI data zone,144,81,37,2,0
N20000641,NI data zone,151,72,25,3,0
N20000642,NI data zone,73,52,21,4,0
N20000643,NI data zone,144,44,7,2,0
N20000645,NI data zone,94,78,47,5,2
N20000646,NI data zone,90,64,58,28,2
N20000648,NI data zone,115,56,29,5,0
N20000649,NI data zone,123,90,44,13,1
N20000650,NI data zone,65,50,22,10,1
N20000651,NI data zone,121,73,49,12,2
N20000652,NI data zone,110,62,24,6,0
N20000653,NI data zone,118,62,37,6,0
N20000655,NI data zone,69,50,21,9,0
N20000656,NI data zone,47,31,30,2,0
N20000657,NI data zone,106,72,35,8,1
N20000658,NI data zone,74,57,34,6,0
N20000659,NI data zone,58,60,36,18,7
N20000660,NI data zone,78,93,73,23,1
N20000661,NI data zone,110,51,33,9,0
N20000662,NI data zone,79,64,35,13,5
N20000663,NI data zone,49,56,69,18,3
N20000766,NI data zone,29,47,45,25,3
N20000769,NI data zone,39,62,49,29,4
N20000771,NI data zone,31,50,53,48,4
N20000772,NI data zone,25,27,33,16,1
N20000773,NI data zone,23,55,49,45,8
N20000774,NI data zone,15,34,37,29,10
N20000777,NI data zone,16,29,31,25,1
N20000778,NI data zone,25,38,45,38,8
N20000779,NI data zone,19,41,69,53,16
N20000780,NI data zone,10,31,44,47,6
N20000781,NI data zone,26,57,66,35,2
N20000782,NI data zone,19,50,70,58,8
N20000783,NI data zone,42,73,81,55,6
N20000784,NI data zone,24,50,48,43,1
N20000785,NI data zone,25,53,83,56,4
N20000786,NI data zone,35,40,49,19,4
N20000825,NI data zone,102,34,21,14,0
N20000844,NI data zone,46,73,78,37,2
N20000847,NI data zone,37,55,51,21,5
N20000850,NI data zone,24,37,39,36,9
N20000851,NI data zone,30,49,74,54,5
N20000852,NI data zone,36,62,61,40,3
N20000853,NI data zone,34,77,89,58,17
N20000854,NI data zone,61,104,21,5,0
N20000855,NI data zone,85,97,37,15,0
N20000856,NI data zone,46,70,55,32,2
N20000857,NI data zone,148,143,19,6,0
N20000858,NI data zone,64,59,52,33,7
N20000859,NI data zone,119,50,34,10,0
N20000860,NI data zone,82,67,55,15,1
N20000861,NI data zone,72,73,41,5,0
N20000862,NI data zone,96,72,45,12,0
N20000863,NI data zone,63,44,24,9,3
N20000864,NI data zone,29,33,23,9,5
N20000865,NI data zone,89,57,41,18,3
N20000866,NI data zone,95,67,30,8,0
N20000867,NI data zone,60,55,48,17,2
N20000868,NI data zone,81,61,36,13,0
N20000869,NI data zone,84,50,34,11,0
N20000870,NI data zone,27,48,65,55,2
N20000871,NI data zone,80,59,46,14,1
N20000872,NI data zone,126,60,38,8,1
N20000873,NI data zone,34,53,49,24,1
N20000874,NI data zone,19,31,44,34,4
N20000875,NI data zone,94,67,40,19,4
N20000876,NI data zone,75,41,21,6,0
N20000877,NI data zone,40,73,84,47,9
N20000878,NI data zone,74,46,16,4,1
N20000879,NI data zone,72,38,32,7,0
N20000880,NI data zone,42,51,60,44,6
N20000881,NI data zone,110,81,44,24,1
N20000882,NI data zone,85,117,25,13,3
N20000883,NI data zone,89,64,45,11,0
N20000884,NI data zone,35,50,45,40,10
N20000885,NI data zone,82,56,42,25,3
N20000886,NI data zone,36,52,63,41,9
N20000887,NI data zone,54,68,81,72,2
N20000888,NI data zone,129,67,37,16,0
N20000889,NI data zone,71,32,11,1,0
N20000890,NI data zone,106,62,22,3,0
N20000891,NI data zone,66,55,70,26,5
N20000892,NI data zone,52,74,75,46,6
N20000893,NI data zone,66,90,68,40,3
N20000894,NI data zone,49,84,66,28,3
N20000895,NI data zone,52,37,24,9,0
N20000896,NI data zone,60,115,74,35,1
N20000897,NI data zone,104,59,12,4,0
N20000898,NI data zone,61,41,37,13,0
N20000899,NI data zone,63,73,46,12,1
N20000900,NI data zone,56,48,45,29,1
N20000901,NI data zone,75,48,25,10,1
N20000902,NI data zone,127,70,37,8,0
N20000903,NI data zone,35,58,61,43,2
N20000904,NI data zone,39,88,79,60,5
N20000905,NI data zone,56,87,43,22,3
N20000906,NI data zone,26,41,31,11,3
N20000907,NI data zone,81,64,58,9,5
N20000908,NI data zone,65,78,38,32,4
N20000909,NI data zone,144,82,31,5,0
N20000910,NI data zone,38,55,67,30,2
N20000911,NI data zone,17,40,51,29,7
N20000912,NI data zone,63,54,44,23,4
N20000913,NI data zone,56,45,28,26,5
N20000914,NI data zone,61,63,41,27,2
N20000915,NI data zone,47,51,41,12,0
N20000916,NI data zone,100,51,37,8,1
N20000917,NI data zone,109,69,30,20,0
N20000918,NI data zone,28,53,49,46,11
N20000919,NI data zone,54,58,59,35,1
N20000920,NI data zone,82,58,36,26,4
N20000921,NI data zone,27,36,44,32,10
N20000922,NI data zone,43,46,62,38,6
N20000923,NI data zone,96,62,31,4,1
N20000924,NI data zone,61,56,59,35,4
N20000925,NI data zone,50,37,22,5,0
N20000926,NI data zone,73,56,30,16,2
N20000927,NI data zone,63,76,68,39,5
N20000928,NI data zone,59,40,42,14,2
N20000929,NI data zone,92,44,37,8,0
N20000930,NI data zone,52,31,31,19,1
N20000931,NI data zone,89,66,57,29,4
N20000932,NI data zone,55,83,55,23,4
N20000933,NI data zone,68,64,36,21,5
N20000934,NI data zone,114,88,32,20,3
N20000935,NI data zone,81,62,42,11,1
N20000936,NI data zone,47,68,102,36,6
N20000937,NI data zone,104,76,40,12,2
N20000938,NI data zone,74,54,23,14,2
N20000939,NI data zone,76,49,30,8,1
N20000940,NI data zone,64,55,31,11,1
N20000941,NI data zone,117,98,63,20,4
N20000942,NI data zone,62,61,35,20,3
N20000943,NI data zone,91,62,29,11,4
N20000944,NI data zone,155,30,20,4,0
N20000945,NI data zone,112,45,21,3,0
N20000946,NI data zone,98,54,17,3,0
N20000947,NI data zone,45,59,48,31,2
N20000948,NI data zone,40,57,41,15,2
N20000949,NI data zone,49,77,85,43,5
N20000950,NI data zone,118,63,37,10,2
N20000951,NI data zone,55,47,21,8,0
N20000952,NI data zone,110,54,12,0,0
N20000953,NI data zone,126,86,26,3,0
N20000954,NI data zone,85,48,9,2,0
N20000955,NI data zone,93,49,4,0,0
N20000956,NI data zone,185,78,46,1,0
N20000957,NI data zone,77,55,53,24,3
N20000958,NI data zone,159,104,45,6,0
N20000959,NI data zone,117,72,17,3,0
N20000960,NI data zone,127,63,25,2,0
N20000961,NI data zone,107,50,7,1,0
N20000962,NI data zone,158,81,25,5,0
N20000963,NI data zone,93,43,6,1,1
N20000964,NI data zone,85,83,34,10,3
N20000965,NI data zone,121,69,15,0,0
N20000966,NI data zone,99,54,34,13,0
N20000967,NI data zone,79,46,26,14,3
N20000968,NI data zone,118,58,31,9,0
N20000969,NI data zone,125,85,33,5,0
N20000970,NI data zone,123,67,30,6,0
N20000971,NI data zone,134,55,8,1,0
N20000972,NI data zone,64,19,15,5,0
N20000973,NI data zone,71,42,9,1,0
N20000974,NI data zone,114,52,12,0,0
N20000975,NI data zone,156,83,33,5,2
N20000976,NI data zone,150,83,46,12,0
N20000977,NI data zone,91,67,39,8,3
N20000978,NI data zone,118,53,21,3,0
N20000979,NI data zone,150,65,13,1,0
N20000980,NI data zone,73,81,63,30,5
N20000981,NI data zone,134,56,38,8,0
N20000982,NI data zone,162,68,19,1,0
N20000983,NI data zone,131,109,52,13,2
N20000984,NI data zone,145,62,20,4,0
N20000985,NI data zone,73,40,11,2,0
N20000986,NI data zone,67,46,31,4,0
N20000987,NI data zone,94,71,50,2,0
N20000988,NI data zone,138,96,32,4,0
N20000989,NI data zone,55,78,59,22,1
N20000990,NI data zone,75,55,22,2,0
N20000991,NI data zone,75,49,20,3,0
N20000992,NI data zone,84,50,16,1,0
N20000993,NI data zone,126,73,37,6,0
N20000994,NI data zone,105,100,41,6,0
N20000995,NI data zone,192,89,16,1,0
N20000996,NI data zone,45,68,75,34,5
N20000997,NI data zone,162,89,24,8,0
N20000998,NI data zone,81,62,20,1,0
N20000999,NI data zone,27,53,26,10,3
N20001000,NI data zone,43,60,61,33,5
N20001001,NI data zone,132,72,17,3,0
N20001002,NI data zone,44,39,23,9,2
N20001003,NI data zone,53,59,31,17,2
N20001004,NI data zone,45,73,55,17,1
N20001005,NI data zone,122,68,19,0,0
N20001006,NI data zone,148,90,33,9,1
N20001007,NI data zone,128,93,58,13,0
N20001008,NI data zone,122,75,27,0,0
N20001009,NI data zone,46,78,51,20,3
N20001010,NI data zone,112,49,16,2,0
N20001011,NI data zone,81,91,67,24,6
N20001012,NI data zone,42,54,49,29,1
N20001013,NI data zone,105,73,45,18,1
N20001014,NI data zone,62,82,68,31,8
N20001015,NI data zone,135,90,34,9,3
N20001016,NI data zone,119,80,53,10,1
N20001017,NI data zone,87,58,23,1,0
N20001018,NI data zone,39,35,30,15,3
N20001019,NI data zone,123,73,38,8,0
N20001020,NI data zone,143,75,26,3,0
N20001021,NI data zone,141,73,25,8,1
N20001022,NI data zone,105,60,26,1,0
N20001023,NI data zone,109,60,24,6,0
N20001024,NI data zone,187,76,18,2,2
N20001025,NI data zone,62,40,12,6,0
N20001026,NI data zone,74,72,59,15,3
N20001027,NI data zone,92,39,34,17,2
N20001028,NI data zone,121,79,47,9,0
N20001029,NI data zone,108,61,19,9,0
N20001030,NI data zone,90,37,20,5,0
N20001031,NI data zone,75,39,28,2,0
N20001032,NI data zone,92,44,20,6,0
N20001033,NI data zone,120,59,51,13,2
N20001034,NI data zone,117,76,24,2,0
N20001035,NI data zone,137,62,8,0,0
N20001036,NI data zone,98,48,15,1,0
N20001037,NI data zone,110,57,19,0,0
N20001038,NI data zone,91,86,63,25,4
N20001039,NI data zone,123,96,42,8,0
N20001040,NI data zone,51,78,76,39,4
N20001041,NI data zone,63,86,68,30,6
N20001042,NI data zone,80,42,9,0,0
N20001043,NI data zone,42,35,26,3,0
N20001044,NI data zone,60,83,88,56,16
N20001045,NI data zone,88,53,46,17,0
N20001046,NI data zone,149,119,71,28,2
N20001047,NI data zone,142,78,33,5,0
N20001048,NI data zone,67,36,19,4,0
N20001049,NI data zone,55,49,28,9,2
N20001050,NI data zone,125,79,25,0,0
N20001051,NI data zone,83,65,32,1,0
N20001052,NI data zone,100,63,25,0,0
N20001053,NI data zone,101,108,90,35,6
N20001054,NI data zone,89,62,29,8,0
N20001055,NI data zone,43,46,30,8,0
N20001056,NI data zone,116,72,41,10,0
N20001057,NI data zone,70,48,25,21,5
N20001058,NI data zone,65,82,63,26,5
N20001059,NI data zone,98,73,49,16,3
N20001060,NI data zone,77,57,31,5,0
N20001061,NI data zone,106,67,33,11,0
N20001062,NI data zone,71,36,12,3,0
N20001063,NI data zone,152,80,45,6,0
N20001064,NI data zone,48,72,45,29,6
N20001065,NI data zone,64,75,77,26,3
N20001066,NI data zone,185,71,9,2,0
N20001067,NI data zone,75,49,18,2,0
N20001068,NI data zone,108,47,13,2,0
N20001069,NI data zone,107,60,26,2,0
N20001070,NI data zone,176,53,23,2,1
N20001071,NI data zone,97,42,19,3,0
N20001072,NI data zone,126,57,25,6,0
N20001073,NI data zone,142,60,23,3,0
N20001074,NI data zone,94,56,17,2,0
N20001075,NI data zone,107,58,27,3,0
N20001076,NI data zone,144,93,38,6,0
N20001077,NI data zone,148,101,28,1,0
N20001078,NI data zone,62,57,18,2,0
N20001079,NI data zone,51,82,34,17,0
N20001080,NI data zone,60,71,20,8,1
N20001081,NI data zone,79,51,33,32,6
N20001082,NI data zone,26,47,45,47,6
N20001083,NI data zone,38,63,65,42,3
N20001084,NI data zone,22,37,60,38,4
N20001085,NI data zone,136,99,14,2,0
N20001086,NI data zone,19,50,81,52,4
N20001087,NI data zone,87,61,35,12,0
N20001088,NI data zone,131,65,16,12,1
N20001089,NI data zone,9,28,48,28,11
N20001090,NI data zone,65,65,75,40,1
N20001091,NI data zone,67,61,43,20,0
N20001092,NI data zone,33,63,61,47,2
N20001093,NI data zone,32,64,60,52,8
N20001094,NI data zone,41,51,59,27,1
N20001095,NI data zone,49,85,65,58,1
N20001096,NI data zone,69,74,59,22,2
N20001097,NI data zone,31,50,48,39,7
N20001098,NI data zone,75,57,35,16,1
N20001099,NI data zone,47,76,39,25,20
N20001100,NI data zone,60,68,41,31,0
N20001101,NI data zone,48,65,68,30,4
N20001102,NI data zone,57,53,24,18,1
N20001103,NI data zone,64,100,28,5,4
N20001104,NI data zone,69,79,63,28,2
N20001105,NI data zone,71,59,13,8,0
N20001106,NI data zone,127,74,43,11,0
N20001107,NI data zone,55,85,32,10,6
N20001108,NI data zone,46,53,20,8,3
N20001109,NI data zone,42,56,75,31,3
N20001110,NI data zone,36,56,45,25,2
N20001111,NI data zone,57,75,47,25,1
N20001112,NI data zone,59,106,28,8,2
N20001113,NI data zone,90,68,41,22,4
N20001114,NI data zone,65,62,42,24,6
N20001115,NI data zone,119,68,30,4,1
N20001116,NI data zone,56,55,43,25,2
N20001117,NI data zone,51,55,31,23,0
N20001118,NI data zone,83,66,60,13,0
N20001119,NI data zone,80,49,19,7,0
N20001120,NI data zone,90,75,27,9,0
N20001121,NI data zone,147,62,19,2,1
N20001122,NI data zone,48,55,21,4,1
N20001123,NI data zone,76,57,31,4,2
N20001124,NI data zone,142,84,37,6,1
N20001125,NI data zone,80,46,25,6,0
N20001126,NI data zone,152,82,30,15,4
N20001127,NI data zone,91,65,33,13,1
N20001128,NI data zone,54,44,28,9,0
N20001129,NI data zone,88,71,47,17,2
N20001130,NI data zone,83,88,23,8,1
N20001131,NI data zone,86,86,25,7,2
N20001132,NI data zone,80,93,52,22,1
N20001133,NI data zone,120,107,39,8,0
N20001134,NI data zone,128,80,22,8,1
N20001135,NI data zone,122,104,35,6,2
N20001136,NI data zone,89,66,18,3,1
N20001137,NI data zone,126,74,31,4,1
N20001138,NI data zone,104,65,34,19,0
N20001139,NI data zone,125,125,25,6,1
N20001140,NI data zone,118,65,41,13,1
N20001141,NI data zone,58,31,35,35,10
N20001142,NI data zone,112,94,24,3,1
N20001143,NI data zone,89,85,36,6,1
N20001144,NI data zone,153,61,31,7,1
N20001145,NI data zone,114,24,2,2,0
N20001146,NI data zone,97,35,11,0,0
N20001147,NI data zone,54,65,64,32,0
N20001148,NI data zone,103,43,9,9,11
N20001149,NI data zone,122,101,53,13,1
N20001150,NI data zone,89,48,29,11,2
N20001151,NI data zone,94,88,15,5,1
N20001152,NI data zone,101,44,17,8,1
N20001153,NI data zone,124,75,14,2,1
N20001154,NI data zone,57,38,26,18,0
N20001155,NI data zone,103,57,42,9,1
N20001156,NI data zone,162,89,18,7,0
N20001157,NI data zone,66,60,17,8,2
N20001158,NI data zone,106,89,37,19,2
N20001159,NI data zone,111,45,25,17,2
N20001160,NI data zone,104,42,31,7,0
N20001161,NI data zone,128,57,30,15,1
N20001162,NI data zone,73,61,17,2,0
N20001163,NI data zone,96,44,11,5,0
N20001164,NI data zone,139,63,43,6,0
N20001165,NI data zone,110,55,37,9,1
N20001166,NI data zone,164,63,19,4,0
N20001167,NI data zone,154,81,19,1,0
N20001168,NI data zone,158,80,22,5,0
N20001169,NI data zone,125,51,18,9,0
N20001170,NI data zone,148,48,11,2,0
N20001171,NI data zone,80,56,28,2,0
N20001172,NI data zone,192,59,11,1,0
N20001173,NI data zone,116,44,15,2,0
N20001174,NI data zone,143,64,13,3,0
N20001175,NI data zone,106,32,13,2,0
N20001176,NI data zone,106,44,11,3,0
N20001177,NI data zone,118,51,14,2,0
N20001178,NI data zone,117,70,14,1,0
N20001179,NI data zone,97,42,23,3,1
N20001180,NI data zone,64,36,4,1,0
N20001181,NI data zone,81,49,15,1,1
N20001182,NI data zone,123,42,8,0,0
N20001183,NI data zone,107,55,11,3,0
N20001184,NI data zone,208,87,41,8,0
N20001185,NI data zone,128,48,13,2,1
N20001186,NI data zone,149,90,28,3,0
N20001187,NI data zone,67,44,15,8,0
N20001188,NI data zone,96,42,21,3,0
N20001189,NI data zone,114,50,10,3,1
N20001190,NI data zone,82,68,34,7,0
N20001191,NI data zone,111,42,8,1,0
N20001192,NI data zone,71,73,41,10,2
N20001193,NI data zone,95,36,17,1,0
N20001194,NI data zone,72,38,26,14,0
N20001195,NI data zone,159,85,27,6,0
N20001196,NI data zone,102,48,6,1,0
N20001197,NI data zone,92,55,26,3,0
N20001198,NI data zone,114,60,11,0,0
N20001199,NI data zone,146,66,18,0,0
N20001200,NI data zone,96,54,21,0,1
N20001201,NI data zone,120,49,17,5,0
N20001202,NI data zone,80,55,28,8,2
N20001203,NI data zone,70,52,36,12,2
N20001204,NI data zone,93,59,20,4,0
N20001205,NI data zone,63,40,39,25,11
N20001206,NI data zone,22,34,39,9,2
N20001207,NI data zone,23,45,49,36,7
N20001208,NI data zone,44,60,72,49,14
N20001209,NI data zone,61,58,28,15,3
N20001210,NI data zone,81,54,43,18,1
N20001211,NI data zone,70,74,49,25,5
N20001212,NI data zone,53,42,10,1,0
N20001213,NI data zone,59,46,29,22,0
N20001214,NI data zone,98,53,41,25,5
N20001215,NI data zone,111,110,58,9,1
N20001216,NI data zone,65,34,20,6,4
N20001217,NI data zone,117,77,43,15,7
N20001218,NI data zone,90,48,10,2,0
N20001219,NI data zone,86,61,21,4,1
N20001220,NI data zone,92,82,42,12,0
N20001221,NI data zone,112,55,22,2,0
N20001222,NI data zone,42,64,39,24,9
N20001223,NI data zone,90,107,77,23,5
N20001224,NI data zone,55,64,62,28,10
N20001225,NI data zone,41,41,19,6,0
N20001226,NI data zone,93,65,23,1,0
N20001227,NI data zone,53,68,41,23,2
N20001228,NI data zone,35,57,59,44,6
N20001229,NI data zone,59,57,62,20,14
N20001230,NI data zone,145,72,16,1,0
N20001231,NI data zone,134,67,15,1,0
N20001232,NI data zone,110,74,47,23,2
N20001233,NI data zone,98,63,26,1,0
N20001234,NI data zone,122,63,16,2,0
N20001235,NI data zone,17,37,50,46,8
N20001237,NI data zone,63,61,41,12,0
N20001238,NI data zone,37,51,35,5,0
N20001244,NI data zone,108,125,74,19,2
N20001245,NI data zone,55,70,39,13,0
N20001247,NI data zone,62,69,45,28,3
N20001249,NI data zone,56,99,88,45,13
N20001251,NI data zone,102,97,59,12,0
N20001253,NI data zone,128,79,52,23,1
N20001254,NI data zone,61,71,48,21,1
N20001255,NI data zone,44,74,86,55,2
N20001256,NI data zone,35,57,53,35,0
N20001257,NI data zone,33,60,64,46,5
N20001258,NI data zone,162,118,49,4,0
N20001259,NI data zone,95,87,60,22,4
N20001260,NI data zone,104,54,17,3,0
N20001261,NI data zone,40,77,110,72,3
N20001262,NI data zone,45,56,50,33,3
N20001263,NI data zone,27,61,62,55,2
N20001264,NI data zone,153,88,31,3,1
N20001265,NI data zone,89,67,35,8,1
N20001266,NI data zone,30,57,79,46,5
N20001268,NI data zone,30,56,69,43,6
N20001269,NI data zone,22,45,75,64,24
N20001270,NI data zone,31,43,41,40,18
N20001271,NI data zone,93,55,21,1,0
N20001272,NI data zone,25,70,89,47,4
N20001274,NI data zone,48,47,52,32,3
N20001275,NI data zone,108,55,13,1,0
N20001276,NI data zone,30,51,74,51,10
N20001277,NI data zone,63,74,64,40,5
N20001278,NI data zone,106,50,28,5,0
N20001280,NI data zone,74,57,33,7,0
N20001281,NI data zone,86,47,15,2,0
N20001282,NI data zone,68,48,37,13,0
N20001283,NI data zone,33,38,50,31,8
N20001284,NI data zone,115,64,26,6,0
N20001285,NI data zone,48,50,40,27,3
N20001286,NI data zone,20,43,31,20,1
N20001287,NI data zone,33,53,58,27,1
N20001288,NI data zone,46,56,65,48,3
N20001289,NI data zone,63,64,41,17,0
N20001290,NI data zone,155,126,66,14,0
N20001291,NI data zone,85,58,28,11,1
N20001292,NI data zone,119,70,47,14,1
N20001293,NI data zone,30,47,48,29,1
N20001294,NI data zone,49,36,14,2,1
N20001295,NI data zone,26,43,43,37,10
N20001296,NI data zone,68,54,36,8,6
N20001304,NI data zone,31,58,55,66,15
N20001307,NI data zone,58,86,69,25,0
N20001311,NI data zone,48,66,36,29,0
N20001312,NI data zone,52,49,56,19,3
N20001315,NI data zone,64,61,56,17,0
N20001316,NI data zone,51,41,43,24,2
N20001318,NI data zone,71,67,52,12,1
N20001319,NI data zone,46,52,36,24,2
N20001321,NI data zone,66,77,62,29,5
N20001322,NI data zone,59,68,46,29,3
N20001324,NI data zone,54,52,61,44,4
N20001330,NI data zone,70,51,37,9,0
N20001333,NI data zone,67,52,48,14,0
N20001334,NI data zone,104,92,61,18,0
N20001336,NI data zone,32,38,38,39,8
N20001337,NI data zone,50,59,45,20,6
N20001340,NI data zone,51,74,45,7,1
N20001342,NI data zone,54,67,68,28,1
N20001345,NI data zone,63,55,47,26,0
N20001347,NI data zone,19,53,71,51,7
N20001350,NI data zone,70,61,43,8,0
N20001352,NI data zone,50,53,77,30,1
N20001354,NI data zone,54,63,56,34,14
N20001355,NI data zone,60,66,55,32,3
N20001357,NI data zone,55,52,47,25,5
N20001361,NI data zone,97,65,47,8,2
N20001364,NI data zone,74,74,61,33,3
N20001366,NI data zone,46,61,56,15,0
N20001367,NI data zone,61,55,40,9,1
N20001368,NI data zone,39,38,25,8,0
N20001389,NI data zone,40,78,72,53,5
N20001396,NI data zone,26,59,72,44,1
N20001398,NI data zone,44,49,66,38,8
N20001406,NI data zone,22,47,59,49,6
N20001409,NI data zone,25,21,34,30,2
N20001410,NI data zone,16,51,61,25,7
N20001412,NI data zone,23,37,42,33,2
N20001414,NI data zone,26,46,65,29,1
N20001415,NI data zone,19,35,55,41,10
N20001418,NI data zone,74,76,60,27,2
N20001421,NI data zone,21,39,63,38,0
N20001423,NI data zone,11,34,41,41,20
N20001425,NI data zone,62,56,16,8,1
N20001426,NI data zone,24,52,49,34,2
N20001429,NI data zone,39,60,72,45,5
N20001430,NI data zone,33,36,42,31,10
N20001431,NI data zone,17,42,49,41,20
N20001432,NI data zone,23,39,44,24,2
N20001433,NI data zone,26,41,61,56,4
N20001434,NI data zone,27,54,53,42,18
N20001435,NI data zone,27,41,46,29,4
N20001437,NI data zone,26,60,63,36,10
N20001438,NI data zone,28,37,40,44,3
N20001439,NI data zone,92,82,53,29,2
N20001440,NI data zone,31,46,59,39,7
N20001441,NI data zone,65,91,48,25,2
N20001442,NI data zone,45,58,55,27,2
N20001443,NI data zone,44,43,57,30,3
N20001444,NI data zone,37,68,92,53,19
N20001445,NI data zone,43,56,46,30,0
N20002252,NI data zone,98,77,66,30,4
N20002253,NI data zone,74,54,23,6,1
N20002254,NI data zone,112,82,32,4,0
N20002255,NI data zone,42,44,32,14,2
N20002256,NI data zone,99,66,28,6,0
N20002257,NI data zone,154,64,34,10,1
N20002258,NI data zone,98,81,52,18,1
N20002259,NI data zone,89,68,20,0,0
N20002260,NI data zone,115,71,26,10,2
N20002261,NI data zone,95,50,16,2,0
N20002262,NI data zone,110,61,29,1,0
N20002263,NI data zone,134,53,28,12,1
N20002264,NI data zone,91,82,36,3,0
N20002265,NI data zone,56,39,37,9,0
N20002266,NI data zone,114,64,12,1,0
N20002267,NI data zone,47,63,40,13,1
N20002268,NI data zone,178,143,55,5,0
N20002269,NI data zone,158,81,53,14,1
N20002270,NI data zone,62,36,16,14,2
N20002271,NI data zone,124,33,5,1,0
N20002272,NI data zone,172,51,14,2,0
N20002273,NI data zone,112,66,14,2,0
N20002274,NI data zone,120,78,20,3,0
N20002275,NI data zone,162,43,9,0,0
N20002276,NI data zone,82,55,36,5,1
N20002277,NI data zone,131,69,27,11,0
N20002278,NI data zone,88,49,24,9,0
N20002279,NI data zone,65,56,13,3,0
N20002280,NI data zone,103,59,11,1,0
N20002281,NI data zone,184,75,23,2,0
N20002282,NI data zone,82,71,42,12,2
N20002283,NI data zone,61,44,27,3,1
N20002284,NI data zone,155,93,37,1,1
N20002285,NI data zone,113,71,27,3,0
N20002286,NI data zone,61,45,29,2,0
N20002305,NI data zone,163,26,9,1,0
N20002307,NI data zone,74,38,8,2,0
N20002326,NI data zone,95,70,25,2,1
N20002330,NI data zone,110,85,33,6,0
N20002331,NI data zone,26,45,36,13,0
N20002333,NI data zone,73,50,13,2,0
N20002337,NI data zone,94,60,30,5,0
N20002338,NI data zone,46,55,12,3,0
N20002339,NI data zone,80,70,19,6,0
N20002340,NI data zone,26,38,43,15,1
N20002343,NI data zone,63,59,25,2,0
N20002345,NI data zone,40,49,48,37,7
N20002346,NI data zone,58,59,27,4,0
N20002347,NI data zone,61,82,67,23,2
N20002348,NI data zone,75,53,39,8,2
N20002350,NI data zone,91,88,31,5,0
N20002352,NI data zone,65,97,83,9,1
N20002353,NI data zone,145,68,34,12,0
N20002354,NI data zone,41,51,38,20,7
N20002355,NI data zone,60,71,58,17,0
N20002356,NI data zone,76,75,56,18,1
N20002357,NI data zone,67,57,26,12,1
N20002358,NI data zone,114,34,12,0,0
N20002359,NI data zone,27,26,37,18,2
N20002360,NI data zone,90,67,28,5,0
N20002361,NI data zone,41,53,42,13,1
N20002362,NI data zone,73,102,73,35,7
N20002363,NI data zone,70,85,65,17,0
N20002365,NI data zone,25,48,34,22,4
N20002366,NI data zone,87,81,42,14,2
N20002367,NI data zone,61,62,49,13,6
N20002368,NI data zone,51,61,70,44,10
N20002369,NI data zone,69,57,22,7,1
N20002370,NI data zone,43,73,47,11,0
N20002371,NI data zone,30,69,61,40,8
N20002372,NI data zone,125,82,42,3,0
N20002373,NI data zone,79,88,101,68,16
N20002374,NI data zone,59,76,55,39,5
N20002375,NI data zone,52,43,42,14,0
N20002376,NI data zone,36,47,56,31,3
N20002377,NI data zone,141,79,21,16,0
N20002378,NI data zone,72,61,27,2,0
N20002379,NI data zone,94,113,93,39,23
N20002380,NI data zone,49,75,56,27,2
N20002381,NI data zone,80,59,32,13,2
N20002382,NI data zone,78,102,53,26,2
N20002383,NI data zone,101,88,80,43,1
N20002384,NI data zone,61,68,57,12,2
N20002385,NI data zone,139,81,26,1,0
N20002386,NI data zone,110,94,46,17,0
N20002387,NI data zone,141,71,59,14,3
N20002388,NI data zone,43,88,80,25,2
N20002389,NI data zone,131,57,28,2,0
N20002390,NI data zone,108,93,38,7,0
N20002391,NI data zone,53,37,13,4,0
N20002392,NI data zone,208,60,11,3,0
N20002393,NI data zone,109,84,38,3,0
N20002394,NI data zone,76,60,64,28,4
N20002395,NI data zone,135,27,5,0,0
N20002396,NI data zone,79,60,20,1,0
N20002397,NI data zone,104,81,39,12,1
N20002398,NI data zone,88,41,29,6,0
N20002399,NI data zone,149,96,17,1,0
N20002400,NI data zone,42,37,26,4,0
N20002401,NI data zone,79,41,26,11,1
N20002402,NI data zone,84,50,37,8,0
N20002403,NI data zone,111,71,17,4,1
N20002404,NI data zone,130,74,26,4,0
N20002405,NI data zone,84,74,40,2,0
N20002406,NI data zone,125,71,22,0,0
N20002407,NI data zone,32,38,30,8,0
N20002408,NI data zone,106,97,37,3,0
N20002409,NI data zone,51,66,56,20,3
N20002410,NI data zone,85,68,17,0,0
N20002411,NI data zone,133,73,47,27,2
N20002412,NI data zone,90,52,26,9,2
N20002413,NI data zone,61,52,21,2,0
N20002414,NI data zone,96,88,46,14,3
N20002415,NI data zone,47,81,56,8,1
N20002416,NI data zone,81,74,27,5,0
N20002417,NI data zone,100,69,11,1,0
N20002418,NI data zone,69,81,38,16,1
N20002419,NI data zone,59,56,22,3,1
N20002420,NI data zone,66,80,61,23,5
N20002421,NI data zone,38,78,56,28,0
N20002422,NI data zone,49,57,40,15,4
N20002423,NI data zone,56,69,60,34,5
N20002424,NI data zone,131,64,17,1,0
N20002425,NI data zone,137,69,15,9,3
N20002426,NI data zone,125,52,8,1,0
N20002427,NI data zone,111,66,33,8,0
N20002428,NI data zone,33,41,22,6,0
N20002429,NI data zone,53,79,52,15,1
N20002430,NI data zone,81,54,24,1,0
N20002431,NI data zone,42,68,46,10,1
N20002432,NI data zone,56,73,98,46,0
N20002433,NI data zone,87,42,14,1,0
N20002434,NI data zone,40,41,20,13,5
N20002435,NI data zone,162,86,38,6,0
N20002436,NI data zone,117,57,15,4,0
N20002437,NI data zone,166,71,20,1,0
N20002438,NI data zone,88,64,31,2,0
N20002439,NI data zone,150,92,30,5,0
N20002440,NI data zone,118,81,41,17,2
N20002441,NI data zone,160,61,14,4,0
N20002442,NI data zone,104,59,23,5,0
N20002443,NI data zone,102,42,16,0,0
N20002444,NI data zone,115,63,20,2,1
N20002445,NI data zone,110,81,21,1,1
N20002446,NI data zone,109,70,42,3,0
N20002447,NI data zone,125,60,32,5,0
N20002448,NI data zone,102,59,35,4,0
N20002449,NI data zone,114,70,20,5,0
N20002450,NI data zone,97,65,19,3,0
N20002451,NI data zone,96,82,40,9,1
N20002452,NI data zone,90,65,24,2,0
N20002453,NI data zone,78,64,25,3,0
N20002454,NI data zone,117,69,40,14,2
N20002455,NI data zone,63,49,27,9,0
N20002456,NI data zone,153,80,46,6,0
N20002457,NI data zone,138,64,28,3,0
N20002458,NI data zone,136,63,15,1,0
N20002459,NI data zone,102,78,34,3,0
N20002460,NI data zone,69,32,22,6,0
N20002461,NI data zone,199,113,40,8,1
N20002462,NI data zone,89,62,43,12,1
N20002463,NI data zone,102,66,17,4,0
N20002464,NI data zone,91,73,19,5,0
N20002465,NI data zone,100,55,14,5,0
N20002466,NI data zone,49,40,14,4,0
N20002467,NI data zone,153,88,26,1,0
N20002468,NI data zone,126,81,23,8,0
N20002469,NI data zone,74,49,14,1,0
N20002470,NI data zone,156,77,24,2,0
N20002471,NI data zone,102,67,19,2,2
N20002472,NI data zone,89,62,25,3,0
N20002473,NI data zone,79,79,28,7,0
N20002474,NI data zone,186,68,13,3,0
N20002475,NI data zone,109,75,19,2,0
N20002476,NI data zone,174,70,12,1,0
N20002477,NI data zone,119,67,11,2,0
N20002478,NI data zone,162,70,15,0,0
N20002479,NI data zone,63,51,16,0,0
N20002480,NI data zone,162,31,8,0,0
N20002481,NI data zone,109,84,52,21,1
N20002482,NI data zone,166,49,12,0,0
N20002483,NI data zone,182,72,30,3,0
N20002484,NI data zone,132,82,41,20,0
N20002485,NI data zone,77,59,21,3,0
N20002486,NI data zone,46,44,18,4,0
N20002487,NI data zone,142,72,23,3,0
N20002488,NI data zone,141,56,20,3,0
N20002489,NI data zone,69,44,27,2,0
N20002490,NI data zone,109,93,46,5,0
N20002491,NI data zone,122,73,33,3,1
N20002492,NI data zone,53,44,36,21,1
N20002493,NI data zone,31,46,44,35,1
N20002494,NI data zone,115,54,17,1,0
N20002495,NI data zone,146,65,18,4,0
N20002496,NI data zone,145,88,33,5,1
N20002497,NI data zone,104,63,23,5,0
N20002498,NI data zone,69,51,22,3,0
N20002499,NI data zone,128,77,31,2,0
N20002500,NI data zone,158,106,35,5,0
N20002501,NI data zone,95,73,21,8,0
N20002502,NI data zone,79,58,33,0,0
N20002503,NI data zone,125,74,25,3,0
N20002504,NI data zone,59,46,21,9,2
N20002505,NI data zone,120,36,5,0,0
N20002506,NI data zone,57,50,30,5,0
N20002507,NI data zone,29,33,35,25,3
N20002508,NI data zone,101,97,56,22,4
N20002509,NI data zone,170,44,9,0,0
N20002510,NI data zone,59,62,51,14,0
N20002511,NI data zone,60,75,59,29,6
N20002512,NI data zone,61,85,67,21,3
N20002513,NI data zone,45,73,37,13,3
N20002514,NI data zone,85,92,54,20,0
N20002515,NI data zone,103,71,29,1,0
N20002516,NI data zone,124,97,35,6,0
N20002517,NI data zone,36,47,29,8,3
N20002518,NI data zone,115,53,13,4,0
N20002519,NI data zone,77,25,22,1,0
N20002520,NI data zone,80,68,32,5,0
N20002521,NI data zone,57,109,47,27,2
N20002522,NI data zone,49,67,45,18,2
N20002523,NI data zone,41,59,42,33,5
N20002524,NI data zone,112,81,40,12,0
N20002525,NI data zone,73,56,40,9,3
N20002526,NI data zone,178,44,11,2,0
N20002527,NI data zone,70,86,61,46,10
N20002528,NI data zone,106,32,1,0,0
N20002529,NI data zone,40,48,55,23,6
N20002530,NI data zone,60,66,64,29,1
N20002531,NI data zone,78,69,30,1,0
N20002532,NI data zone,111,57,27,2,0
N20002533,NI data zone,30,42,49,16,1
N20002534,NI data zone,88,78,38,16,4
N20002535,NI data zone,68,46,15,0,0
N20002536,NI data zone,127,77,38,3,0
N20002537,NI data zone,56,65,29,4,0
N20002538,NI data zone,144,21,12,1,0
N20002539,NI data zone,127,38,5,1,1
N20002540,NI data zone,81,62,23,6,0
N20002541,NI data zone,83,66,21,7,0
N20002542,NI data zone,71,72,23,1,0
N20002543,NI data zone,47,33,33,8,0
N20002544,NI data zone,67,48,46,13,4
N20002545,NI data zone,105,73,37,5,0
N20002546,NI data zone,141,75,25,2,0
N20002547,NI data zone,86,75,32,4,0
N20003208,NI data zone,69,55,19,4,0
N20003209,NI data zone,89,70,27,1,1
N20003210,NI data zone,71,56,28,9,0
N20003211,NI data zone,85,57,35,7,1
N20003213,NI data zone,137,76,59,8,0
N20003214,NI data zone,136,80,57,14,0
N20003215,NI data zone,97,79,43,23,3
N20003216,NI data zone,100,72,36,9,0
N20003217,NI data zone,80,64,44,17,1
N20003218,NI data zone,114,57,29,8,0
N20003219,NI data zone,72,41,36,7,0
N20003220,NI data zone,97,71,39,13,2
N20003221,NI data zone,133,102,42,19,1
N20003222,NI data zone,91,51,23,6,1
N20003223,NI data zone,92,51,23,7,0
N20003225,NI data zone,97,75,45,7,0
N20003226,NI data zone,110,76,48,10,1
N20003227,NI data zone,135,53,38,5,1
N20003229,NI data zone,86,60,27,4,0
N20003230,NI data zone,111,61,41,12,0
N20003231,NI data zone,100,77,39,14,2
N20003232,NI data zone,54,38,21,10,1
N20003234,NI data zone,126,52,29,5,0
N20003235,NI data zone,98,75,33,4,0
N20003236,NI data zone,123,79,46,5,0
N20003237,NI data zone,101,75,22,1,0
N20003238,NI data zone,98,60,25,8,0
N20003239,NI data zone,96,73,50,14,0
N20003240,NI data zone,144,89,28,4,0
N20003241,NI data zone,113,64,49,17,0
N20003242,NI data zone,84,67,53,19,2
N20003243,NI data zone,73,81,42,17,1
N20003244,NI data zone,72,68,59,27,3
N20003245,NI data zone,14,28,51,24,1
N20003246,NI data zone,57,65,53,12,1
N20003247,NI data zone,32,41,18,4,0
N20003248,NI data zone,54,60,68,30,2
N20003249,NI data zone,26,42,40,26,3
N20003250,NI data zone,104,80,25,13,0
N20003251,NI data zone,24,23,42,27,11
N20003252,NI data zone,66,61,47,12,1
N20003253,NI data zone,86,80,35,14,3
N20003254,NI data zone,71,60,53,21,1
N20003255,NI data zone,76,77,47,13,2
N20003256,NI data zone,102,56,24,8,0
N20003257,NI data zone,121,92,43,5,0
N20003258,NI data zone,55,46,35,11,1
N20003259,NI data zone,64,85,32,9,0
N20003260,NI data zone,98,53,37,8,0
N20003261,NI data zone,89,76,47,6,0
N20003262,NI data zone,90,82,42,19,1
N20003263,NI data zone,42,68,68,27,1
N20003264,NI data zone,93,50,25,2,0
N20003265,NI data zone,39,60,70,33,1
N20003266,NI data zone,95,100,66,18,2
N20003267,NI data zone,44,55,61,19,4
N20003268,NI data zone,135,70,20,4,0
N20003269,NI data zone,51,65,68,29,5
N20003270,NI data zone,96,93,36,6,0
N20003271,NI data zone,65,81,51,27,2
N20003272,NI data zone,99,66,42,5,0
N20003273,NI data zone,139,75,29,4,2
N20003274,NI data zone,135,93,38,8,2
N20003275,NI data zone,81,62,25,5,0
N20003276,NI data zone,90,69,44,9,0
N20003277,NI data zone,83,71,32,4,0
N20003278,NI data zone,65,80,69,30,5
N20003279,NI data zone,60,76,41,13,1
N20003280,NI data zone,57,54,34,9,0
N20003281,NI data zone,89,78,52,9,2
N20003282,NI data zone,99,90,47,12,0
N20003283,NI data zone,77,54,47,17,1
N20003284,NI data zone,75,66,69,20,7
N20003285,NI data zone,66,50,44,10,0
N20003286,NI data zone,85,46,38,10,0
N20003287,NI data zone,99,71,42,8,3
N20003288,NI data zone,103,71,35,10,0
N20003289,NI data zone,81,63,49,12,0
N20003290,NI data zone,79,70,39,11,0
N20003291,NI data zone,87,65,37,8,0
N20003292,NI data zone,111,85,46,9,0
N20003293,NI data zone,133,68,45,13,1
N20003294,NI data zone,85,50,41,9,0
N20003295,NI data zone,93,75,33,6,0
N20003296,NI data zone,61,46,37,12,2
N20003297,NI data zone,123,72,42,8,0
N20003298,NI data zone,69,65,32,7,1
N20003299,NI data zone,87,91,51,16,0
N20003300,NI data zone,109,102,43,13,1
N20003301,NI data zone,73,74,88,34,5
N20003302,NI data zone,56,70,94,47,5
N20003303,NI data zone,40,52,56,25,8
N20003304,NI data zone,81,110,78,44,6
N20003305,NI data zone,37,50,51,12,3
N20003306,NI data zone,74,64,55,13,0
N20003307,NI data zone,52,64,39,5,0
N20003308,NI data zone,88,58,32,14,2
N20003309,NI data zone,87,60,37,8,0
N20003310,NI data zone,92,57,43,6,0
N20003311,NI data zone,112,88,37,7,0
N20003312,NI data zone,77,56,21,1,2
N20003313,NI data zone,100,70,29,4,0
N20003314,NI data zone,73,49,13,2,0
N20003315,NI data zone,114,70,49,17,1
N20003316,NI data zone,70,49,10,3,0
N20003317,NI data zone,134,105,48,9,0
N20003318,NI data zone,93,85,78,22,5
N20003319,NI data zone,155,112,40,8,0
N20003320,NI data zone,64,63,25,6,0
N20003321,NI data zone,113,85,39,8,0
N20003322,NI data zone,66,61,26,6,0
N20003323,NI data zone,71,59,31,11,0
N20003324,NI data zone,124,107,48,13,1
N20003325,NI data zone,67,52,26,4,1
N20003326,NI data zone,72,77,33,13,0
N20003327,NI data zone,104,72,42,10,1
N20003328,NI data zone,119,92,53,8,1
N20003329,NI data zone,104,48,39,19,0
N20003330,NI data zone,92,83,39,12,1
N20003331,NI data zone,101,65,40,10,1
N20003332,NI data zone,90,56,27,6,0
N20003333,NI data zone,65,58,36,9,1
N20003334,NI data zone,76,33,15,4,0
N20003335,NI data zone,104,112,74,20,5
N20003336,NI data zone,113,89,48,18,1
N20003337,NI data zone,96,76,46,7,0
N20003338,NI data zone,141,74,39,9,2
N20003339,NI data zone,32,59,60,14,4
N20003340,NI data zone,121,77,42,19,4
N20003341,NI data zone,111,83,65,27,3
N20003342,NI data zone,111,86,41,37,2
N20003343,NI data zone,74,66,47,26,11
N20003344,NI data zone,77,49,21,9,0
N20003345,NI data zone,70,52,29,14,2
N20003346,NI data zone,42,34,42,20,1
N20003347,NI data zone,88,63,36,4,0
N20003348,NI data zone,98,47,15,4,0
N20003349,NI data zone,194,102,32,5,0
N20003350,NI data zone,109,88,59,8,1
N20003351,NI data zone,82,51,17,1,0
N20003352,NI data zone,101,67,23,6,0
N20003353,NI data zone,79,70,32,18,1
N20003354,NI data zone,93,61,23,3,0
N20003355,NI data zone,140,62,16,3,0
N20003356,NI data zone,95,62,16,3,0
N20003357,NI data zone,102,65,28,10,0
N20003358,NI data zone,137,73,45,9,0
N20003359,NI data zone,108,74,25,7,0
N20003360,NI data zone,73,44,19,2,0
N20003361,NI data zone,77,56,25,4,0
N20003362,NI data zone,70,55,20,9,0
N20003363,NI data zone,70,52,22,5,0
N20003364,NI data zone,41,46,43,22,8
N20003365,NI data zone,101,63,35,12,1
N20003366,NI data zone,105,71,31,3,0
N20003367,NI data zone,47,44,18,4,0
N20003368,NI data zone,62,60,52,16,3
N20003369,NI data zone,57,68,71,41,5
N20003370,NI data zone,132,79,28,5,0
N20003371,NI data zone,104,102,41,7,0
N20003372,NI data zone,41,44,42,12,2
N20003373,NI data zone,115,59,21,1,0
N20003374,NI data zone,51,57,42,12,2
N20003375,NI data zone,77,76,45,13,3
N20003376,NI data zone,59,51,38,9,3
N20003377,NI data zone,59,51,48,15,2
N20003378,NI data zone,63,65,68,30,4
N20003379,NI data zone,50,55,58,30,5
N20003380,NI data zone,67,78,76,37,10
N20003381,NI data zone,81,67,43,8,0
N20003382,NI data zone,56,53,43,9,0
N20003383,NI data zone,88,61,37,7,1
N20003384,NI data zone,83,85,45,18,2
N20003385,NI data zone,76,86,30,2,0
N20003386,NI data zone,74,67,25,4,0
N20003387,NI data zone,118,82,22,8,0
N20003388,NI data zone,101,70,59,18,3
N20003389,NI data zone,64,61,31,11,0
N20003390,NI data zone,95,32,11,2,0
N20003391,NI data zone,116,97,52,8,0
N20003392,NI data zone,127,79,24,5,0
N20003393,NI data zone,102,83,32,7,0
N20003394,NI data zone,100,81,33,6,0
N20003395,NI data zone,99,89,44,12,0
N20003396,NI data zone,112,88,33,12,0
N20003397,NI data zone,108,94,44,4,0
N20003398,NI data zone,95,31,27,12,1
N20003399,NI data zone,131,74,31,2,0
N20003400,NI data zone,94,53,26,4,0
N20003401,NI data zone,82,51,48,13,5
N20003402,NI data zone,89,47,19,5,0
N20003403,NI data zone,41,62,41,15,2
N20003404,NI data zone,44,47,31,23,5
N20003405,NI data zone,94,81,37,8,0
N20003406,NI data zone,41,63,59,28,5
N20003407,NI data zone,38,58,43,18,8
N20003408,NI data zone,29,54,55,32,6
N20003409,NI data zone,92,72,37,11,1
N20003410,NI data zone,61,71,56,26,3
N20003411,NI data zone,141,75,29,10,0
N20003412,NI data zone,85,63,15,4,0
N20003413,NI data zone,60,76,52,28,1
N20003414,NI data zone,103,92,51,9,1
N20003415,NI data zone,31,34,19,5,2
N20003416,NI data zone,24,65,78,51,12
N20003417,NI data zone,61,68,49,41,6
N20003418,NI data zone,69,70,28,6,0
N20003419,NI data zone,60,85,89,57,11
N20003420,NI data zone,92,108,72,35,3
N20003421,NI data zone,110,79,51,13,0
N20003422,NI data zone,75,68,36,15,2
N20003423,NI data zone,79,83,36,11,2
N20003424,NI data zone,76,68,35,7,1
N20003425,NI data zone,39,54,42,19,1
N20003426,NI data zone,35,52,46,20,2
N20003427,NI data zone,55,50,26,11,0
N20003428,NI data zone,78,84,48,25,1
N20003429,NI data zone,96,97,50,12,2
N20003430,NI data zone,62,53,45,29,2
N20003431,NI data zone,74,56,50,14,1
N20003432,NI data zone,43,44,19,4,0
N20003433,NI data zone,78,73,24,6,0
N20003434,NI data zone,55,68,24,4,0
N20003435,NI data zone,79,54,24,1,0
N20003436,NI data zone,85,99,65,21,1
N20003437,NI data zone,96,67,36,5,0
N20003438,NI data zone,73,81,42,7,1
N20003439,NI data zone,56,58,25,0,0
N20003440,NI data zone,42,65,77,29,2
N20003441,NI data zone,37,44,68,14,1
N20003442,NI data zone,63,65,25,2,0
N20003443,NI data zone,115,85,38,9,0
N20003444,NI data zone,49,61,45,23,2
N20003445,NI data zone,31,58,68,20,2
N20003446,NI data zone,54,66,31,15,2
N20003447,NI data zone,72,41,18,8,0
N20003448,NI data zone,169,103,41,6,0
N20003449,NI data zone,54,45,26,17,3
N20003450,NI data zone,54,65,67,33,2
N20003451,NI data zone,112,73,24,6,0
N20003452,NI data zone,99,80,22,1,0
N20003453,NI data zone,101,60,16,0,0
N20003454,NI data zone,104,59,8,1,0
N20003455,NI data zone,102,36,5,0,0
N20003456,NI data zone,101,66,27,9,0
N20003457,NI data zone,102,58,35,7,0
N20003458,NI data zone,65,42,22,2,0
N20003459,NI data zone,66,62,23,7,0
N20003460,NI data zone,89,56,25,6,0
N20003461,NI data zone,61,44,22,5,0
N20003462,NI data zone,79,32,12,0,0
N20003463,NI data zone,127,110,58,4,0
N20003464,NI data zone,71,47,8,1,1
N20003465,NI data zone,59,88,74,27,3
N20003466,NI data zone,112,70,27,4,0
N20003467,NI data zone,189,115,28,4,0
N20003468,NI data zone,149,53,23,4,1
N20003469,NI data zone,158,116,17,4,0
N20003470,NI data zone,126,68,18,9,0
N20003471,NI data zone,116,90,35,9,0
N20003472,NI data zone,68,59,38,9,3
N20003473,NI data zone,127,78,27,3,0
N20003474,NI data zone,128,104,18,0,0
N20003475,NI data zone,114,79,35,1,0
N20003476,NI data zone,131,71,27,2,0
N20003477,NI data zone,105,58,13,1,0
N20003478,NI data zone,121,67,16,1,0
N20003479,NI data zone,55,62,16,3,0
N20003480,NI data zone,103,67,22,2,0
N20003481,NI data zone,54,63,21,3,0
N20003482,NI data zone,136,57,20,2,0
N20003483,NI data zone,98,75,24,2,0
N20003484,NI data zone,112,61,30,2,0
N20003485,NI data zone,38,43,36,8,1
N20003486,NI data zone,57,54,52,13,0
N20003487,NI data zone,94,113,43,11,0
N20003488,NI data zone,121,83,34,6,0
N20003489,NI data zone,119,39,18,2,0
N20003490,NI data zone,84,80,41,7,0
N20003491,NI data zone,118,83,39,5,0
N20003492,NI data zone,109,120,36,5,0
N20003493,NI data zone,75,96,68,14,0
N20003494,NI data zone,101,89,27,2,0
N20003495,NI data zone,59,75,48,19,9
N20003496,NI data zone,120,100,32,2,0
N20003497,NI data zone,56,51,40,7,1
N20003498,NI data zone,70,51,31,3,0
N20003499,NI data zone,31,56,59,28,3
N20003500,NI data zone,40,55,28,14,0
N20003501,NI data zone,78,67,34,4,1
N20003502,NI data zone,128,102,72,10,0
N20003503,NI data zone,67,72,48,47,4
N20003504,NI data zone,89,108,80,21,4
N20003505,NI data zone,92,110,64,23,2
N20003506,NI data zone,80,89,100,46,7
N20003507,NI data zone,83,56,20,3,0
N20003508,NI data zone,97,82,15,1,0
N20003509,NI data zone,58,78,60,23,7
N20003510,NI data zone,14,28,44,28,5
N20003511,NI data zone,60,62,23,9,0
N20003512,NI data zone,32,64,41,29,5
N20003513,NI data zone,37,35,49,21,3
N20003514,NI data zone,79,114,53,8,0
N20003515,NI data zone,41,78,55,27,1
N20003516,NI data zone,50,68,42,26,6
N20003517,NI data zone,30,41,40,13,7
N20003518,NI data zone,53,79,68,16,1
N20003519,NI data zone,73,57,27,11,0
N20003520,NI data zone,32,70,63,40,6
N20003521,NI data zone,56,85,87,62,6
N20003522,NI data zone,50,65,34,5,1
N20003523,NI data zone,117,74,32,3,1
N20003524,NI data zone,50,56,36,15,1
N20003525,NI data zone,72,58,15,1,0
N20003526,NI data zone,37,61,55,27,8
N20003527,NI data zone,29,45,61,33,5
N20003528,NI data zone,105,62,12,1,0
N20003529,NI data zone,56,59,47,11,4
N20003530,NI data zone,67,41,16,1,0
N20003531,NI data zone,15,59,65,46,4
N20003532,NI data zone,57,84,60,35,7
N20003533,NI data zone,42,76,83,29,6
N20003534,NI data zone,46,72,47,22,2
N20003535,NI data zone,120,87,24,3,1
N20003536,NI data zone,126,90,45,3,0
N20003537,NI data zone,147,69,19,1,0
N20003538,NI data zone,128,57,26,5,0
N20003539,NI data zone,89,53,14,2,0
N20003540,NI data zone,86,63,14,1,0
N20003541,NI data zone,67,52,19,2,0
N20003542,NI data zone,106,69,18,1,0
N20003543,NI data zone,64,88,35,12,1
N20003544,NI data zone,84,37,19,1,1
N20003545,NI data zone,101,76,18,1,0
N20003546,NI data zone,103,98,40,16,4
N20003547,NI data zone,149,102,23,10,3
N20003548,NI data zone,138,88,16,1,0
N20003549,NI data zone,155,59,19,3,0
N20003550,NI data zone,146,94,19,6,0
N20003551,NI data zone,104,68,16,0,0
N20003552,NI data zone,51,70,53,28,8
N20003553,NI data zone,186,93,28,4,0
N20003554,NI data zone,245,121,30,5,0
N20003555,NI data zone,109,66,34,7,1
N20003556,NI data zone,114,62,21,1,0
N20003557,NI data zone,96,22,5,0,0
N20003558,NI data zone,71,63,54,25,7
N20003559,NI data zone,116,57,27,5,0
N20003560,NI data zone,87,38,6,1,0
N20003561,NI data zone,133,79,28,4,0
N20003562,NI data zone,150,93,14,2,0
N20003563,NI data zone,54,65,65,8,1
N20003564,NI data zone,80,59,21,4,3
N20003565,NI data zone,109,39,13,0,0
N20003566,NI data zone,103,46,14,2,0
N20003567,NI data zone,122,85,12,2,0
N20003568,NI data zone,139,70,25,6,1
N20003569,NI data zone,189,102,35,8,1
N20003570,NI data zone,26,45,41,26,3
N20003571,NI data zone,67,65,51,26,2
N20003572,NI data zone,62,83,56,19,8
N20003573,NI data zone,62,67,55,22,3
N20003574,NI data zone,69,54,41,28,3
N20003575,NI data zone,93,39,8,0,0
N20003576,NI data zone,97,53,29,4,0
N20003577,NI data zone,61,64,53,16,6
N20003578,NI data zone,156,96,15,0,0
N20003579,NI data zone,73,55,16,19,5
N20003580,NI data zone,104,80,27,2,0
N20003581,NI data zone,147,79,17,3,0
N20003582,NI data zone,78,70,44,7,0
N20003583,NI data zone,84,54,18,6,1
N20003584,NI data zone,92,88,40,5,2
N20003585,NI data zone,91,80,29,1,0
N20003586,NI data zone,121,103,87,22,8
N20003587,NI data zone,65,94,29,4,0
N20003588,NI data zone,91,61,36,5,0
N20003589,NI data zone,83,101,40,8,1
N20003590,NI data zone,82,41,16,0,0
N20003591,NI data zone,57,35,10,0,0
N20003592,NI data zone,95,68,54,13,1
N20003593,NI data zone,36,65,45,16,1
N20003594,NI data zone,109,71,38,8,1
N20003595,NI data zone,130,86,32,4,0
N20003596,NI data zone,93,75,40,10,2
N20003597,NI data zone,77,39,15,4,0
N20003598,NI data zone,61,67,22,1,0
N20003599,NI data zone,110,94,66,17,2
N20003600,NI data zone,80,67,17,4,0
N20003601,NI data zone,71,37,22,6,0
N20003602,NI data zone,69,67,32,8,1
N20003603,NI data zone,92,67,41,15,0
N20003604,NI data zone,55,67,21,3,0
N20003605,NI data zone,129,120,60,14,2
N20003606,NI data zone,39,50,27,20,5
N20003607,NI data zone,61,54,38,15,0
N20003608,NI data zone,19,35,52,36,19
N20003609,NI data zone,39,71,59,31,4
N20003610,NI data zone,36,28,34,20,6
N20003611,NI data zone,63,59,31,6,0
N20003612,NI data zone,71,52,32,14,0
N20003613,NI data zone,64,62,33,7,0
N20003614,NI data zone,68,87,34,6,0
N20003615,NI data zone,132,104,57,6,0
N20003616,NI data zone,63,87,94,37,3
N20003617,NI data zone,53,56,55,23,4
N20003618,NI data zone,55,62,45,13,1
N20003619,NI data zone,180,85,39,7,0
N20003620,NI data zone,143,98,56,13,0
N20003621,NI data zone,98,60,16,1,0
N20003622,NI data zone,127,47,17,1,0
N20003623,NI data zone,149,60,20,1,0
N20003624,NI data zone,147,99,54,14,2
N20003625,NI data zone,99,87,29,4,0
N20003626,NI data zone,100,68,28,1,0
N20003627,NI data zone,119,67,19,1,0
N20003628,NI data zone,141,70,33,6,0
N20003629,NI data zone,116,77,26,3,1
N20003630,NI data zone,116,67,16,2,0
N20003631,NI data zone,70,72,28,11,2
N20003632,NI data zone,106,93,50,27,4
N20003633,NI data zone,9,29,46,59,8
N20003634,NI data zone,104,74,27,1,0
N20003635,NI data zone,100,72,36,7,1
N20003636,NI data zone,78,38,23,3,1
N20003637,NI data zone,109,64,31,4,0
N20003638,NI data zone,103,48,22,10,0
N20003639,NI data zone,100,78,21,4,0
N20003640,NI data zone,30,53,56,22,8
N20003641,NI data zone,71,44,25,8,0
N20003642,NI data zone,85,65,38,10,1
N20003643,NI data zone,42,47,36,3,0
N20003644,NI data zone,89,100,79,28,2
N20003645,NI data zone,152,79,27,5,0
N20003646,NI data zone,96,81,33,4,0
N20003647,NI data zone,126,78,31,2,0
N20003648,NI data zone,77,76,52,5,0
N20003649,NI data zone,96,94,34,5,1
N20003650,NI data zone,158,139,58,5,0
N20003651,NI data zone,55,61,55,24,9
N20003652,NI data zone,122,78,23,4,0
N20003653,NI data zone,42,66,84,21,10
N20003654,NI data zone,49,77,70,57,10
N20003655,NI data zone,112,63,36,8,0
N20003656,NI data zone,59,83,35,14,2
N20003657,NI data zone,41,50,46,25,1
N20003658,NI data zone,72,68,23,1,0
N20003659,NI data zone,50,68,59,32,0
N20003660,NI data zone,33,53,51,26,8
N20003661,NI data zone,74,62,57,8,0
N20003662,NI data zone,23,43,55,48,16
N20003663,NI data zone,59,54,52,33,0
N20003664,NI data zone,91,72,45,22,1
N20003665,NI data zone,36,36,32,17,2
N20003666,NI data zone,27,59,82,46,4
N20003667,NI data zone,99,77,29,8,1
N20003668,NI data zone,66,62,56,31,3
N20003669,NI data zone,102,87,33,9,0
N20003670,NI data zone,100,49,39,14,0
N20003671,NI data zone,91,50,26,13,1
N20003672,NI data zone,70,39,10,3,0
N20003673,NI data zone,174,65,29,2,0
N20003674,NI data zone,55,40,15,1,0
N20003675,NI data zone,143,28,13,1,0
N20003676,NI data zone,145,62,13,3,0
N20003677,NI data zone,42,66,55,17,1
N20003678,NI data zone,126,52,10,2,0
N20003679,NI data zone,39,65,32,4,1
N20003680,NI data zone,97,113,39,7,1
N20003681,NI data zone,84,57,15,2,0
N20003682,NI data zone,51,67,63,21,4
N20003683,NI data zone,59,57,25,6,0
N20003684,NI data zone,103,93,22,2,1
N20003685,NI data zone,100,68,22,6,0
N20003686,NI data zone,76,52,15,5,0
N20003687,NI data zone,79,68,24,2,0
N20003688,NI data zone,91,50,10,1,0
N20003689,NI data zone,66,62,20,5,0
N20003690,NI data zone,69,47,25,1,0
N20003691,NI data zone,74,68,36,7,0
N20003692,NI data zone,14,47,26,20,1
N20003693,NI data zone,106,69,10,0,0
N20003694,NI data zone,67,75,34,2,0
N20003695,NI data zone,109,87,20,1,0
N20003696,NI data zone,94,105,36,3,0
N20003697,NI data zone,116,81,14,0,0
N20003698,NI data zone,113,104,41,7,0
N20003699,NI data zone,78,68,35,14,2
N20003700,NI data zone,158,76,26,2,0
N20003701,NI data zone,103,68,27,4,0
N20003702,NI data zone,60,57,17,3,0
N20003703,NI data zone,68,45,34,7,0
N20003704,NI data zone,118,91,20,1,0
N20003705,NI data zone,91,55,23,4,0
N20003706,NI data zone,77,58,19,1,0
N20003707,NI data zone,82,74,43,11,5
N20003708,NI data zone,124,85,33,9,0
N20003709,NI data zone,110,76,41,11,0
N20003710,NI data zone,40,46,19,3,0
N20003711,NI data zone,34,50,39,24,2
N20003712,NI data zone,108,114,36,9,1
N20003713,NI data zone,55,47,36,10,0
N20003714,NI data zone,130,70,20,1,0
N20003715,NI data zone,57,74,34,11,0
N20003716,NI data zone,98,79,27,12,0
N20003717,NI data zone,86,42,5,0,0
N20003718,NI data zone,69,82,57,22,4
N20003719,NI data zone,130,100,22,2,0
N20003720,NI data zone,39,70,47,42,8
N20003721,NI data zone,74,71,20,6,1
N20003722,NI data zone,92,85,30,1,0
N20003723,NI data zone,31,51,52,31,4
N20003724,NI data zone,46,63,31,6,0
N20003725,NI data zone,98,87,48,15,4
N20003726,NI data zone,57,56,21,2,0
N20003727,NI data zone,56,66,34,7,0
N20003728,NI data zone,118,68,30,4,0
N20003729,NI data zone,133,55,17,1,0
N20003730,NI data zone,62,50,24,3,0
N20003731,NI data zone,71,51,16,0,0
N20003732,NI data zone,69,96,58,28,5
N20003733,NI data zone,86,75,41,10,0
N20003734,NI data zone,104,83,38,13,0
N20003735,NI data zone,53,82,64,44,7
N20003736,NI data zone,54,49,28,4,1
N20003737,NI data zone,57,47,31,13,1
N20003738,NI data zone,105,110,58,6,1
N20003739,NI data zone,175,121,34,8,0
N20003740,NI data zone,88,63,32,4,0
N20003741,NI data zone,57,60,41,16,3
N20003742,NI data zone,53,48,34,14,2
N20003743,NI data zone,126,113,51,7,0
N20003744,NI data zone,62,57,44,7,0
N20003745,NI data zone,67,68,33,5,0
N20003746,NI data zone,88,67,33,7,0
N20003747,NI data zone,82,65,23,6,0
N20003748,NI data zone,61,64,39,4,0
N20003749,NI data zone,64,39,40,16,6
N20003750,NI data zone,44,86,57,26,6
N20003751,NI data zone,48,69,57,18,0
N20003752,NI data zone,59,65,44,8,1
N20003753,NI data zone,74,47,24,19,1
N20003754,NI data zone,66,82,62,16,3
N20003755,NI data zone,79,72,22,8,0
N20003756,NI data zone,66,84,52,29,4
N20003757,NI data zone,105,112,53,12,0
N20003758,NI data zone,115,115,87,11,2
N20003759,NI data zone,55,71,68,15,0
N20003760,NI data zone,69,60,37,9,1
N20003761,NI data zone,107,74,43,8,0
N20003762,NI data zone,61,55,32,5,0
N20003763,NI data zone,85,72,28,10,0
N20003764,NI data zone,37,61,43,11,0
N20003765,NI data zone,28,52,50,22,4
N20003766,NI data zone,95,83,43,17,0
N20003767,NI data zone,48,62,31,8,2
N20003768,NI data zone,55,65,59,19,1
N20003769,NI data zone,84,62,24,6,0
N20003770,NI data zone,67,65,34,11,0
N20003771,NI data zone,118,101,41,5,1
N20003772,NI data zone,78,72,40,22,1
N20003773,NI data zone,111,89,43,12,0
N20003774,NI data zone,73,62,24,2,1
N20003775,NI data zone,73,77,70,18,6
N20003776,NI data zone,59,62,32,9,2
N20003777,NI data zone,46,66,57,24,5
N20003778,NI data zone,54,77,39,15,2
N20003779,NI data zone,64,71,55,32,10
N20003780,NI data zone,76,62,27,6,0
