dz_2021_code,type,very_good,good,fair,bad,very_bad
N20000360,NI data zone,235,96,53,15,3
N20000384,NI data zone,331,210,74,26,9
N20000392,NI data zone,218,155,98,49,16
N20000421,NI data zone,394,210,74,29,5
N20000422,NI data zone,454,216,86,35,5
N20000423,NI data zone,422,212,95,37,12
N20000424,NI data zone,442,217,104,25,6
N20000425,NI data zone,169,100,34,12,3
N20000426,NI data zone,332,151,40,18,8
N20000427,NI data zone,279,171,99,35,8
N20000428,NI data zone,432,248,116,43,15
N20000429,NI data zone,154,135,48,26,6
N20000430,NI data zone,261,128,40,13,12
N20000431,NI data zone,209,129,105,59,18
N20000432,NI data zone,224,153,116,60,23
N20000433,NI data zone,403,217,65,27,7
N20000434,NI data zone,269,194,76,58,16
N20000435,NI data zone,330,239,78,41,11
N20000436,NI data zone,282,140,40,13,5
N20000437,NI data zone,127,112,80,39,7
N20000438,NI data zone,189,121,33,14,5
N20000439,NI data zone,163,113,94,61,25
N20000440,NI data zone,139,134,78,43,12
N20000441,NI data zone,192,123,84,43,6
N20000442,NI data zone,216,127,76,43,9
N20000443,NI data zone,282,137,18,6,0
N20000444,NI data zone,222,145,32,7,2
N20000445,NI data zone,219,153,76,56,18
N20000446,NI data zone,377,211,55,20,4
N20000447,NI data zone,281,182,38,13,4
N20000448,NI data zone,337,151,54,33,7
N20000449,NI data zone,189,117,77,25,6
N20000450,NI data zone,154,83,55,17,4
N20000451,NI data zone,374,235,86,19,8
N20000452,NI data zone,215,129,48,18,12
N20000453,NI data zone,361,162,41,33,4
N20000454,NI data zone,156,82,56,16,11
N20000455,NI data zone,267,130,44,11,6
N20000456,NI data zone,204,127,64,22,6
N20000457,NI data zone,322,180,82,26,8
N20000458,NI data zone,173,143,60,23,5
N20000459,NI data zone,202,115,57,31,12
N20000460,NI data zone,429,202,48,21,6
N20000461,NI data zone,437,167,41,7,4
N20000462,NI data zone,271,141,54,20,3
N20000463,NI data zone,164,140,72,26,12
N20000464,NI data zone,332,133,40,16,2
N20000465,NI data zone,95,74,44,18,10
N20000466,NI data zone,196,138,96,57,17
N20000467,NI data zone,241,165,47,20,11
N20000468,NI data zone,204,137,71,38,9
N20000469,NI data zone,278,184,82,24,5
N20000470,NI data zone,268,145,34,15,4
N20000471,NI data zone,396,162,51,19,3
N20000472,NI data zone,290,148,105,53,14
N20000473,NI data zone,288,115,46,13,4
N20000474,NI data zone,388,219,81,25,11
N20000475,NI data zone,415,168,51,12,2
N20000477,NI data zone,327,140,64,27,8
N20000478,NI data zone,363,169,50,27,9
N20000479,NI data zone,169,108,66,25,14
N20000480,NI data zone,305,119,39,11,4
N20000481,NI data zone,359,177,83,38,4
N20000482,NI data zone,460,198,80,34,5
N20000483,NI data zone,462,169,41,7,3
N20000484,NI data zone,307,158,52,27,7
N20000485,NI data zone,387,132,74,30,10
N20000486,NI data zone,351,163,39,16,5
N20000487,NI data zone,318,138,56,23,5
N20000488,NI data zone,332,135,53,24,2
N20000489,NI data zone,198,152,63,20,9
N20000490,NI data zone,324,192,137,88,44
N20000491,NI data zone,169,122,95,40,11
N20000492,NI data zone,255,159,79,24,11
N20000493,NI data zone,289,185,75,26,17
N20000494,NI data zone,261,127,118,77,30
N20000495,NI data zone,446,145,37,19,5
N20000496,NI data zone,362,199,69,29,11
N20000497,NI data zone,329,110,22,5,1
N20000498,NI data zone,237,121,83,37,13
N20000499,NI data zone,329,160,42,18,7
N20000500,NI data zone,203,103,69,15,8
N20000501,NI data zone,374,148,17,7,2
N20000502,NI data zone,223,139,65,16,6
N20000503,NI data zone,163,101,82,45,16
N20000504,NI data zone,183,99,47,22,6
N20000505,NI data zone,119,90,71,44,18
N20000506,NI data zone,228,141,83,42,8
N20000507,NI data zone,318,208,92,35,8
N20000508,NI data zone,148,128,62,37,12
N20000509,NI data zone,132,98,42,49,13
N20000510,NI data zone,338,183,72,19,6
N20000511,NI data zone,207,145,93,66,25
N20000512,NI data zone,227,151,78,44,13
N20000513,NI data zone,215,120,36,10,0
N20000514,NI data zone,273,133,60,16,5
N20000515,NI data zone,211,164,96,42,13
N20000516,NI data zone,174,129,92,54,25
N20000517,NI data zone,229,129,76,45,16
N20000518,NI data zone,225,135,65,26,8
N20000519,NI data zone,124,89,55,37,10
N20000520,NI data zone,374,193,80,27,3
N20000521,NI data zone,391,176,71,27,10
N20000522,NI data zone,244,138,82,25,9
N20000523,NI data zone,188,151,65,38,5
N20000524,NI data zone,157,115,132,78,37
N20000525,NI data zone,126,106,98,60,20
N20000526,NI data zone,169,105,40,23,4
N20000527,NI data zone,243,157,85,32,10
N20000528,NI data zone,173,116,77,41,10
N20000529,NI data zone,218,147,58,25,10
N20000530,NI data zone,303,135,28,14,3
N20000531,NI data zone,222,116,49,16,6
N20000532,NI data zone,69,57,71,54,10
N20000533,NI data zone,131,114,58,29,5
N20000534,NI data zone,171,118,67,24,10
N20000535,NI data zone,288,133,36,18,5
N20000536,NI data zone,437,210,118,52,35
N20000537,NI data zone,196,184,77,36,4
N20000538,NI data zone,403,160,82,41,3
N20000539,NI data zone,187,120,76,41,9
N20000540,NI data zone,198,126,83,31,15
N20000541,NI data zone,199,126,93,49,19
N20000542,NI data zone,244,136,84,26,5
N20000543,NI data zone,234,129,79,47,19
N20000544,NI data zone,233,152,95,44,16
N20000545,NI data zone,215,147,67,16,5
N20000546,NI data zone,117,94,60,18,8
N20000547,NI data zone,280,156,76,32,5
N20000548,NI data zone,172,172,96,35,14
N20000549,NI data zone,334,201,74,22,7
N20000550,NI data zone,347,116,27,4,0
N20000551,NI data zone,327,169,86,36,6
N20000552,NI data zone,341,173,86,19,5
N20000553,NI data zone,401,197,63,36,14
N20000554,NI data zone,299,129,38,4,7
N20000555,NI data zone,267,156,59,24,6
N20000556,NI data zone,163,104,35,11,7
N20000557,NI data zone,245,119,52,20,4
N20000558,NI data zone,444,187,58,18,8
N20000559,NI data zone,263,130,50,17,2
N20000560,NI data zone,177,105,27,12,2
N20000561,NI data zone,457,225,71,18,4
N20000562,NI data zone,275,114,39,5,2
N20000563,NI data zone,384,188,94,28,7
N20000564,NI data zone,325,157,56,18,4
N20000565,NI data zone,295,163,73,33,10
N20000566,NI data zone,227,150,70,40,11
N20000567,NI data zone,349,184,92,46,13
N20000568,NI data zone,344,142,37,10,4
N20000569,NI data zone,358,191,91,30,14
N20000570,NI data zone,147,129,85,60,12
N20000571,NI data zone,290,202,76,47,7
N20000572,NI data zone,438,203,71,15,5
N20000573,NI data zone,422,212,60,25,8
N20000574,NI data zone,288,218,123,77,21
N20000575,NI data zone,324,167,67,31,5
N20000576,NI data zone,372,180,35,8,3
N20000577,NI data zone,287,143,44,9,5
N20000578,NI data zone,287,191,80,39,6
N20000579,NI data zone,345,167,67,22,7
N20000580,NI data zone,446,209,103,32,6
N20000581,NI data zone,248,114,31,23,5
N20000582,NI data zone,374,177,73,21,5
N20000583,NI data zone,277,139,69,22,10
N20000584,NI data zone,384,195,72,23,10
N20000585,NI data zone,265,115,59,28,12
N20000586,NI data zone,289,163,56,30,8
N20000587,NI data zone,385,233,90,23,15
N20000588,NI data zone,315,145,69,18,9
N20000589,NI data zone,248,120,63,23,3
N20000590,NI data zone,241,128,53,19,13
N20000591,NI data zone,246,123,51,25,7
N20000592,NI data zone,414,160,51,19,11
N20000593,NI data zone,343,162,69,24,11
N20000594,NI data zone,265,99,36,9,2
N20000595,NI data zone,336,153,85,32,9
N20000596,NI data zone,214,139,70,29,4
N20000597,NI data zone,211,98,21,5,2
N20000598,NI data zone,173,141,97,55,30
N20000599,NI data zone,251,147,51,32,10
N20000600,NI data zone,314,152,41,24,11
N20000601,NI data zone,183,141,64,43,15
N20000602,NI data zone,257,126,48,33,9
N20000603,NI data zone,280,157,81,78,9
N20000604,NI data zone,152,103,37,6,2
N20000605,NI data zone,213,111,51,13,3
N20000606,NI data zone,196,112,62,20,10
N20000607,NI data zone,139,78,50,30,7
N20000608,NI data zone,251,143,37,17,2
N20000609,NI data zone,364,195,67,7,2
N20000610,NI data zone,256,192,62,27,6
N20000611,NI data zone,142,113,90,57,8
N20000612,NI data zone,143,124,115,47,28
N20000613,NI data zone,164,103,42,15,4
N20000614,NI data zone,402,224,110,32,13
N20000615,NI data zone,159,105,85,44,18
N20000616,NI data zone,114,98,68,52,11
N20000617,NI data zone,175,91,35,24,4
N20000618,NI data zone,158,145,80,26,11
N20000619,NI data zone,166,110,71,32,11
N20000620,NI data zone,255,193,94,50,19
N20000621,NI data zone,423,239,103,31,7
N20000622,NI data zone,208,113,88,42,9
N20000623,NI data zone,321,138,52,12,7
N20000624,NI data zone,82,76,77,50,13
N20000625,NI data zone,287,164,47,23,8
N20000626,NI data zone,201,148,78,33,4
N20000627,NI data zone,247,186,59,26,8
N20000628,NI data zone,239,141,62,22,5
N20000629,NI data zone,250,152,49,18,6
N20000630,NI data zone,127,108,87,54,22
N20000631,NI data zone,164,112,56,40,5
N20000632,NI data zone,185,124,70,34,17
N20000633,NI data zone,203,137,44,20,2
N20000634,NI data zone,164,109,79,34,9
N20000635,NI data zone,445,144,41,11,3
N20000636,NI data zone,296,168,72,26,8
N20000637,NI data zone,295,171,81,22,5
N20000638,NI data zone,253,152,59,16,1
N20000639,NI data zone,293,150,61,21,5
N20000640,NI data zone,412,204,75,26,6
N20000641,NI data zone,377,197,107,32,15
N20000642,NI data zone,224,139,42,11,5
N20000643,NI data zone,361,118,37,8,2
N20000645,NI data zone,350,193,69,33,12
N20000646,NI data zone,279,135,77,48,18
N20000648,NI data zone,332,188,62,19,4
N20000649,NI data zone,424,217,92,30,12
N20000650,NI data zone,197,128,46,17,4
N20000651,NI data zone,471,177,83,21,10
N20000652,NI data zone,360,153,43,17,5
N20000653,NI data zone,418,180,61,26,3
N20000655,NI data zone,249,106,54,18,9
N20000656,NI data zone,142,96,41,16,4
N20000657,NI data zone,378,188,78,16,9
N20000658,NI data zone,282,135,58,25,6
N20000659,NI data zone,193,129,61,27,9
N20000660,NI data zone,194,179,120,66,16
N20000661,NI data zone,338,153,49,19,5
N20000662,NI data zone,233,139,61,17,13
N20000663,NI data zone,208,127,88,35,12
N20000766,NI data zone,144,88,57,26,10
N20000769,NI data zone,219,154,60,35,15
N20000771,NI data zone,146,103,84,63,21
N20000772,NI data zone,85,71,36,21,8
N20000773,NI data zone,142,94,94,77,18
N20000774,NI data zone,82,55,47,26,18
N20000777,NI data zone,101,50,33,27,17
N20000778,NI data zone,78,51,49,53,23
N20000779,NI data zone,101,82,68,71,23
N20000780,NI data zone,28,27,43,45,19
N20000781,NI data zone,138,107,67,81,25
N20000782,NI data zone,155,86,85,54,21
N20000783,NI data zone,230,164,100,63,24
N20000784,NI data zone,149,95,59,58,21
N20000785,NI data zone,167,97,95,79,32
N20000786,NI data zone,98,65,74,29,10
N20000825,NI data zone,162,92,36,22,8
N20000844,NI data zone,209,131,100,55,25
N20000847,NI data zone,136,79,59,32,7
N20000850,NI data zone,92,85,60,31,15
N20000851,NI data zone,197,98,87,59,26
N20000852,NI data zone,195,121,69,39,15
N20000853,NI data zone,189,144,114,54,31
N20000854,NI data zone,183,117,25,2,2
N20000855,NI data zone,860,443,149,36,9
N20000856,NI data zone,163,119,81,56,23
N20000857,NI data zone,347,178,34,5,3
N20000858,NI data zone,166,122,76,53,14
N20000859,NI data zone,161,133,52,24,4
N20000860,NI data zone,193,163,92,33,10
N20000861,NI data zone,173,127,67,37,8
N20000862,NI data zone,223,142,68,29,9
N20000863,NI data zone,148,98,40,28,6
N20000864,NI data zone,79,59,31,18,5
N20000865,NI data zone,190,114,55,30,7
N20000866,NI data zone,188,129,63,17,4
N20000867,NI data zone,163,122,76,24,8
N20000868,NI data zone,184,110,49,29,3
N20000869,NI data zone,178,110,57,28,12
N20000870,NI data zone,137,100,93,57,20
N20000871,NI data zone,176,116,68,29,12
N20000872,NI data zone,232,150,52,20,7
N20000873,NI data zone,122,95,64,33,13
N20000874,NI data zone,107,69,67,44,25
N20000875,NI data zone,215,138,69,28,8
N20000876,NI data zone,125,81,28,18,3
N20000877,NI data zone,184,141,112,60,31
N20000878,NI data zone,227,91,20,10,3
N20000879,NI data zone,104,93,37,23,7
N20000880,NI data zone,139,121,82,50,24
N20000881,NI data zone,202,144,76,35,10
N20000882,NI data zone,275,164,38,17,5
N20000883,NI data zone,143,124,63,27,16
N20000884,NI data zone,103,77,73,42,6
N20000885,NI data zone,171,113,50,36,19
N20000886,NI data zone,182,118,84,55,16
N20000887,NI data zone,298,150,82,71,36
N20000888,NI data zone,245,193,52,27,6
N20000889,NI data zone,159,86,29,8,1
N20000890,NI data zone,274,144,45,13,2
N20000891,NI data zone,128,124,61,45,18
N20000892,NI data zone,199,127,113,59,27
N20000893,NI data zone,212,149,92,52,11
N20000894,NI data zone,262,146,74,45,21
N20000895,NI data zone,93,83,35,18,5
N20000896,NI data zone,332,201,108,64,25
N20000897,NI data zone,214,103,79,12,3
N20000898,NI data zone,95,102,46,22,5
N20000899,NI data zone,176,165,58,32,13
N20000900,NI data zone,126,112,59,47,9
N20000901,NI data zone,181,120,34,16,6
N20000902,NI data zone,326,146,85,37,12
N20000903,NI data zone,169,104,71,66,21
N20000904,NI data zone,199,133,87,63,32
N20000905,NI data zone,168,124,73,33,10
N20000906,NI data zone,61,84,37,22,9
N20000907,NI data zone,179,112,78,25,8
N20000908,NI data zone,187,129,73,33,8
N20000909,NI data zone,368,186,95,37,7
N20000910,NI data zone,166,95,65,43,16
N20000911,NI data zone,92,73,68,35,9
N20000912,NI data zone,167,92,53,27,11
N20000913,NI data zone,145,95,40,34,5
N20000914,NI data zone,141,98,63,29,11
N20000915,NI data zone,117,94,43,23,3
N20000916,NI data zone,171,127,66,28,11
N20000917,NI data zone,172,158,67,31,7
N20000918,NI data zone,116,89,76,41,13
N20000919,NI data zone,173,124,76,39,7
N20000920,NI data zone,111,103,75,27,10
N20000921,NI data zone,105,87,59,45,13
N20000922,NI data zone,151,112,81,54,20
N20000923,NI data zone,156,145,53,16,2
N20000924,NI data zone,210,139,82,40,18
N20000925,NI data zone,106,80,32,19,1
N20000926,NI data zone,135,107,50,22,7
N20000927,NI data zone,265,168,88,47,18
N20000928,NI data zone,126,106,42,26,5
N20000929,NI data zone,141,106,44,23,5
N20000930,NI data zone,85,74,35,30,13
N20000931,NI data zone,207,161,84,38,18
N20000932,NI data zone,147,110,56,31,8
N20000933,NI data zone,188,126,46,32,7
N20000934,NI data zone,235,140,76,28,7
N20000935,NI data zone,201,143,65,31,9
N20000936,NI data zone,164,117,133,73,32
N20000937,NI data zone,224,133,64,35,13
N20000938,NI data zone,136,108,38,18,6
N20000939,NI data zone,165,109,51,17,6
N20000940,NI data zone,155,110,38,18,3
N20000941,NI data zone,272,197,98,45,17
N20000942,NI data zone,222,118,50,24,15
N20000943,NI data zone,163,130,41,27,6
N20000944,NI data zone,213,96,41,10,6
N20000945,NI data zone,205,116,43,19,2
N20000946,NI data zone,161,113,35,9,4
N20000947,NI data zone,153,98,69,36,18
N20000948,NI data zone,153,121,64,26,17
N20000949,NI data zone,199,166,117,74,23
N20000950,NI data zone,229,162,63,25,5
N20000951,NI data zone,112,100,48,22,5
N20000952,NI data zone,253,113,47,11,15
N20000953,NI data zone,303,179,66,14,10
N20000954,NI data zone,186,100,33,13,5
N20000955,NI data zone,260,102,23,8,1
N20000956,NI data zone,409,260,110,33,18
N20000957,NI data zone,166,158,70,32,17
N20000958,NI data zone,323,193,109,30,10
N20000959,NI data zone,273,158,49,12,6
N20000960,NI data zone,312,155,53,12,6
N20000961,NI data zone,271,118,56,7,1
N20000962,NI data zone,359,198,69,20,9
N20000963,NI data zone,205,99,20,7,1
N20000964,NI data zone,167,107,78,25,9
N20000965,NI data zone,319,141,57,5,5
N20000966,NI data zone,216,133,42,23,8
N20000967,NI data zone,289,130,50,20,6
N20000968,NI data zone,266,141,85,25,15
N20000969,NI data zone,325,178,62,26,4
N20000970,NI data zone,255,149,80,28,7
N20000971,NI data zone,330,135,44,18,10
N20000972,NI data zone,108,60,25,7,4
N20000973,NI data zone,193,100,26,6,2
N20000974,NI data zone,266,122,35,13,0
N20000975,NI data zone,338,176,73,10,3
N20000976,NI data zone,221,169,67,33,9
N20000977,NI data zone,210,122,73,12,9
N20000978,NI data zone,199,116,42,9,7
N20000979,NI data zone,323,146,54,7,6
N20000980,NI data zone,207,143,110,44,18
N20000981,NI data zone,242,148,64,16,6
N20000982,NI data zone,399,162,48,7,5
N20000983,NI data zone,311,162,80,38,7
N20000984,NI data zone,331,157,49,19,1
N20000985,NI data zone,170,92,16,3,1
N20000986,NI data zone,160,91,59,16,4
N20000987,NI data zone,218,184,54,25,12
N20000988,NI data zone,317,200,137,44,6
N20000989,NI data zone,155,141,72,52,18
N20000990,NI data zone,201,117,39,18,5
N20000991,NI data zone,191,112,36,13,2
N20000992,NI data zone,189,130,49,17,10
N20000993,NI data zone,269,166,86,17,5
N20000994,NI data zone,238,193,102,28,9
N20000995,NI data zone,496,215,55,12,4
N20000996,NI data zone,146,123,87,55,21
N20000997,NI data zone,338,206,77,33,7
N20000998,NI data zone,184,117,50,17,2
N20000999,NI data zone,110,80,52,24,7
N20001000,NI data zone,122,99,80,43,15
N20001001,NI data zone,257,134,52,19,3
N20001002,NI data zone,118,84,40,18,4
N20001003,NI data zone,144,112,52,20,10
N20001004,NI data zone,178,159,72,37,14
N20001005,NI data zone,309,137,61,17,9
N20001006,NI data zone,331,199,93,24,6
N20001007,NI data zone,382,238,94,38,17
N20001008,NI data zone,290,181,67,17,6
N20001009,NI data zone,185,141,65,25,14
N20001010,NI data zone,275,122,32,9,1
N20001011,NI data zone,232,182,85,49,18
N20001012,NI data zone,98,94,59,27,12
N20001013,NI data zone,255,186,76,23,9
N20001014,NI data zone,203,155,80,51,13
N20001015,NI data zone,305,190,80,30,7
N20001016,NI data zone,333,186,94,35,7
N20001017,NI data zone,123,127,46,18,6
N20001018,NI data zone,91,87,44,21,7
N20001019,NI data zone,247,165,64,28,5
N20001020,NI data zone,329,208,75,20,3
N20001021,NI data zone,262,119,58,12,7
N20001022,NI data zone,232,152,49,17,6
N20001023,NI data zone,238,135,53,19,3
N20001024,NI data zone,379,155,34,8,5
N20001025,NI data zone,136,85,35,8,3
N20001026,NI data zone,166,125,71,41,10
N20001027,NI data zone,173,104,52,23,11
N20001028,NI data zone,247,173,63,39,15
N20001029,NI data zone,147,129,38,16,6
N20001030,NI data zone,194,97,44,9,5
N20001031,NI data zone,182,88,40,13,3
N20001032,NI data zone,171,97,28,14,7
N20001033,NI data zone,276,150,76,32,10
N20001034,NI data zone,314,165,66,11,3
N20001035,NI data zone,364,138,54,7,4
N20001036,NI data zone,231,108,46,17,2
N20001037,NI data zone,273,128,43,21,2
N20001038,NI data zone,218,160,89,59,20
N20001039,NI data zone,255,174,91,34,7
N20001040,NI data zone,277,170,93,53,23
N20001041,NI data zone,212,174,98,59,19
N20001042,NI data zone,252,98,70,48,10
N20001043,NI data zone,128,90,39,7,2
N20001044,NI data zone,118,115,90,67,21
N20001045,NI data zone,183,111,55,27,10
N20001046,NI data zone,344,256,129,45,9
N20001047,NI data zone,270,181,71,26,7
N20001048,NI data zone,161,95,27,13,8
N20001049,NI data zone,152,120,60,18,11
N20001050,NI data zone,313,172,76,22,1
N20001051,NI data zone,197,151,54,34,4
N20001052,NI data zone,212,140,48,29,0
N20001053,NI data zone,317,220,127,64,21
N20001054,NI data zone,249,144,67,17,6
N20001055,NI data zone,143,86,52,20,4
N20001056,NI data zone,299,213,66,27,9
N20001057,NI data zone,166,91,52,17,7
N20001058,NI data zone,223,148,106,59,18
N20001059,NI data zone,208,150,60,23,7
N20001060,NI data zone,221,132,60,19,6
N20001061,NI data zone,281,191,69,26,10
N20001062,NI data zone,144,106,26,12,1
N20001063,NI data zone,359,172,73,23,6
N20001064,NI data zone,146,79,58,30,16
N20001065,NI data zone,217,156,114,42,17
N20001066,NI data zone,388,177,48,7,3
N20001067,NI data zone,203,110,35,11,4
N20001068,NI data zone,292,117,36,12,6
N20001069,NI data zone,254,131,61,16,4
N20001070,NI data zone,410,167,58,30,3
N20001071,NI data zone,228,111,41,13,1
N20001072,NI data zone,284,144,63,28,10
N20001073,NI data zone,315,166,50,17,0
N20001074,NI data zone,258,118,43,19,7
N20001075,NI data zone,282,124,41,13,6
N20001076,NI data zone,336,172,67,27,9
N20001077,NI data zone,311,219,75,25,2
N20001078,NI data zone,141,93,37,15,1
N20001079,NI data zone,165,118,46,21,5
N20001080,NI data zone,930,424,95,13,4
N20001081,NI data zone,172,128,44,21,9
N20001082,NI data zone,156,107,76,40,25
N20001083,NI data zone,168,126,89,36,28
N20001084,NI data zone,398,224,89,42,21
N20001085,NI data zone,321,206,20,2,6
N20001086,NI data zone,121,73,121,61,23
N20001087,NI data zone,501,296,69,22,13
N20001088,NI data zone,267,125,48,25,6
N20001089,NI data zone,78,54,55,32,7
N20001090,NI data zone,288,194,80,46,18
N20001091,NI data zone,159,122,56,31,13
N20001092,NI data zone,195,119,85,57,19
N20001093,NI data zone,137,126,71,49,20
N20001094,NI data zone,152,90,67,45,24
N20001095,NI data zone,187,168,101,51,34
N20001096,NI data zone,188,143,73,32,17
N20001097,NI data zone,90,106,52,50,17
N20001098,NI data zone,162,117,62,19,12
N20001099,NI data zone,159,105,42,19,7
N20001100,NI data zone,193,107,57,29,10
N20001101,NI data zone,223,148,60,52,19
N20001102,NI data zone,136,96,39,23,6
N20001103,NI data zone,277,167,44,11,5
N20001104,NI data zone,209,120,97,37,18
N20001105,NI data zone,209,100,17,4,2
N20001106,NI data zone,245,167,66,22,7
N20001107,NI data zone,231,151,31,8,3
N20001108,NI data zone,118,55,23,15,7
N20001109,NI data zone,250,148,87,45,24
N20001110,NI data zone,114,81,38,31,21
N20001111,NI data zone,144,139,51,39,9
N20001112,NI data zone,310,150,35,10,8
N20001113,NI data zone,271,148,44,11,4
N20001114,NI data zone,233,119,42,20,13
N20001115,NI data zone,354,187,61,13,4
N20001116,NI data zone,135,93,58,37,15
N20001117,NI data zone,140,97,53,19,11
N20001118,NI data zone,232,151,64,29,8
N20001119,NI data zone,249,133,21,6,2
N20001120,NI data zone,403,161,26,3,0
N20001121,NI data zone,368,174,55,20,14
N20001122,NI data zone,157,63,23,6,0
N20001123,NI data zone,259,127,44,10,3
N20001124,NI data zone,328,212,59,15,3
N20001125,NI data zone,201,107,16,7,2
N20001126,NI data zone,379,187,63,20,4
N20001127,NI data zone,292,171,47,16,6
N20001128,NI data zone,109,85,37,17,6
N20001129,NI data zone,197,142,58,24,5
N20001130,NI data zone,373,132,23,9,2
N20001131,NI data zone,399,154,28,16,1
N20001132,NI data zone,222,175,71,26,13
N20001133,NI data zone,475,234,57,14,4
N20001134,NI data zone,380,148,40,11,1
N20001135,NI data zone,354,187,56,15,4
N20001136,NI data zone,312,135,33,6,2
N20001137,NI data zone,281,151,30,4,9
N20001138,NI data zone,216,144,65,32,8
N20001139,NI data zone,399,182,45,14,4
N20001140,NI data zone,309,163,53,20,11
N20001141,NI data zone,132,87,55,25,16
N20001142,NI data zone,368,187,56,6,1
N20001143,NI data zone,313,182,40,10,2
N20001144,NI data zone,288,164,58,11,3
N20001145,NI data zone,144,60,12,4,1
N20001146,NI data zone,140,92,33,8,0
N20001147,NI data zone,157,147,75,29,8
N20001148,NI data zone,257,114,37,15,4
N20001149,NI data zone,331,208,65,30,8
N20001150,NI data zone,207,113,55,15,2
N20001151,NI data zone,345,142,47,6,3
N20001152,NI data zone,186,112,35,8,3
N20001153,NI data zone,412,178,39,8,1
N20001154,NI data zone,137,102,42,18,6
N20001155,NI data zone,207,152,51,17,9
N20001156,NI data zone,377,175,85,28,12
N20001157,NI data zone,239,122,34,12,1
N20001158,NI data zone,201,125,59,35,12
N20001159,NI data zone,227,134,53,15,8
N20001160,NI data zone,152,98,45,21,5
N20001161,NI data zone,224,110,48,13,17
N20001162,NI data zone,1359,621,154,13,2
N20001163,NI data zone,180,104,35,6,3
N20001164,NI data zone,256,163,78,24,5
N20001165,NI data zone,232,163,59,20,4
N20001166,NI data zone,342,156,39,11,3
N20001167,NI data zone,431,161,58,17,3
N20001168,NI data zone,311,137,37,9,4
N20001169,NI data zone,359,110,41,13,4
N20001170,NI data zone,288,119,46,13,1
N20001171,NI data zone,149,76,38,22,5
N20001172,NI data zone,738,211,53,11,2
N20001173,NI data zone,241,127,38,8,4
N20001174,NI data zone,379,148,28,13,3
N20001175,NI data zone,200,98,29,17,0
N20001176,NI data zone,270,119,36,7,5
N20001177,NI data zone,307,120,44,12,2
N20001178,NI data zone,295,175,57,11,3
N20001179,NI data zone,126,95,35,10,2
N20001180,NI data zone,201,61,20,2,4
N20001181,NI data zone,161,78,33,5,2
N20001182,NI data zone,309,126,25,8,1
N20001183,NI data zone,312,97,29,11,3
N20001184,NI data zone,396,208,98,26,15
N20001185,NI data zone,335,123,37,8,4
N20001186,NI data zone,331,139,41,17,7
N20001187,NI data zone,135,66,29,21,3
N20001188,NI data zone,189,110,38,8,3
N20001189,NI data zone,289,101,32,11,4
N20001190,NI data zone,235,146,83,27,7
N20001191,NI data zone,297,96,30,7,1
N20001192,NI data zone,254,151,77,27,11
N20001193,NI data zone,215,84,45,4,3
N20001194,NI data zone,176,96,40,18,13
N20001195,NI data zone,365,219,68,21,7
N20001196,NI data zone,250,116,29,9,0
N20001197,NI data zone,218,131,60,18,9
N20001198,NI data zone,322,110,49,14,1
N20001199,NI data zone,337,153,41,8,2
N20001200,NI data zone,228,116,84,23,10
N20001201,NI data zone,276,130,46,10,7
N20001202,NI data zone,221,101,44,21,6
N20001203,NI data zone,240,122,70,27,7
N20001204,NI data zone,293,123,42,16,5
N20001205,NI data zone,146,113,67,29,11
N20001206,NI data zone,47,60,31,11,5
N20001207,NI data zone,102,88,74,39,19
N20001208,NI data zone,225,154,97,63,21
N20001209,NI data zone,157,119,73,35,12
N20001210,NI data zone,207,166,66,42,11
N20001211,NI data zone,193,144,82,29,16
N20001212,NI data zone,162,88,22,7,1
N20001213,NI data zone,162,99,51,22,9
N20001214,NI data zone,190,144,46,38,9
N20001215,NI data zone,284,228,88,47,9
N20001216,NI data zone,136,96,46,9,4
N20001217,NI data zone,301,151,74,26,10
N20001218,NI data zone,244,82,32,11,2
N20001219,NI data zone,221,138,47,12,6
N20001220,NI data zone,225,188,81,33,7
N20001221,NI data zone,218,155,48,16,6
N20001222,NI data zone,158,121,61,29,13
N20001223,NI data zone,283,174,102,50,14
N20001224,NI data zone,156,118,76,32,10
N20001225,NI data zone,91,84,43,16,4
N20001226,NI data zone,222,136,50,10,6
N20001227,NI data zone,91,88,46,36,11
N20001228,NI data zone,99,114,83,52,13
N20001229,NI data zone,142,134,89,44,9
N20001230,NI data zone,387,160,61,11,5
N20001231,NI data zone,330,156,46,15,6
N20001232,NI data zone,334,144,76,44,11
N20001233,NI data zone,281,137,51,23,0
N20001234,NI data zone,282,133,42,9,4
N20001235,NI data zone,86,81,79,50,24
N20001237,NI data zone,173,140,72,38,10
N20001238,NI data zone,107,71,55,28,7
N20001244,NI data zone,346,244,132,56,16
N20001245,NI data zone,234,107,65,26,8
N20001247,NI data zone,189,148,69,57,16
N20001249,NI data zone,228,194,128,75,22
N20001251,NI data zone,364,203,76,39,14
N20001253,NI data zone,413,175,86,45,19
N20001254,NI data zone,276,165,89,94,34
N20001255,NI data zone,332,177,123,83,37
N20001256,NI data zone,208,128,80,50,16
N20001257,NI data zone,262,158,95,54,28
N20001258,NI data zone,556,265,105,42,12
N20001259,NI data zone,352,197,95,49,28
N20001260,NI data zone,321,123,41,16,4
N20001261,NI data zone,390,199,131,97,39
N20001262,NI data zone,202,102,59,64,21
N20001263,NI data zone,295,123,81,73,26
N20001264,NI data zone,467,196,89,51,20
N20001265,NI data zone,270,142,65,29,8
N20001266,NI data zone,287,122,99,65,31
N20001268,NI data zone,295,157,83,63,25
N20001269,NI data zone,196,117,85,91,25
N20001270,NI data zone,122,84,64,61,13
N20001271,NI data zone,276,117,43,12,0
N20001272,NI data zone,285,170,89,66,38
N20001274,NI data zone,188,91,57,36,19
N20001275,NI data zone,233,107,37,15,2
N20001276,NI data zone,241,91,88,56,19
N20001277,NI data zone,376,195,80,63,25
N20001278,NI data zone,346,132,52,19,5
N20001280,NI data zone,135,98,61,15,2
N20001281,NI data zone,178,89,37,8,1
N20001282,NI data zone,271,167,45,21,11
N20001283,NI data zone,140,85,71,50,12
N20001284,NI data zone,416,158,56,14,3
N20001285,NI data zone,151,94,47,33,10
N20001286,NI data zone,161,78,37,27,5
N20001287,NI data zone,171,118,70,34,15
N20001288,NI data zone,238,118,77,59,26
N20001289,NI data zone,195,111,51,28,12
N20001290,NI data zone,627,312,124,49,20
N20001291,NI data zone,347,138,58,27,6
N20001292,NI data zone,300,151,86,26,6
N20001293,NI data zone,158,80,70,46,15
N20001294,NI data zone,113,77,30,8,3
N20001295,NI data zone,149,89,48,42,12
N20001296,NI data zone,193,115,68,19,6
N20001304,NI data zone,231,117,93,73,29
N20001307,NI data zone,295,166,63,50,13
N20001311,NI data zone,183,116,60,28,8
N20001312,NI data zone,183,127,62,32,9
N20001315,NI data zone,218,124,69,47,8
N20001316,NI data zone,218,118,77,57,59
N20001318,NI data zone,216,121,100,29,9
N20001319,NI data zone,145,92,51,40,12
N20001321,NI data zone,244,173,96,53,25
N20001322,NI data zone,206,136,63,39,11
N20001324,NI data zone,242,115,72,59,27
N20001330,NI data zone,211,108,46,34,11
N20001333,NI data zone,215,120,64,40,9
N20001334,NI data zone,309,205,113,54,23
N20001336,NI data zone,83,62,57,32,17
N20001337,NI data zone,193,97,70,50,12
N20001340,NI data zone,235,92,64,38,8
N20001342,NI data zone,293,129,90,48,19
N20001345,NI data zone,230,122,74,33,24
N20001347,NI data zone,34,67,96,75,42
N20001350,NI data zone,202,127,60,35,13
N20001352,NI data zone,245,104,103,57,26
N20001354,NI data zone,182,98,80,51,19
N20001355,NI data zone,200,121,86,44,25
N20001357,NI data zone,179,103,72,37,20
N20001361,NI data zone,278,163,54,36,10
N20001364,NI data zone,269,157,91,55,19
N20001366,NI data zone,170,111,84,36,9
N20001367,NI data zone,190,115,67,23,8
N20001368,NI data zone,144,45,41,15,7
N20001389,NI data zone,246,147,84,63,22
N20001396,NI data zone,118,111,99,63,40
N20001398,NI data zone,131,93,73,50,16
N20001406,NI data zone,91,79,77,56,23
N20001409,NI data zone,69,68,43,34,14
N20001410,NI data zone,78,75,67,53,23
N20001412,NI data zone,100,60,66,38,10
N20001414,NI data zone,136,85,53,41,25
N20001415,NI data zone,134,66,51,56,22
N20001418,NI data zone,151,136,64,39,23
N20001421,NI data zone,174,98,104,51,23
N20001423,NI data zone,89,50,48,38,18
N20001425,NI data zone,152,95,22,15,4
N20001426,NI data zone,147,111,71,52,17
N20001429,NI data zone,275,117,82,73,19
N20001430,NI data zone,125,68,45,35,21
N20001431,NI data zone,123,72,61,46,16
N20001432,NI data zone,122,74,53,45,14
N20001433,NI data zone,154,86,87,71,25
N20001434,NI data zone,115,95,61,53,30
N20001435,NI data zone,172,89,48,31,7
N20001437,NI data zone,170,100,67,53,29
N20001438,NI data zone,177,95,91,42,14
N20001439,NI data zone,286,175,70,33,12
N20001440,NI data zone,148,104,68,52,22
N20001441,NI data zone,246,155,73,42,10
N20001442,NI data zone,225,118,71,52,21
N20001443,NI data zone,155,88,57,40,26
N20001444,NI data zone,269,161,108,67,34
N20001445,NI data zone,158,114,67,39,17
N20002252,NI data zone,210,175,100,40,10
N20002253,NI data zone,133,97,46,16,4
N20002254,NI data zone,221,167,76,18,3
N20002255,NI data zone,119,81,44,23,7
N20002256,NI data zone,230,126,58,21,3
N20002257,NI data zone,360,173,75,14,7
N20002258,NI data zone,261,197,79,36,10
N20002259,NI data zone,279,142,52,18,4
N20002260,NI data zone,288,160,66,20,2
N20002261,NI data zone,293,120,47,19,2
N20002262,NI data zone,246,152,68,15,3
N20002263,NI data zone,207,145,57,14,2
N20002264,NI data zone,229,176,80,19,6
N20002265,NI data zone,104,76,46,24,10
N20002266,NI data zone,304,158,48,10,5
N20002267,NI data zone,121,96,56,23,9
N20002268,NI data zone,610,324,105,32,5
N20002269,NI data zone,317,184,88,31,10
N20002270,NI data zone,120,85,25,15,4
N20002271,NI data zone,312,107,21,10,4
N20002272,NI data zone,344,156,34,5,3
N20002273,NI data zone,293,139,45,29,36
N20002274,NI data zone,268,160,58,21,5
N20002275,NI data zone,430,133,28,5,3
N20002276,NI data zone,267,133,79,10,3
N20002277,NI data zone,441,154,76,26,10
N20002278,NI data zone,190,118,51,21,5
N20002279,NI data zone,122,75,46,7,1
N20002280,NI data zone,257,130,44,5,3
N20002281,NI data zone,389,187,51,20,4
N20002282,NI data zone,206,125,60,21,9
N20002283,NI data zone,99,65,41,11,1
N20002284,NI data zone,500,232,76,28,3
N20002285,NI data zone,287,171,60,18,6
N20002286,NI data zone,203,103,60,17,3
N20002305,NI data zone,425,105,21,12,1
N20002307,NI data zone,200,104,30,10,0
N20002326,NI data zone,297,146,93,29,9
N20002330,NI data zone,250,173,79,17,8
N20002331,NI data zone,209,110,56,22,10
N20002333,NI data zone,205,114,40,26,2
N20002337,NI data zone,231,159,59,21,1
N20002338,NI data zone,129,72,44,10,2
N20002339,NI data zone,189,149,60,26,6
N20002340,NI data zone,61,74,45,38,13
N20002343,NI data zone,172,116,53,14,3
N20002345,NI data zone,133,122,51,45,22
N20002346,NI data zone,215,93,52,17,3
N20002347,NI data zone,195,145,120,58,13
N20002348,NI data zone,181,126,73,27,7
N20002350,NI data zone,217,168,79,23,9
N20002352,NI data zone,168,163,129,37,11
N20002353,NI data zone,485,231,63,37,6
N20002354,NI data zone,110,99,53,40,9
N20002355,NI data zone,189,156,81,49,15
N20002356,NI data zone,188,157,73,42,17
N20002357,NI data zone,182,168,55,22,7
N20002358,NI data zone,218,127,19,4,0
N20002359,NI data zone,75,64,49,27,9
N20002360,NI data zone,264,156,55,15,8
N20002361,NI data zone,195,109,54,22,8
N20002362,NI data zone,264,180,137,61,16
N20002363,NI data zone,234,163,72,36,7
N20002365,NI data zone,113,97,52,23,13
N20002366,NI data zone,202,162,85,30,12
N20002367,NI data zone,212,134,68,31,10
N20002368,NI data zone,197,142,105,53,14
N20002369,NI data zone,189,111,72,35,19
N20002370,NI data zone,200,146,96,25,10
N20002371,NI data zone,162,132,91,43,13
N20002372,NI data zone,279,226,114,42,31
N20002373,NI data zone,241,222,138,71,26
N20002374,NI data zone,198,140,106,42,14
N20002375,NI data zone,175,135,62,31,7
N20002376,NI data zone,69,53,54,37,13
N20002377,NI data zone,384,216,44,21,14
N20002378,NI data zone,267,119,67,55,28
N20002379,NI data zone,233,214,180,80,48
N20002380,NI data zone,161,125,84,40,13
N20002381,NI data zone,257,114,64,20,4
N20002382,NI data zone,212,216,116,72,24
N20002383,NI data zone,134,109,106,46,13
N20002384,NI data zone,213,157,82,32,12
N20002385,NI data zone,383,156,56,16,6
N20002386,NI data zone,356,164,79,35,5
N20002387,NI data zone,333,170,82,33,10
N20002388,NI data zone,272,146,115,34,13
N20002389,NI data zone,358,156,30,18,3
N20002390,NI data zone,306,166,86,22,10
N20002391,NI data zone,131,94,18,11,4
N20002392,NI data zone,532,176,49,7,6
N20002393,NI data zone,261,201,83,21,4
N20002394,NI data zone,169,145,80,55,17
N20002395,NI data zone,294,78,21,2,1
N20002396,NI data zone,177,121,34,13,5
N20002397,NI data zone,215,158,71,26,6
N20002398,NI data zone,251,144,47,11,1
N20002399,NI data zone,383,228,67,24,5
N20002400,NI data zone,130,68,62,29,16
N20002401,NI data zone,237,97,46,16,6
N20002402,NI data zone,208,128,51,17,9
N20002403,NI data zone,196,147,47,10,3
N20002404,NI data zone,642,294,77,26,3
N20002405,NI data zone,264,150,70,23,7
N20002406,NI data zone,304,172,65,20,2
N20002407,NI data zone,101,87,42,18,3
N20002408,NI data zone,273,184,81,20,8
N20002409,NI data zone,157,118,79,41,16
N20002410,NI data zone,192,131,59,10,6
N20002411,NI data zone,281,195,77,26,11
N20002412,NI data zone,269,114,55,18,21
N20002413,NI data zone,156,83,46,18,0
N20002414,NI data zone,247,171,75,26,10
N20002415,NI data zone,198,127,75,36,6
N20002416,NI data zone,181,152,65,12,2
N20002417,NI data zone,244,151,72,35,12
N20002418,NI data zone,189,142,63,24,7
N20002419,NI data zone,132,107,28,7,4
N20002420,NI data zone,179,159,84,41,13
N20002421,NI data zone,85,75,67,34,15
N20002422,NI data zone,102,74,57,28,9
N20002423,NI data zone,195,160,92,43,12
N20002424,NI data zone,317,150,53,12,1
N20002425,NI data zone,380,170,44,19,9
N20002426,NI data zone,293,127,31,8,2
N20002427,NI data zone,261,163,74,17,3
N20002428,NI data zone,108,67,43,15,3
N20002429,NI data zone,273,170,84,41,6
N20002430,NI data zone,261,99,53,13,3
N20002431,NI data zone,178,157,74,27,8
N20002432,NI data zone,167,130,113,60,18
N20002433,NI data zone,280,110,35,4,4
N20002434,NI data zone,129,65,48,21,4
N20002435,NI data zone,366,196,85,16,6
N20002436,NI data zone,280,102,50,17,1
N20002437,NI data zone,477,163,53,14,4
N20002438,NI data zone,271,126,55,18,6
N20002439,NI data zone,449,202,85,21,9
N20002440,NI data zone,336,176,96,30,6
N20002441,NI data zone,392,164,44,12,3
N20002442,NI data zone,316,173,40,11,7
N20002443,NI data zone,245,127,30,8,3
N20002444,NI data zone,344,150,69,11,2
N20002445,NI data zone,312,172,72,23,4
N20002446,NI data zone,329,167,82,24,2
N20002447,NI data zone,348,150,60,18,6
N20002448,NI data zone,248,145,60,29,5
N20002449,NI data zone,283,170,75,17,4
N20002450,NI data zone,345,120,45,17,5
N20002451,NI data zone,290,188,77,34,6
N20002452,NI data zone,273,161,49,17,5
N20002453,NI data zone,236,140,58,16,4
N20002454,NI data zone,357,150,81,26,7
N20002455,NI data zone,183,119,45,22,6
N20002456,NI data zone,359,187,78,32,11
N20002457,NI data zone,244,155,70,18,5
N20002458,NI data zone,349,157,42,20,1
N20002459,NI data zone,229,168,68,22,5
N20002460,NI data zone,125,71,35,12,4
N20002461,NI data zone,349,239,103,23,12
N20002462,NI data zone,182,170,73,43,13
N20002463,NI data zone,253,118,59,14,7
N20002464,NI data zone,218,139,66,10,4
N20002465,NI data zone,214,140,47,20,4
N20002466,NI data zone,119,67,33,15,4
N20002467,NI data zone,373,201,65,14,5
N20002468,NI data zone,301,162,66,28,1
N20002469,NI data zone,212,116,29,11,1
N20002470,NI data zone,387,190,75,19,4
N20002471,NI data zone,234,121,41,12,4
N20002472,NI data zone,239,158,52,13,4
N20002473,NI data zone,204,152,58,25,6
N20002474,NI data zone,433,219,37,21,4
N20002475,NI data zone,249,158,43,15,3
N20002476,NI data zone,423,200,50,11,9
N20002477,NI data zone,225,130,40,10,4
N20002478,NI data zone,462,195,72,33,32
N20002479,NI data zone,190,94,34,12,3
N20002480,NI data zone,468,120,21,4,0
N20002481,NI data zone,340,198,128,52,14
N20002482,NI data zone,497,163,28,9,2
N20002483,NI data zone,503,224,62,20,5
N20002484,NI data zone,392,243,140,48,17
N20002485,NI data zone,212,123,53,11,6
N20002486,NI data zone,122,101,33,9,3
N20002487,NI data zone,437,206,63,18,11
N20002488,NI data zone,372,125,39,17,3
N20002489,NI data zone,163,123,33,17,2
N20002490,NI data zone,253,196,135,31,14
N20002491,NI data zone,303,164,63,21,5
N20002492,NI data zone,156,117,46,22,8
N20002493,NI data zone,153,81,78,32,10
N20002494,NI data zone,252,113,37,12,1
N20002495,NI data zone,404,198,42,15,5
N20002496,NI data zone,424,208,77,21,8
N20002497,NI data zone,254,153,45,14,7
N20002498,NI data zone,226,111,48,12,6
N20002499,NI data zone,404,199,55,23,8
N20002500,NI data zone,466,254,118,58,21
N20002501,NI data zone,262,138,71,24,9
N20002502,NI data zone,187,139,60,21,6
N20002503,NI data zone,305,167,71,15,9
N20002504,NI data zone,141,105,37,13,7
N20002505,NI data zone,392,113,16,9,2
N20002506,NI data zone,166,104,41,10,4
N20002507,NI data zone,61,74,62,16,14
N20002508,NI data zone,225,150,94,39,11
N20002509,NI data zone,374,144,42,3,1
N20002510,NI data zone,119,129,63,22,10
N20002511,NI data zone,212,146,84,42,18
N20002512,NI data zone,192,129,79,48,23
N20002513,NI data zone,122,116,94,22,5
N20002514,NI data zone,216,220,97,44,19
N20002515,NI data zone,298,173,61,23,6
N20002516,NI data zone,300,173,82,22,7
N20002517,NI data zone,142,95,44,24,4
N20002518,NI data zone,266,133,49,12,3
N20002519,NI data zone,165,94,32,9,0
N20002520,NI data zone,252,165,80,30,12
N20002521,NI data zone,200,156,78,47,8
N20002522,NI data zone,146,100,75,34,15
N20002523,NI data zone,131,97,78,42,13
N20002524,NI data zone,251,167,78,18,11
N20002525,NI data zone,162,104,64,25,13
N20002526,NI data zone,373,142,34,11,3
N20002527,NI data zone,278,182,101,51,23
N20002528,NI data zone,231,97,15,1,0
N20002529,NI data zone,130,103,69,38,9
N20002530,NI data zone,165,131,92,50,22
N20002531,NI data zone,144,109,56,14,1
N20002532,NI data zone,251,134,53,20,6
N20002533,NI data zone,152,85,63,29,10
N20002534,NI data zone,243,174,75,36,15
N20002535,NI data zone,202,113,41,5,1
N20002536,NI data zone,271,190,78,20,5
N20002537,NI data zone,134,121,50,17,8
N20002538,NI data zone,307,107,17,4,0
N20002539,NI data zone,264,119,24,5,3
N20002540,NI data zone,235,125,51,18,4
N20002541,NI data zone,233,145,64,16,1
N20002542,NI data zone,175,127,50,9,7
N20002543,NI data zone,133,76,42,9,4
N20002544,NI data zone,161,126,61,25,10
N20002545,NI data zone,316,196,65,18,5
N20002546,NI data zone,343,169,64,26,9
N20002547,NI data zone,323,168,81,35,25
N20003208,NI data zone,288,112,47,7,5
N20003209,NI data zone,365,137,47,10,4
N20003210,NI data zone,277,131,51,18,4
N20003211,NI data zone,379,144,49,26,5
N20003213,NI data zone,465,241,91,29,12
N20003214,NI data zone,540,252,92,33,17
N20003215,NI data zone,397,181,75,41,10
N20003216,NI data zone,460,195,64,13,4
N20003217,NI data zone,279,136,67,28,15
N20003218,NI data zone,401,180,49,15,5
N20003219,NI data zone,305,124,57,19,7
N20003220,NI data zone,315,135,56,32,7
N20003221,NI data zone,497,227,71,33,15
N20003222,NI data zone,399,128,52,20,9
N20003223,NI data zone,294,117,44,23,4
N20003225,NI data zone,463,199,69,23,6
N20003226,NI data zone,444,185,79,19,14
N20003227,NI data zone,524,161,50,20,8
N20003229,NI data zone,327,150,52,17,2
N20003230,NI data zone,422,167,67,21,11
N20003231,NI data zone,403,182,64,23,8
N20003232,NI data zone,231,123,53,15,21
N20003234,NI data zone,472,148,57,18,6
N20003235,NI data zone,397,158,54,14,4
N20003236,NI data zone,407,214,111,36,13
N20003237,NI data zone,322,168,57,8,5
N20003238,NI data zone,307,155,51,14,9
N20003239,NI data zone,334,173,71,27,9
N20003240,NI data zone,412,196,75,21,8
N20003241,NI data zone,358,195,67,24,13
N20003242,NI data zone,197,133,71,33,11
N20003243,NI data zone,295,175,84,20,8
N20003244,NI data zone,341,158,68,29,12
N20003245,NI data zone,121,97,59,34,12
N20003246,NI data zone,209,144,62,40,9
N20003247,NI data zone,122,67,41,12,0
N20003248,NI data zone,160,130,84,41,16
N20003249,NI data zone,131,90,47,25,7
N20003250,NI data zone,298,129,56,22,13
N20003251,NI data zone,86,51,54,29,15
N20003252,NI data zone,193,130,58,29,11
N20003253,NI data zone,254,111,67,30,10
N20003254,NI data zone,184,117,64,20,6
N20003255,NI data zone,165,167,86,30,9
N20003256,NI data zone,231,149,66,14,8
N20003257,NI data zone,414,189,78,23,7
N20003258,NI data zone,213,94,51,31,8
N20003259,NI data zone,279,134,91,31,6
N20003260,NI data zone,374,144,49,20,6
N20003261,NI data zone,410,174,77,24,4
N20003262,NI data zone,286,168,84,37,10
N20003263,NI data zone,227,132,82,51,20
N20003264,NI data zone,336,103,44,16,9
N20003265,NI data zone,191,125,88,52,18
N20003266,NI data zone,263,196,101,46,12
N20003267,NI data zone,166,116,72,41,13
N20003268,NI data zone,335,164,51,15,5
N20003269,NI data zone,182,131,96,61,20
N20003270,NI data zone,222,173,99,24,4
N20003271,NI data zone,164,110,82,34,18
N20003272,NI data zone,371,146,63,27,9
N20003273,NI data zone,326,171,60,21,7
N20003274,NI data zone,320,207,134,33,6
N20003275,NI data zone,279,129,46,19,6
N20003276,NI data zone,399,160,79,18,6
N20003277,NI data zone,211,140,59,20,11
N20003278,NI data zone,184,158,112,39,14
N20003279,NI data zone,136,121,53,37,9
N20003280,NI data zone,316,122,48,18,5
N20003281,NI data zone,319,150,90,30,11
N20003282,NI data zone,432,186,88,28,12
N20003283,NI data zone,339,183,58,29,8
N20003284,NI data zone,260,152,88,48,20
N20003285,NI data zone,217,123,61,23,9
N20003286,NI data zone,258,115,62,27,13
N20003287,NI data zone,269,148,76,33,12
N20003288,NI data zone,423,157,70,24,5
N20003289,NI data zone,319,149,67,22,6
N20003290,NI data zone,344,227,80,27,6
N20003291,NI data zone,359,169,56,21,8
N20003292,NI data zone,433,209,87,24,2
N20003293,NI data zone,488,221,64,28,10
N20003294,NI data zone,268,143,51,32,7
N20003295,NI data zone,326,174,52,16,9
N20003296,NI data zone,224,113,48,22,8
N20003297,NI data zone,362,175,61,28,10
N20003298,NI data zone,284,129,53,15,4
N20003299,NI data zone,343,179,89,28,13
N20003300,NI data zone,387,185,89,32,8
N20003301,NI data zone,241,194,80,49,19
N20003302,NI data zone,247,182,119,60,27
N20003303,NI data zone,181,135,61,34,10
N20003304,NI data zone,387,257,140,60,22
N20003305,NI data zone,134,82,77,25,8
N20003306,NI data zone,189,130,79,32,10
N20003307,NI data zone,166,111,77,15,10
N20003308,NI data zone,276,151,52,24,6
N20003309,NI data zone,299,153,43,28,9
N20003310,NI data zone,345,143,63,24,3
N20003311,NI data zone,320,199,81,20,8
N20003312,NI data zone,204,106,59,20,3
N20003313,NI data zone,333,154,68,20,4
N20003314,NI data zone,231,115,58,11,4
N20003315,NI data zone,341,216,90,27,13
N20003316,NI data zone,212,96,35,7,3
N20003317,NI data zone,463,242,98,34,18
N20003318,NI data zone,294,178,129,40,16
N20003319,NI data zone,594,252,106,36,9
N20003320,NI data zone,250,132,49,14,7
N20003321,NI data zone,418,205,75,23,9
N20003322,NI data zone,278,129,48,23,4
N20003323,NI data zone,269,123,72,17,7
N20003324,NI data zone,423,265,103,43,14
N20003325,NI data zone,251,122,45,15,5
N20003326,NI data zone,326,160,57,27,15
N20003327,NI data zone,414,177,70,20,11
N20003328,NI data zone,411,240,90,33,6
N20003329,NI data zone,284,165,63,34,12
N20003330,NI data zone,295,174,79,32,8
N20003331,NI data zone,341,187,74,25,5
N20003332,NI data zone,308,154,48,14,4
N20003333,NI data zone,261,166,46,19,9
N20003334,NI data zone,246,110,66,30,14
N20003335,NI data zone,412,235,118,46,14
N20003336,NI data zone,459,206,91,28,14
N20003337,NI data zone,388,179,75,19,8
N20003338,NI data zone,421,205,57,26,14
N20003339,NI data zone,112,107,66,41,15
N20003340,NI data zone,212,155,70,27,11
N20003341,NI data zone,330,207,91,38,13
N20003342,NI data zone,375,180,89,40,17
N20003343,NI data zone,281,143,149,40,15
N20003344,NI data zone,271,123,40,20,5
N20003345,NI data zone,225,92,49,28,7
N20003346,NI data zone,187,79,48,32,11
N20003347,NI data zone,286,152,53,24,3
N20003348,NI data zone,180,96,33,7,1
N20003349,NI data zone,443,215,74,21,5
N20003350,NI data zone,272,176,121,22,7
N20003351,NI data zone,181,97,59,12,2
N20003352,NI data zone,296,180,43,20,7
N20003353,NI data zone,240,139,64,34,3
N20003354,NI data zone,224,135,43,21,5
N20003355,NI data zone,402,163,56,25,10
N20003356,NI data zone,299,155,56,20,4
N20003357,NI data zone,314,121,72,23,6
N20003358,NI data zone,346,169,105,50,6
N20003359,NI data zone,316,179,81,19,6
N20003360,NI data zone,223,97,47,10,6
N20003361,NI data zone,223,138,56,19,8
N20003362,NI data zone,195,133,74,21,4
N20003363,NI data zone,223,124,62,11,3
N20003364,NI data zone,154,121,69,38,16
N20003365,NI data zone,293,156,64,15,4
N20003366,NI data zone,238,188,130,20,4
N20003367,NI data zone,132,100,51,11,5
N20003368,NI data zone,204,128,56,24,9
N20003369,NI data zone,212,171,108,53,11
N20003370,NI data zone,379,200,72,25,3
N20003371,NI data zone,335,219,81,24,13
N20003372,NI data zone,152,94,50,25,7
N20003373,NI data zone,282,140,45,9,4
N20003374,NI data zone,114,88,45,30,4
N20003375,NI data zone,169,114,80,23,5
N20003376,NI data zone,138,115,32,24,7
N20003377,NI data zone,142,102,76,40,6
N20003378,NI data zone,192,143,79,41,13
N20003379,NI data zone,151,129,83,39,14
N20003380,NI data zone,236,166,104,43,15
N20003381,NI data zone,221,163,89,27,10
N20003382,NI data zone,140,126,66,18,6
N20003383,NI data zone,222,136,74,28,7
N20003384,NI data zone,250,158,78,31,11
N20003385,NI data zone,234,143,59,15,4
N20003386,NI data zone,232,138,63,15,7
N20003387,NI data zone,353,187,73,23,3
N20003388,NI data zone,281,162,79,52,7
N20003389,NI data zone,180,139,57,20,6
N20003390,NI data zone,264,123,23,7,4
N20003391,NI data zone,288,172,96,25,9
N20003392,NI data zone,394,193,76,21,8
N20003393,NI data zone,388,170,76,18,8
N20003394,NI data zone,361,163,66,34,13
N20003395,NI data zone,372,197,92,29,5
N20003396,NI data zone,303,205,89,29,10
N20003397,NI data zone,312,204,128,52,13
N20003398,NI data zone,310,109,42,14,10
N20003399,NI data zone,330,181,74,23,9
N20003400,NI data zone,253,123,56,13,4
N20003401,NI data zone,256,124,68,33,11
N20003402,NI data zone,203,118,41,18,6
N20003403,NI data zone,191,123,78,25,7
N20003404,NI data zone,148,99,32,28,9
N20003405,NI data zone,277,188,76,34,2
N20003406,NI data zone,146,116,96,44,10
N20003407,NI data zone,137,116,72,39,11
N20003408,NI data zone,63,83,79,27,14
N20003409,NI data zone,203,145,74,29,16
N20003410,NI data zone,164,141,91,46,18
N20003411,NI data zone,491,210,81,29,4
N20003412,NI data zone,319,169,41,14,4
N20003413,NI data zone,210,160,98,37,11
N20003414,NI data zone,395,227,100,31,11
N20003415,NI data zone,100,63,37,15,11
N20003416,NI data zone,230,188,86,59,23
N20003417,NI data zone,255,138,83,55,15
N20003418,NI data zone,283,141,53,22,10
N20003419,NI data zone,278,191,126,66,11
N20003420,NI data zone,346,207,100,55,29
N20003421,NI data zone,365,177,99,45,9
N20003422,NI data zone,282,154,78,20,9
N20003423,NI data zone,288,175,73,37,11
N20003424,NI data zone,241,148,55,30,2
N20003425,NI data zone,201,117,54,37,13
N20003426,NI data zone,228,106,59,34,5
N20003427,NI data zone,126,88,49,35,20
N20003428,NI data zone,222,174,103,36,13
N20003429,NI data zone,345,205,91,35,9
N20003430,NI data zone,220,129,60,36,19
N20003431,NI data zone,247,144,66,29,6
N20003432,NI data zone,145,90,31,8,3
N20003433,NI data zone,247,154,54,26,4
N20003434,NI data zone,163,117,54,22,8
N20003435,NI data zone,204,120,48,16,3
N20003436,NI data zone,275,208,106,41,4
N20003437,NI data zone,211,156,99,25,2
N20003438,NI data zone,184,171,80,18,11
N20003439,NI data zone,128,131,45,17,4
N20003440,NI data zone,182,136,116,56,19
N20003441,NI data zone,107,105,77,40,11
N20003442,NI data zone,140,105,49,13,7
N20003443,NI data zone,207,150,77,16,11
N20003444,NI data zone,176,144,79,24,7
N20003445,NI data zone,112,96,83,45,22
N20003446,NI data zone,125,118,56,24,3
N20003447,NI data zone,181,105,43,11,7
N20003448,NI data zone,409,245,86,25,7
N20003449,NI data zone,83,93,38,21,5
N20003450,NI data zone,132,136,88,42,10
N20003451,NI data zone,179,131,47,16,3
N20003452,NI data zone,230,153,60,20,4
N20003453,NI data zone,247,146,44,9,3
N20003454,NI data zone,215,163,44,4,0
N20003455,NI data zone,228,89,28,4,1
N20003456,NI data zone,266,174,55,16,7
N20003457,NI data zone,277,156,62,15,7
N20003458,NI data zone,160,106,47,15,1
N20003459,NI data zone,155,128,60,20,5
N20003460,NI data zone,228,146,50,11,4
N20003461,NI data zone,171,103,43,14,6
N20003462,NI data zone,205,100,34,4,3
N20003463,NI data zone,330,275,94,29,14
N20003464,NI data zone,161,110,37,9,3
N20003465,NI data zone,217,203,98,35,16
N20003466,NI data zone,292,186,61,19,2
N20003467,NI data zone,458,276,97,21,6
N20003468,NI data zone,399,146,46,10,1
N20003469,NI data zone,333,242,93,36,17
N20003470,NI data zone,336,150,63,14,5
N20003471,NI data zone,333,237,98,20,5
N20003472,NI data zone,191,122,60,23,4
N20003473,NI data zone,302,199,50,29,4
N20003474,NI data zone,343,186,72,24,7
N20003475,NI data zone,345,155,67,16,7
N20003476,NI data zone,276,205,74,31,6
N20003477,NI data zone,301,149,56,11,3
N20003478,NI data zone,294,157,43,12,2
N20003479,NI data zone,143,119,68,29,26
N20003480,NI data zone,294,155,39,14,7
N20003481,NI data zone,165,130,46,10,5
N20003482,NI data zone,265,168,48,14,2
N20003483,NI data zone,243,122,52,15,1
N20003484,NI data zone,299,204,62,20,5
N20003485,NI data zone,127,108,72,20,4
N20003486,NI data zone,201,122,92,23,11
N20003487,NI data zone,197,201,100,41,8
N20003488,NI data zone,360,220,74,27,6
N20003489,NI data zone,207,115,40,9,0
N20003490,NI data zone,186,149,83,30,10
N20003491,NI data zone,306,206,68,31,3
N20003492,NI data zone,317,230,98,31,8
N20003493,NI data zone,232,207,104,45,10
N20003494,NI data zone,238,162,73,28,7
N20003495,NI data zone,165,134,76,41,6
N20003496,NI data zone,267,199,77,26,8
N20003497,NI data zone,215,104,54,20,5
N20003498,NI data zone,147,129,46,22,6
N20003499,NI data zone,114,88,63,41,16
N20003500,NI data zone,82,81,45,30,7
N20003501,NI data zone,185,134,93,38,12
N20003502,NI data zone,321,215,118,31,13
N20003503,NI data zone,153,103,86,37,16
N20003504,NI data zone,173,170,90,50,15
N20003505,NI data zone,359,204,93,39,14
N20003506,NI data zone,239,182,130,73,28
N20003507,NI data zone,249,142,44,17,5
N20003508,NI data zone,227,179,77,21,9
N20003509,NI data zone,140,107,82,35,5
N20003510,NI data zone,45,37,60,25,14
N20003511,NI data zone,180,136,49,17,1
N20003512,NI data zone,112,101,68,31,10
N20003513,NI data zone,78,75,57,17,14
N20003514,NI data zone,210,192,109,43,11
N20003515,NI data zone,168,136,129,40,23
N20003516,NI data zone,136,123,91,33,12
N20003517,NI data zone,119,107,57,27,12
N20003518,NI data zone,155,148,88,40,14
N20003519,NI data zone,144,123,63,24,6
N20003520,NI data zone,209,166,96,38,26
N20003521,NI data zone,191,149,118,71,18
N20003522,NI data zone,121,124,53,14,8
N20003523,NI data zone,284,155,73,19,6
N20003524,NI data zone,153,101,56,23,6
N20003525,NI data zone,173,122,62,14,3
N20003526,NI data zone,145,103,72,35,21
N20003527,NI data zone,121,94,74,42,18
N20003528,NI data zone,278,150,45,15,7
N20003529,NI data zone,120,107,52,28,7
N20003530,NI data zone,182,115,43,16,5
N20003531,NI data zone,102,119,119,57,30
N20003532,NI data zone,219,155,104,59,18
N20003533,NI data zone,202,152,107,64,20
N20003534,NI data zone,174,136,82,34,6
N20003535,NI data zone,289,170,64,26,4
N20003536,NI data zone,351,214,99,30,11
N20003537,NI data zone,343,176,61,10,5
N20003538,NI data zone,351,180,48,7,1
N20003539,NI data zone,194,109,34,10,1
N20003540,NI data zone,167,139,44,9,2
N20003541,NI data zone,145,104,63,21,4
N20003542,NI data zone,199,156,54,11,3
N20003543,NI data zone,114,121,78,27,5
N20003544,NI data zone,194,118,30,8,3
N20003545,NI data zone,330,188,66,17,8
N20003546,NI data zone,324,182,89,34,10
N20003547,NI data zone,367,193,81,29,7
N20003548,NI data zone,439,166,52,15,2
N20003549,NI data zone,368,169,63,22,7
N20003550,NI data zone,341,177,62,17,5
N20003551,NI data zone,210,166,35,13,2
N20003552,NI data zone,114,103,56,45,18
N20003553,NI data zone,426,255,93,29,12
N20003554,NI data zone,718,362,83,29,9
N20003555,NI data zone,253,129,67,22,6
N20003556,NI data zone,279,144,36,18,6
N20003557,NI data zone,180,92,12,5,0
N20003558,NI data zone,160,120,66,41,10
N20003559,NI data zone,254,124,59,19,6
N20003560,NI data zone,216,102,47,8,8
N20003561,NI data zone,232,168,62,16,2
N20003562,NI data zone,450,230,62,13,2
N20003563,NI data zone,73,96,90,24,14
N20003564,NI data zone,211,115,31,19,5
N20003565,NI data zone,263,120,28,11,2
N20003566,NI data zone,200,111,40,9,3
N20003567,NI data zone,278,186,60,21,5
N20003568,NI data zone,362,180,82,18,5
N20003569,NI data zone,497,239,93,45,15
N20003570,NI data zone,100,83,52,27,16
N20003571,NI data zone,219,135,91,33,13
N20003572,NI data zone,194,172,87,41,16
N20003573,NI data zone,227,181,71,39,11
N20003574,NI data zone,190,121,70,34,10
N20003575,NI data zone,246,99,27,9,0
N20003576,NI data zone,349,143,43,15,2
N20003577,NI data zone,155,136,74,31,8
N20003578,NI data zone,384,172,74,14,5
N20003579,NI data zone,154,105,60,5,7
N20003580,NI data zone,253,148,68,20,16
N20003581,NI data zone,438,193,65,15,3
N20003582,NI data zone,160,135,98,30,10
N20003583,NI data zone,220,107,55,12,5
N20003584,NI data zone,236,172,83,18,4
N20003585,NI data zone,213,147,64,16,3
N20003586,NI data zone,292,204,98,40,11
N20003587,NI data zone,156,144,69,18,10
N20003588,NI data zone,155,144,64,24,7
N20003589,NI data zone,189,175,92,27,7
N20003590,NI data zone,169,103,34,4,1
N20003591,NI data zone,127,98,34,3,2
N20003592,NI data zone,201,119,66,31,10
N20003593,NI data zone,96,98,57,35,9
N20003594,NI data zone,266,159,70,22,8
N20003595,NI data zone,238,190,77,34,13
N20003596,NI data zone,182,147,69,30,4
N20003597,NI data zone,164,108,40,15,1
N20003598,NI data zone,154,114,57,17,1
N20003599,NI data zone,208,170,93,36,8
N20003600,NI data zone,206,134,49,18,5
N20003601,NI data zone,130,128,45,7,3
N20003602,NI data zone,186,130,78,25,11
N20003603,NI data zone,224,172,60,21,11
N20003604,NI data zone,139,92,54,21,5
N20003605,NI data zone,301,245,127,53,17
N20003606,NI data zone,102,75,47,21,11
N20003607,NI data zone,184,146,48,32,11
N20003608,NI data zone,64,83,46,36,15
N20003609,NI data zone,199,145,88,46,13
N20003610,NI data zone,116,88,30,12,9
N20003611,NI data zone,187,138,57,35,23
N20003612,NI data zone,183,98,54,21,2
N20003613,NI data zone,176,148,67,8,4
N20003614,NI data zone,196,148,80,29,8
N20003615,NI data zone,286,217,99,32,15
N20003616,NI data zone,226,149,134,71,34
N20003617,NI data zone,174,120,83,42,8
N20003618,NI data zone,172,138,90,30,5
N20003619,NI data zone,361,260,79,30,6
N20003620,NI data zone,346,240,91,37,7
N20003621,NI data zone,242,102,61,21,8
N20003622,NI data zone,295,121,50,14,0
N20003623,NI data zone,304,171,47,18,5
N20003624,NI data zone,294,173,94,39,2
N20003625,NI data zone,271,153,71,14,8
N20003626,NI data zone,245,162,80,21,11
N20003627,NI data zone,231,140,50,14,3
N20003628,NI data zone,267,165,59,13,6
N20003629,NI data zone,270,152,56,18,3
N20003630,NI data zone,277,159,50,16,3
N20003631,NI data zone,166,137,54,19,9
N20003632,NI data zone,251,199,78,38,9
N20003633,NI data zone,25,55,68,26,9
N20003634,NI data zone,205,149,54,20,5
N20003635,NI data zone,198,142,79,29,14
N20003636,NI data zone,108,116,40,11,2
N20003637,NI data zone,242,149,60,18,7
N20003638,NI data zone,250,140,53,24,4
N20003639,NI data zone,209,152,64,19,5
N20003640,NI data zone,102,100,66,40,8
N20003641,NI data zone,125,105,38,10,5
N20003642,NI data zone,132,133,67,17,5
N20003643,NI data zone,104,73,98,42,13
N20003644,NI data zone,171,173,101,35,14
N20003645,NI data zone,308,189,82,22,7
N20003646,NI data zone,188,165,73,30,2
N20003647,NI data zone,297,195,66,17,3
N20003648,NI data zone,138,158,86,22,14
N20003649,NI data zone,270,181,80,18,5
N20003650,NI data zone,338,279,125,44,9
N20003651,NI data zone,169,141,89,47,13
N20003652,NI data zone,326,175,63,18,3
N20003653,NI data zone,166,95,90,38,22
N20003654,NI data zone,127,118,109,46,25
N20003655,NI data zone,258,158,77,27,4
N20003656,NI data zone,178,155,74,26,6
N20003657,NI data zone,146,109,61,28,7
N20003658,NI data zone,147,146,54,25,2
N20003659,NI data zone,214,165,85,35,12
N20003660,NI data zone,171,107,66,49,11
N20003661,NI data zone,155,155,70,26,9
N20003662,NI data zone,118,95,89,40,19
N20003663,NI data zone,178,123,97,39,10
N20003664,NI data zone,231,193,74,29,12
N20003665,NI data zone,85,69,42,29,7
N20003666,NI data zone,159,126,88,57,29
N20003667,NI data zone,275,174,64,27,8
N20003668,NI data zone,216,135,76,36,23
N20003669,NI data zone,315,208,69,26,7
N20003670,NI data zone,174,104,57,23,2
N20003671,NI data zone,190,125,39,21,4
N20003672,NI data zone,179,113,30,8,3
N20003673,NI data zone,437,208,53,17,5
N20003674,NI data zone,209,99,32,11,1
N20003675,NI data zone,290,123,16,6,2
N20003676,NI data zone,356,147,57,12,0
N20003677,NI data zone,187,134,75,32,11
N20003678,NI data zone,323,127,40,15,2
N20003679,NI data zone,53,85,96,25,12
N20003680,NI data zone,202,166,96,19,5
N20003681,NI data zone,199,111,42,5,2
N20003682,NI data zone,108,127,78,41,19
N20003683,NI data zone,124,94,60,27,2
N20003684,NI data zone,210,199,76,25,5
N20003685,NI data zone,248,155,51,19,5
N20003686,NI data zone,178,112,42,11,0
N20003687,NI data zone,169,153,58,14,4
N20003688,NI data zone,200,119,32,5,6
N20003689,NI data zone,176,121,54,23,3
N20003690,NI data zone,150,112,59,12,2
N20003691,NI data zone,205,139,58,20,9
N20003692,NI data zone,51,50,59,21,10
N20003693,NI data zone,214,151,53,29,11
N20003694,NI data zone,228,135,64,20,11
N20003695,NI data zone,277,176,52,19,6
N20003696,NI data zone,215,216,97,31,10
N20003697,NI data zone,314,168,65,10,4
N20003698,NI data zone,271,208,95,29,5
N20003699,NI data zone,217,146,68,24,10
N20003700,NI data zone,355,176,65,22,3
N20003701,NI data zone,268,188,66,15,9
N20003702,NI data zone,151,111,48,11,2
N20003703,NI data zone,193,141,39,14,7
N20003704,NI data zone,222,206,69,17,4
N20003705,NI data zone,208,153,67,26,6
N20003706,NI data zone,195,137,65,9,5
N20003707,NI data zone,141,129,74,22,8
N20003708,NI data zone,323,228,82,28,8
N20003709,NI data zone,308,187,69,34,7
N20003710,NI data zone,105,75,32,11,4
N20003711,NI data zone,71,75,48,22,9
N20003712,NI data zone,271,213,107,37,4
N20003713,NI data zone,114,81,51,23,6
N20003714,NI data zone,408,190,59,18,1
N20003715,NI data zone,84,105,57,18,2
N20003716,NI data zone,305,175,79,17,8
N20003717,NI data zone,306,115,37,4,3
N20003718,NI data zone,159,134,86,40,17
N20003719,NI data zone,405,237,62,24,7
N20003720,NI data zone,164,164,83,44,13
N20003721,NI data zone,194,145,55,19,7
N20003722,NI data zone,202,143,66,19,6
N20003723,NI data zone,119,115,62,41,17
N20003724,NI data zone,124,100,67,16,8
N20003725,NI data zone,267,178,90,45,12
N20003726,NI data zone,148,104,58,12,2
N20003727,NI data zone,144,106,60,25,6
N20003728,NI data zone,310,206,89,35,20
N20003729,NI data zone,353,199,51,12,4
N20003730,NI data zone,197,126,83,18,8
N20003731,NI data zone,193,121,48,20,4
N20003732,NI data zone,192,120,102,58,17
N20003733,NI data zone,232,141,84,27,8
N20003734,NI data zone,349,225,78,32,11
N20003735,NI data zone,194,154,110,64,23
N20003736,NI data zone,141,113,54,16,4
N20003737,NI data zone,189,107,58,19,10
N20003738,NI data zone,248,215,108,40,19
N20003739,NI data zone,392,251,95,26,11
N20003740,NI data zone,248,145,58,22,14
N20003741,NI data zone,200,117,68,35,15
N20003742,NI data zone,167,102,57,36,11
N20003743,NI data zone,312,249,98,37,14
N20003744,NI data zone,184,114,73,18,11
N20003745,NI data zone,211,129,60,28,11
N20003746,NI data zone,233,150,65,20,5
N20003747,NI data zone,244,156,60,22,4
N20003748,NI data zone,151,114,77,31,12
N20003749,NI data zone,163,104,53,30,10
N20003750,NI data zone,158,122,98,54,13
N20003751,NI data zone,142,102,89,41,10
N20003752,NI data zone,142,124,80,27,8
N20003753,NI data zone,219,112,54,42,8
N20003754,NI data zone,202,149,92,40,7
N20003755,NI data zone,224,156,72,20,8
N20003756,NI data zone,226,170,92,43,13
N20003757,NI data zone,260,231,113,48,9
N20003758,NI data zone,314,235,131,49,21
N20003759,NI data zone,150,118,94,35,11
N20003760,NI data zone,226,127,60,24,5
N20003761,NI data zone,314,195,89,28,11
N20003762,NI data zone,162,126,62,19,3
N20003763,NI data zone,243,147,74,35,5
N20003764,NI data zone,145,105,76,25,17
N20003765,NI data zone,135,105,68,38,13
N20003766,NI data zone,381,199,83,42,11
N20003767,NI data zone,151,134,66,14,3
N20003768,NI data zone,178,142,92,41,12
N20003769,NI data zone,240,153,59,19,4
N20003770,NI data zone,177,99,69,22,8
N20003771,NI data zone,347,220,115,36,8
N20003772,NI data zone,248,143,79,28,10
N20003773,NI data zone,407,185,84,44,10
N20003774,NI data zone,220,116,45,22,17
N20003775,NI data zone,268,166,92,59,13
N20003776,NI data zone,232,131,55,27,4
N20003777,NI data zone,172,115,96,51,14
N20003778,NI data zone,197,123,74,25,11
N20003779,NI data zone,160,126,92,56,13
N20003780,NI data zone,208,119,74,35,11
