dz_2021_code,type,one_person_household_aged_66_and_over,one_person_household_other,single_family_household_couple_family_household_no_children,single_family_household_couple_family_household_dependent_children,single_family_household_couple_family_household_all_children_non_dependent,single_family_household_lone_parent_family_with_dependent_children,single_family_household_lone_parent_family_all_children_non_dependent,single_family_household_other_family_composition_including_all_aged_66_and_over,other_household_types
N20000360,NI data zone,15,13,21,42,18,1,6,12,7
N20000384,NI data zone,45,25,29,64,20,10,7,33,9
N20000392,NI data zone,49,60,22,34,17,21,17,30,9
N20000421,NI data zone,15,27,37,85,23,11,9,18,11
N20000422,NI data zone,18,16,47,78,42,6,18,24,14
N20000423,NI data zone,26,18,29,77,43,7,15,30,14
N20000424,NI data zone,22,22,29,83,45,4,14,29,12
N20000425,NI data zone,8,35,14,32,3,16,1,4,6
N20000426,NI data zone,11,18,23,66,22,16,8,5,8
N20000427,NI data zone,22,18,23,46,31,14,17,25,10
N20000428,NI data zone,19,39,34,70,52,20,17,38,13
N20000429,NI data zone,15,26,18,22,16,23,6,13,9
N20000430,NI data zone,11,12,26,59,15,9,9,18,1
N20000431,NI data zone,18,25,11,37,16,38,22,14,13
N20000432,NI data zone,24,28,15,34,19,40,22,18,14
N20000433,NI data zone,11,31,47,78,22,23,17,13,10
N20000434,NI data zone,30,34,17,44,13,40,12,15,15
N20000435,NI data zone,7,63,39,65,16,43,6,12,10
N20000436,NI data zone,7,26,29,77,8,6,5,9,6
N20000437,NI data zone,32,48,10,23,13,15,12,11,10
N20000438,NI data zone,8,38,20,45,6,14,6,4,7
N20000439,NI data zone,19,46,13,27,19,29,19,13,4
N20000440,NI data zone,28,37,11,28,13,22,16,8,11
N20000441,NI data zone,29,31,20,35,13,13,9,32,9
N20000442,NI data zone,14,41,12,38,9,32,17,10,8
N20000443,NI data zone,0,24,38,68,4,12,2,8,7
N20000444,NI data zone,1,24,26,46,7,14,5,8,15
N20000445,NI data zone,21,47,24,37,15,27,19,9,12
N20000446,NI data zone,11,42,42,70,17,21,7,15,19
N20000447,NI data zone,6,35,56,59,11,9,11,5,6
N20000448,NI data zone,8,34,28,74,9,24,9,8,9
N20000449,NI data zone,12,32,16,37,3,31,9,11,8
N20000450,NI data zone,25,8,26,23,24,5,9,14,0
N20000451,NI data zone,28,22,28,69,30,22,9,35,12
N20000452,NI data zone,9,36,24,43,12,23,7,4,6
N20000453,NI data zone,3,19,20,80,5,36,8,3,10
N20000454,NI data zone,18,21,19,29,9,18,7,11,5
N20000455,NI data zone,5,33,30,63,7,5,1,5,5
N20000456,NI data zone,15,24,19,45,12,6,7,26,8
N20000457,NI data zone,41,30,39,53,16,15,10,28,4
N20000458,NI data zone,22,22,21,30,21,6,9,23,9
N20000459,NI data zone,39,38,24,33,13,9,14,18,6
N20000460,NI data zone,16,53,42,79,13,17,6,19,25
N20000461,NI data zone,5,57,39,98,9,23,12,1,5
N20000462,NI data zone,21,20,29,44,27,10,11,30,2
N20000463,NI data zone,46,28,30,24,9,6,12,39,9
N20000464,NI data zone,15,9,33,58,21,5,5,40,3
N20000465,NI data zone,22,12,12,20,9,7,9,12,2
N20000466,NI data zone,37,47,25,33,11,28,18,15,12
N20000467,NI data zone,13,32,32,49,19,9,7,16,4
N20000468,NI data zone,28,42,18,30,8,22,19,19,18
N20000469,NI data zone,35,24,49,39,21,18,15,35,5
N20000470,NI data zone,12,22,31,57,15,8,4,12,10
N20000471,NI data zone,12,9,31,93,28,7,6,10,3
N20000472,NI data zone,22,28,36,55,23,15,11,18,9
N20000473,NI data zone,11,22,31,42,27,7,5,13,5
N20000474,NI data zone,23,28,51,71,39,5,10,36,8
N20000475,NI data zone,13,15,51,78,28,2,7,24,6
N20000477,NI data zone,13,26,29,54,26,17,11,14,11
N20000478,NI data zone,17,27,35,63,30,8,11,13,10
N20000479,NI data zone,17,17,21,33,17,16,15,14,2
N20000480,NI data zone,10,11,28,64,14,13,5,5,6
N20000481,NI data zone,26,20,27,61,33,5,23,36,6
N20000482,NI data zone,24,16,45,74,46,9,9,27,15
N20000483,NI data zone,7,28,52,106,9,10,6,9,5
N20000484,NI data zone,15,22,32,48,30,15,16,23,4
N20000485,NI data zone,18,16,18,75,20,22,19,22,6
N20000486,NI data zone,8,29,41,86,16,8,9,8,3
N20000487,NI data zone,19,15,32,52,38,1,4,24,7
N20000488,NI data zone,15,14,31,62,22,11,5,21,5
N20000489,NI data zone,9,19,20,33,23,17,8,24,11
N20000490,NI data zone,36,55,25,33,26,60,35,15,19
N20000491,NI data zone,32,32,18,18,15,31,16,21,7
N20000492,NI data zone,17,17,31,34,34,16,17,21,7
N20000493,NI data zone,34,20,36,32,53,5,17,37,6
N20000494,NI data zone,33,31,26,27,36,39,26,11,13
N20000495,NI data zone,5,20,18,91,20,22,6,2,8
N20000496,NI data zone,20,37,44,57,34,26,6,19,13
N20000497,NI data zone,2,14,21,77,9,7,4,4,4
N20000498,NI data zone,22,105,22,22,3,25,9,9,28
N20000499,NI data zone,7,30,15,72,7,28,11,4,8
N20000500,NI data zone,15,54,19,22,12,12,9,10,16
N20000501,NI data zone,2,39,47,95,4,9,1,2,2
N20000502,NI data zone,14,38,32,49,14,8,9,13,8
N20000503,NI data zone,62,34,18,22,20,4,7,26,5
N20000504,NI data zone,13,55,12,25,9,16,12,9,10
N20000505,NI data zone,42,94,12,14,4,12,17,10,6
N20000506,NI data zone,21,121,19,26,7,22,12,11,16
N20000507,NI data zone,34,47,45,64,15,29,15,25,6
N20000508,NI data zone,14,40,21,19,10,23,16,15,9
N20000509,NI data zone,16,50,15,12,8,23,11,7,14
N20000510,NI data zone,19,22,40,67,19,9,8,27,13
N20000511,NI data zone,34,33,25,33,25,19,19,16,13
N20000512,NI data zone,26,78,25,35,11,25,15,9,13
N20000513,NI data zone,17,25,18,46,12,8,9,16,2
N20000514,NI data zone,16,21,26,54,13,14,12,12,12
N20000515,NI data zone,45,70,30,32,10,34,17,14,10
N20000516,NI data zone,46,79,14,28,13,20,16,20,4
N20000517,NI data zone,39,52,34,32,16,20,16,19,7
N20000518,NI data zone,10,16,34,39,24,3,15,24,9
N20000519,NI data zone,29,52,13,20,7,11,10,17,5
N20000520,NI data zone,21,25,43,81,30,11,9,18,5
N20000521,NI data zone,19,29,37,77,27,9,13,27,7
N20000522,NI data zone,31,16,20,34,21,14,16,30,12
N20000523,NI data zone,35,43,26,35,12,16,16,20,6
N20000524,NI data zone,61,100,15,18,7,23,16,24,6
N20000525,NI data zone,53,78,16,13,9,27,14,14,12
N20000526,NI data zone,17,68,24,26,3,11,11,7,8
N20000527,NI data zone,37,61,30,46,12,26,8,13,10
N20000528,NI data zone,29,47,14,22,20,28,14,13,3
N20000529,NI data zone,26,36,19,48,8,23,11,14,7
N20000530,NI data zone,3,29,17,73,3,25,6,1,7
N20000531,NI data zone,24,17,22,41,19,9,8,19,4
N20000532,NI data zone,22,78,8,7,6,9,14,11,5
N20000533,NI data zone,35,38,27,26,9,8,3,20,5
N20000534,NI data zone,34,41,17,31,9,19,13,8,9
N20000535,NI data zone,11,22,27,57,11,27,5,5,8
N20000536,NI data zone,20,18,47,76,28,46,15,13,10
N20000537,NI data zone,42,30,30,36,25,12,10,31,5
N20000538,NI data zone,7,32,22,81,16,27,14,8,17
N20000539,NI data zone,36,29,15,30,10,22,18,24,8
N20000540,NI data zone,22,42,13,36,9,25,20,15,12
N20000541,NI data zone,21,48,20,29,24,23,16,26,10
N20000542,NI data zone,23,33,31,36,24,8,14,31,8
N20000543,NI data zone,10,32,16,38,17,39,17,8,10
N20000544,NI data zone,33,39,37,47,20,16,11,26,5
N20000545,NI data zone,15,19,24,40,25,9,8,30,4
N20000546,NI data zone,24,28,22,18,5,15,9,12,6
N20000547,NI data zone,34,32,28,48,10,24,12,33,5
N20000548,NI data zone,35,33,29,26,18,21,12,23,13
N20000549,NI data zone,28,25,42,55,24,11,8,58,9
N20000550,NI data zone,3,25,31,72,9,13,7,8,3
N20000551,NI data zone,49,25,39,47,34,4,9,45,6
N20000552,NI data zone,30,36,49,73,19,7,7,18,10
N20000553,NI data zone,22,51,56,77,21,11,11,21,12
N20000554,NI data zone,12,33,26,57,13,13,9,16,4
N20000555,NI data zone,28,33,32,44,17,19,15,28,2
N20000556,NI data zone,16,34,23,23,13,12,14,7,6
N20000557,NI data zone,13,8,40,38,27,4,4,27,3
N20000558,NI data zone,19,48,43,82,22,24,3,19,7
N20000559,NI data zone,11,19,25,49,20,6,5,27,5
N20000560,NI data zone,13,30,21,31,14,5,4,11,5
N20000561,NI data zone,28,39,46,95,28,12,12,35,1
N20000562,NI data zone,8,10,27,43,33,1,3,20,3
N20000563,NI data zone,24,9,41,66,34,8,15,45,9
N20000564,NI data zone,10,54,39,57,14,25,8,10,4
N20000565,NI data zone,30,42,40,51,14,14,14,22,8
N20000566,NI data zone,23,44,18,45,10,27,16,11,4
N20000567,NI data zone,32,48,44,65,20,24,12,23,8
N20000568,NI data zone,10,38,54,72,7,10,3,13,3
N20000569,NI data zone,37,29,37,59,37,10,13,30,10
N20000570,NI data zone,58,58,16,15,13,31,15,11,8
N20000571,NI data zone,29,45,61,51,19,21,21,12,4
N20000572,NI data zone,10,42,75,90,16,17,5,17,5
N20000573,NI data zone,31,64,47,85,17,28,6,20,8
N20000574,NI data zone,41,81,48,42,24,39,14,31,11
N20000575,NI data zone,19,56,48,61,26,13,9,13,4
N20000576,NI data zone,9,21,43,81,20,19,6,7,2
N20000577,NI data zone,13,16,40,61,13,12,5,7,6
N20000578,NI data zone,36,45,43,50,24,8,9,38,7
N20000579,NI data zone,17,8,31,67,39,5,8,26,7
N20000580,NI data zone,31,7,33,73,52,0,15,37,16
N20000581,NI data zone,2,35,35,53,9,15,7,4,6
N20000582,NI data zone,17,15,30,68,31,7,11,26,13
N20000583,NI data zone,18,22,41,45,28,3,5,27,10
N20000584,NI data zone,9,68,50,75,13,22,10,12,11
N20000585,NI data zone,17,14,29,46,16,3,6,18,12
N20000586,NI data zone,21,20,29,50,32,7,9,33,5
N20000587,NI data zone,22,27,43,87,28,14,10,21,10
N20000588,NI data zone,18,18,28,61,29,4,8,25,7
N20000589,NI data zone,8,28,27,45,16,9,7,11,9
N20000590,NI data zone,15,22,16,50,16,4,9,20,7
N20000591,NI data zone,13,9,16,49,21,5,6,26,6
N20000592,NI data zone,21,11,31,75,29,4,4,27,10
N20000593,NI data zone,9,23,33,57,24,9,10,35,9
N20000594,NI data zone,6,4,24,53,12,4,6,19,6
N20000595,NI data zone,25,30,31,58,34,5,11,19,5
N20000596,NI data zone,15,54,19,39,16,18,8,16,9
N20000597,NI data zone,2,28,12,43,5,21,4,3,3
N20000598,NI data zone,36,79,19,28,12,22,12,30,14
N20000599,NI data zone,16,42,30,49,15,18,11,10,8
N20000600,NI data zone,9,42,19,68,10,31,7,7,5
N20000601,NI data zone,33,73,21,31,14,18,14,10,2
N20000602,NI data zone,23,27,37,38,24,11,13,16,4
N20000603,NI data zone,23,45,32,55,11,21,20,14,6
N20000604,NI data zone,22,10,17,25,8,5,4,42,1
N20000605,NI data zone,16,8,16,36,19,3,7,26,7
N20000606,NI data zone,31,20,20,35,17,1,15,20,6
N20000607,NI data zone,33,50,22,21,11,8,5,12,3
N20000608,NI data zone,15,10,33,43,27,4,9,27,2
N20000609,NI data zone,10,13,35,78,35,8,7,11,6
N20000610,NI data zone,31,27,43,50,27,6,15,26,4
N20000611,NI data zone,46,57,27,15,9,25,20,13,8
N20000612,NI data zone,50,63,30,17,13,17,20,23,6
N20000613,NI data zone,12,15,26,28,19,4,9,15,3
N20000614,NI data zone,42,17,58,68,42,9,13,43,6
N20000615,NI data zone,8,42,16,23,12,36,20,11,3
N20000616,NI data zone,34,53,18,24,7,10,10,8,7
N20000617,NI data zone,18,38,14,34,5,20,7,10,2
N20000618,NI data zone,38,63,27,29,16,19,9,11,4
N20000619,NI data zone,15,46,21,26,12,25,12,9,4
N20000620,NI data zone,49,159,30,35,15,19,14,16,5
N20000621,NI data zone,15,32,51,94,47,15,13,16,2
N20000622,NI data zone,28,41,22,28,16,28,18,13,8
N20000623,NI data zone,12,17,26,71,17,11,4,12,6
N20000624,NI data zone,61,63,12,10,3,9,7,9,10
N20000625,NI data zone,2,75,30,47,3,47,7,9,9
N20000626,NI data zone,23,29,32,28,20,16,7,32,3
N20000627,NI data zone,20,28,30,57,19,11,10,29,3
N20000628,NI data zone,27,23,44,35,25,7,11,24,6
N20000629,NI data zone,25,9,34,39,26,4,14,17,4
N20000630,NI data zone,58,49,20,17,14,8,19,19,12
N20000631,NI data zone,30,39,19,29,9,16,14,14,2
N20000632,NI data zone,21,40,20,26,16,31,20,9,4
N20000633,NI data zone,15,23,36,36,17,9,18,14,2
N20000634,NI data zone,20,51,18,19,10,30,15,14,4
N20000635,NI data zone,7,39,54,89,20,14,7,8,3
N20000636,NI data zone,17,18,36,54,32,13,9,21,3
N20000637,NI data zone,44,41,28,44,15,16,14,38,11
N20000638,NI data zone,20,20,52,31,35,7,10,21,2
N20000639,NI data zone,25,23,41,53,23,16,8,20,1
N20000640,NI data zone,33,16,37,71,42,11,11,36,7
N20000641,NI data zone,16,47,44,72,9,32,11,16,5
N20000642,NI data zone,10,16,21,43,21,6,10,20,3
N20000643,NI data zone,10,24,45,77,14,6,8,15,0
N20000645,NI data zone,25,22,28,50,36,8,11,29,16
N20000646,NI data zone,31,56,31,46,15,27,16,16,4
N20000648,NI data zone,10,15,34,63,30,7,7,29,10
N20000649,NI data zone,29,26,31,87,29,13,14,32,10
N20000650,NI data zone,11,22,29,39,9,13,7,15,4
N20000651,NI data zone,27,35,24,81,35,12,11,18,12
N20000652,NI data zone,16,33,23,62,28,5,4,22,8
N20000653,NI data zone,14,17,24,79,42,6,3,25,8
N20000655,NI data zone,14,17,21,41,20,5,7,18,6
N20000656,NI data zone,13,9,26,30,10,2,3,12,4
N20000657,NI data zone,27,13,29,73,33,11,6,24,4
N20000658,NI data zone,19,13,28,51,23,4,10,19,4
N20000659,NI data zone,17,43,21,39,9,25,14,7,3
N20000660,NI data zone,60,73,25,32,12,24,10,24,6
N20000661,NI data zone,22,26,26,68,19,13,9,16,6
N20000662,NI data zone,22,40,28,36,14,17,14,21,5
N20000663,NI data zone,27,34,14,30,18,16,29,20,9
N20000766,NI data zone,12,41,7,8,5,44,12,9,9
N20000769,NI data zone,13,34,5,19,19,59,14,8,10
N20000771,NI data zone,19,49,12,15,15,30,28,9,9
N20000772,NI data zone,8,47,9,5,2,9,5,4,14
N20000773,NI data zone,13,42,2,4,18,34,46,10,10
N20000774,NI data zone,10,64,9,1,2,26,6,3,7
N20000777,NI data zone,16,21,3,6,11,17,16,4,8
N20000778,NI data zone,16,75,9,6,5,14,16,5,4
N20000779,NI data zone,24,92,6,7,9,28,20,7,5
N20000780,NI data zone,10,110,1,2,0,3,8,3,1
N20000781,NI data zone,19,45,8,8,9,30,30,25,12
N20000782,NI data zone,25,85,3,8,2,36,23,7,18
N20000783,NI data zone,26,75,17,19,9,50,33,8,20
N20000784,NI data zone,15,47,6,6,3,45,22,14,9
N20000785,NI data zone,37,58,9,9,9,38,30,14,16
N20000786,NI data zone,29,57,12,4,1,16,4,6,18
N20000825,NI data zone,0,80,41,4,3,18,3,3,21
N20000844,NI data zone,40,43,16,24,17,48,23,19,7
N20000847,NI data zone,23,66,10,9,1,31,11,9,8
N20000850,NI data zone,22,49,13,10,4,15,9,15,10
N20000851,NI data zone,28,64,11,16,3,53,21,7,12
N20000852,NI data zone,26,56,11,18,6,49,16,11,10
N20000853,NI data zone,44,107,15,19,7,46,17,13,9
N20000854,NI data zone,4,82,55,17,1,2,2,4,21
N20000855,NI data zone,9,131,47,15,2,0,3,2,25
N20000856,NI data zone,44,41,30,22,12,21,13,16,6
N20000857,NI data zone,4,136,85,42,4,5,0,11,28
N20000858,NI data zone,37,81,24,19,7,17,10,11,10
N20000859,NI data zone,8,98,44,21,3,7,7,11,13
N20000860,NI data zone,35,27,35,28,24,16,11,34,8
N20000861,NI data zone,26,38,36,30,15,6,15,16,7
N20000862,NI data zone,17,66,44,27,8,26,13,11,12
N20000863,NI data zone,32,40,15,24,9,3,2,13,6
N20000864,NI data zone,11,32,20,8,1,13,8,3,6
N20000865,NI data zone,36,60,32,21,4,28,7,12,5
N20000866,NI data zone,12,68,45,23,7,20,6,11,7
N20000867,NI data zone,14,55,25,22,6,28,19,8,3
N20000868,NI data zone,20,77,22,18,9,22,3,10,10
N20000869,NI data zone,30,33,36,29,13,10,11,11,7
N20000870,NI data zone,38,56,10,17,8,33,17,11,5
N20000871,NI data zone,32,49,36,24,10,17,8,13,11
N20000872,NI data zone,10,82,47,27,4,26,5,11,19
N20000873,NI data zone,23,47,19,17,7,24,14,7,6
N20000874,NI data zone,14,32,10,13,6,41,11,7,1
N20000875,NI data zone,14,80,31,31,6,34,5,13,10
N20000876,NI data zone,14,53,34,11,2,7,5,11,7
N20000877,NI data zone,26,75,21,17,7,48,26,18,13
N20000878,NI data zone,2,30,31,43,1,21,5,3,6
N20000879,NI data zone,24,49,29,17,6,9,3,6,6
N20000880,NI data zone,34,53,17,18,8,31,24,11,6
N20000881,NI data zone,28,102,36,20,9,26,10,18,12
N20000882,NI data zone,14,76,58,54,1,6,3,5,26
N20000883,NI data zone,31,60,46,18,7,13,10,15,9
N20000884,NI data zone,26,92,8,8,1,22,11,6,5
N20000885,NI data zone,15,84,28,10,4,34,13,5,16
N20000886,NI data zone,21,53,8,9,11,51,25,8,13
N20000887,NI data zone,35,59,20,24,13,49,46,14,18
N20000888,NI data zone,15,77,48,33,5,31,12,11,18
N20000889,NI data zone,7,17,24,33,8,5,7,13,1
N20000890,NI data zone,19,33,41,50,17,12,3,12,6
N20000891,NI data zone,29,101,26,13,2,17,7,6,20
N20000892,NI data zone,36,79,23,19,14,46,17,11,9
N20000893,NI data zone,22,101,29,25,8,39,13,12,15
N20000894,NI data zone,21,62,9,21,14,59,23,10,11
N20000895,NI data zone,7,51,18,12,6,6,7,6,9
N20000896,NI data zone,27,61,13,32,15,67,33,19,18
N20000897,NI data zone,19,53,33,39,8,8,5,12,6
N20000898,NI data zone,19,60,28,13,3,11,7,3,9
N20000899,NI data zone,12,59,21,16,7,26,11,10,33
N20000900,NI data zone,27,51,23,15,9,29,9,7,9
N20000901,NI data zone,1,50,26,26,7,19,1,5,24
N20000902,NI data zone,40,44,36,61,18,8,7,21,10
N20000903,NI data zone,15,66,18,13,9,38,16,12,11
N20000904,NI data zone,52,94,12,14,7,43,21,13,15
N20000905,NI data zone,21,85,34,17,3,20,8,5,18
N20000906,NI data zone,11,34,21,6,1,12,6,7,12
N20000907,NI data zone,11,92,34,17,6,18,13,7,18
N20000908,NI data zone,19,85,21,14,6,26,13,14,19
N20000909,NI data zone,34,34,46,70,27,2,12,26,10
N20000910,NI data zone,18,69,18,13,5,37,14,8,9
N20000911,NI data zone,38,34,11,12,9,16,8,11,7
N20000912,NI data zone,11,84,23,19,7,18,14,3,10
N20000913,NI data zone,12,64,19,19,2,23,4,2,15
N20000914,NI data zone,11,86,37,12,4,19,13,4,9
N20000915,NI data zone,14,63,14,23,0,19,5,2,9
N20000916,NI data zone,14,66,43,18,9,12,6,11,18
N20000917,NI data zone,7,102,39,17,10,21,4,10,18
N20000918,NI data zone,46,60,8,13,3,28,15,7,6
N20000919,NI data zone,29,70,14,18,6,35,12,6,14
N20000920,NI data zone,31,101,19,10,4,11,8,11,10
N20000921,NI data zone,10,55,4,13,12,20,12,11,12
N20000922,NI data zone,20,52,20,11,10,33,18,9,23
N20000923,NI data zone,21,74,20,25,12,11,8,15,10
N20000924,NI data zone,16,78,12,25,9,39,8,10,19
N20000925,NI data zone,9,36,22,18,3,9,2,6,12
N20000926,NI data zone,16,74,24,18,5,12,9,13,6
N20000927,NI data zone,13,75,21,27,7,66,17,10,16
N20000928,NI data zone,18,52,16,16,4,16,9,8,17
N20000929,NI data zone,11,83,30,15,3,17,6,9,8
N20000930,NI data zone,29,44,22,15,4,5,4,3,7
N20000931,NI data zone,16,89,28,28,12,31,10,9,24
N20000932,NI data zone,16,119,24,9,3,20,9,9,10
N20000933,NI data zone,12,65,30,16,7,23,10,9,22
N20000934,NI data zone,28,98,44,14,4,18,12,11,26
N20000935,NI data zone,37,24,33,37,20,7,15,19,2
N20000936,NI data zone,52,60,17,16,9,42,31,25,8
N20000937,NI data zone,23,64,48,29,10,28,6,14,12
N20000938,NI data zone,13,68,29,18,3,15,6,6,10
N20000939,NI data zone,12,46,33,19,3,17,9,6,19
N20000940,NI data zone,8,55,32,13,1,26,8,7,12
N20000941,NI data zone,24,83,51,28,16,43,17,19,22
N20000942,NI data zone,9,51,32,21,4,27,10,6,18
N20000943,NI data zone,13,89,38,19,4,8,6,4,18
N20000944,NI data zone,3,80,56,5,0,26,3,4,31
N20000945,NI data zone,10,60,39,35,16,7,5,8,3
N20000946,NI data zone,19,59,35,23,8,6,6,14,1
N20000947,NI data zone,46,41,15,19,12,24,7,15,6
N20000948,NI data zone,15,34,8,25,11,35,12,6,8
N20000949,NI data zone,36,60,28,33,20,38,20,19,7
N20000950,NI data zone,25,64,45,34,23,11,7,14,6
N20000951,NI data zone,14,28,16,18,14,17,9,14,1
N20000952,NI data zone,35,17,34,43,9,4,5,26,4
N20000953,NI data zone,45,13,30,46,33,5,10,53,5
N20000954,NI data zone,19,18,20,38,10,4,0,31,3
N20000955,NI data zone,19,7,30,50,11,1,7,19,2
N20000956,NI data zone,45,34,51,71,34,10,7,52,7
N20000957,NI data zone,24,58,26,33,14,23,13,13,8
N20000958,NI data zone,50,51,63,52,27,9,10,47,4
N20000959,NI data zone,35,28,33,54,22,3,6,27,2
N20000960,NI data zone,43,16,33,55,21,0,6,42,3
N20000961,NI data zone,18,14,28,58,12,4,4,25,4
N20000962,NI data zone,36,33,41,72,22,12,8,38,6
N20000963,NI data zone,18,35,35,31,6,7,0,7,5
N20000964,NI data zone,63,44,24,24,12,4,4,32,6
N20000965,NI data zone,26,11,34,62,14,6,4,43,7
N20000966,NI data zone,31,45,41,32,7,10,12,6,15
N20000967,NI data zone,49,25,28,34,8,5,3,15,2
N20000968,NI data zone,27,48,40,41,9,11,16,12,11
N20000969,NI data zone,41,31,43,59,14,8,16,28,7
N20000970,NI data zone,36,48,37,39,12,20,11,13,11
N20000971,NI data zone,28,16,37,66,15,0,7,27,3
N20000972,NI data zone,8,37,23,12,4,3,3,6,7
N20000973,NI data zone,13,10,25,39,12,4,4,12,3
N20000974,NI data zone,23,25,29,52,12,5,8,25,0
N20000975,NI data zone,61,53,54,58,16,5,10,23,3
N20000976,NI data zone,33,122,46,24,9,15,10,15,17
N20000977,NI data zone,23,44,38,23,16,17,9,29,8
N20000978,NI data zone,20,60,48,27,7,4,8,15,6
N20000979,NI data zone,24,36,61,62,10,8,7,16,3
N20000980,NI data zone,31,74,32,24,10,38,19,12,11
N20000981,NI data zone,30,60,54,42,8,13,11,15,4
N20000982,NI data zone,36,21,48,72,16,6,7,35,5
N20000983,NI data zone,92,48,42,45,15,6,5,51,3
N20000984,NI data zone,26,41,51,61,9,9,7,20,7
N20000985,NI data zone,18,30,16,29,7,4,4,11,7
N20000986,NI data zone,30,18,25,22,19,8,6,16,5
N20000987,NI data zone,28,38,32,48,13,6,13,31,9
N20000988,NI data zone,57,52,45,42,22,8,11,28,5
N20000989,NI data zone,34,55,21,20,8,34,26,9,7
N20000990,NI data zone,23,13,30,35,17,5,6,18,6
N20000991,NI data zone,23,16,29,36,11,5,4,13,7
N20000992,NI data zone,29,7,26,42,12,2,5,23,4
N20000993,NI data zone,37,29,57,51,17,6,13,26,6
N20000994,NI data zone,29,32,43,39,23,7,14,57,6
N20000995,NI data zone,37,30,62,101,26,6,6,25,3
N20000996,NI data zone,30,87,27,21,7,20,8,14,14
N20000997,NI data zone,44,59,49,65,8,9,16,21,12
N20000998,NI data zone,36,22,20,44,15,4,5,18,1
N20000999,NI data zone,13,22,15,14,6,28,12,5,2
N20001000,NI data zone,39,79,15,14,4,19,12,10,10
N20001001,NI data zone,46,45,36,48,12,3,4,26,4
N20001002,NI data zone,13,26,16,16,13,8,6,18,4
N20001003,NI data zone,24,40,27,18,7,18,10,11,8
N20001004,NI data zone,22,29,26,31,10,40,18,11,0
N20001005,NI data zone,33,13,32,60,18,3,4,43,2
N20001006,NI data zone,27,63,51,76,11,13,11,27,1
N20001007,NI data zone,23,39,43,60,32,37,20,22,18
N20001008,NI data zone,36,30,36,56,21,5,8,31,6
N20001009,NI data zone,33,41,12,29,11,31,12,13,15
N20001010,NI data zone,24,26,42,50,11,3,5,17,3
N20001011,NI data zone,45,61,40,38,12,28,18,19,7
N20001012,NI data zone,27,75,19,8,2,22,10,5,7
N20001013,NI data zone,32,45,38,51,17,14,9,30,6
N20001014,NI data zone,33,85,25,35,12,25,18,16,3
N20001015,NI data zone,20,46,68,45,20,13,16,32,12
N20001016,NI data zone,28,42,45,57,15,30,13,22,11
N20001017,NI data zone,19,55,27,18,12,9,11,10,10
N20001018,NI data zone,24,27,21,10,4,14,10,7,4
N20001019,NI data zone,19,73,46,43,19,9,10,12,12
N20001020,NI data zone,26,28,52,70,13,10,7,29,10
N20001021,NI data zone,21,100,44,19,3,14,4,14,29
N20001022,NI data zone,19,30,39,48,16,6,12,20,3
N20001023,NI data zone,13,49,49,35,16,12,4,12,12
N20001024,NI data zone,9,98,65,39,3,13,3,10,45
N20001025,NI data zone,11,21,37,23,5,3,6,9,5
N20001026,NI data zone,42,68,22,22,9,28,12,10,9
N20001027,NI data zone,16,63,35,20,4,11,9,12,14
N20001028,NI data zone,34,63,52,33,17,22,11,15,7
N20001029,NI data zone,19,90,33,14,7,8,3,5,19
N20001030,NI data zone,12,31,33,33,8,6,4,19,5
N20001031,NI data zone,18,32,25,29,13,2,6,15,4
N20001032,NI data zone,16,56,32,21,8,10,7,8,5
N20001033,NI data zone,57,41,32,55,14,7,10,19,10
N20001034,NI data zone,16,26,50,65,24,8,9,19,3
N20001035,NI data zone,8,20,39,65,23,9,5,34,4
N20001036,NI data zone,20,19,34,46,10,3,7,18,5
N20001037,NI data zone,15,31,38,52,18,5,10,9,8
N20001038,NI data zone,76,57,33,33,15,10,17,15,13
N20001039,NI data zone,44,44,65,42,16,8,7,35,8
N20001040,NI data zone,28,49,25,44,14,45,18,13,14
N20001041,NI data zone,41,57,18,37,18,37,18,17,10
N20001042,NI data zone,20,6,16,43,17,3,3,22,1
N20001043,NI data zone,19,11,18,26,10,6,2,8,6
N20001044,NI data zone,47,179,22,9,6,12,15,11,3
N20001045,NI data zone,28,57,28,20,11,23,15,13,5
N20001046,NI data zone,57,93,49,70,33,15,22,21,9
N20001047,NI data zone,42,47,43,39,23,9,15,34,6
N20001048,NI data zone,18,15,21,38,4,7,5,16,2
N20001049,NI data zone,12,26,22,28,8,16,15,12,4
N20001050,NI data zone,35,11,42,57,22,6,8,40,7
N20001051,NI data zone,24,17,40,38,21,7,5,21,8
N20001052,NI data zone,26,25,47,37,15,7,9,19,5
N20001053,NI data zone,67,56,43,58,22,34,25,23,12
N20001054,NI data zone,18,33,24,49,19,6,11,19,8
N20001055,NI data zone,10,29,11,22,9,21,8,8,8
N20001056,NI data zone,25,31,38,60,27,17,14,20,7
N20001057,NI data zone,47,39,13,20,18,4,4,19,4
N20001058,NI data zone,27,44,26,38,19,36,22,18,9
N20001059,NI data zone,34,72,41,27,12,16,12,11,16
N20001060,NI data zone,17,19,28,42,14,16,8,20,6
N20001061,NI data zone,17,63,40,23,6,12,11,11,33
N20001062,NI data zone,8,29,19,25,10,3,7,17,10
N20001063,NI data zone,41,56,47,59,15,25,9,22,9
N20001064,NI data zone,6,97,33,8,1,19,12,10,16
N20001065,NI data zone,30,60,26,34,15,28,22,12,18
N20001066,NI data zone,12,56,56,63,10,7,9,16,38
N20001067,NI data zone,22,10,32,25,25,0,4,21,5
N20001068,NI data zone,19,20,39,55,10,3,6,17,4
N20001069,NI data zone,22,34,34,46,19,7,14,16,6
N20001070,NI data zone,20,53,40,69,15,8,13,11,26
N20001071,NI data zone,16,29,24,44,17,7,11,11,3
N20001072,NI data zone,26,49,34,45,19,10,6,18,7
N20001073,NI data zone,30,38,36,58,21,9,10,20,5
N20001074,NI data zone,17,19,28,40,19,6,8,23,6
N20001075,NI data zone,32,28,32,52,7,5,11,22,6
N20001076,NI data zone,46,66,42,55,19,3,14,29,7
N20001077,NI data zone,36,52,49,65,22,3,7,36,6
N20001078,NI data zone,33,22,21,24,6,0,4,28,4
N20001079,NI data zone,22,71,28,24,2,6,4,8,20
N20001080,NI data zone,1,48,37,27,1,1,2,9,35
N20001081,NI data zone,8,93,27,14,4,20,8,6,22
N20001082,NI data zone,15,54,8,15,7,31,20,6,14
N20001083,NI data zone,27,62,13,17,10,25,28,15,14
N20001084,NI data zone,23,59,14,5,9,33,12,3,5
N20001085,NI data zone,5,80,46,61,1,0,2,10,48
N20001086,NI data zone,53,60,11,6,9,19,20,14,12
N20001087,NI data zone,15,72,36,21,4,7,9,3,29
N20001088,NI data zone,6,75,60,29,1,7,5,9,33
N20001089,NI data zone,32,45,5,2,7,14,9,4,6
N20001090,NI data zone,26,115,28,13,6,18,10,5,26
N20001091,NI data zone,24,61,21,18,10,27,10,9,9
N20001092,NI data zone,38,54,12,16,10,50,8,6,14
N20001093,NI data zone,35,70,22,7,3,44,18,12,5
N20001094,NI data zone,26,54,19,5,7,20,19,6,19
N20001095,NI data zone,40,87,14,14,7,41,24,18,13
N20001096,NI data zone,13,82,32,19,6,37,10,8,19
N20001097,NI data zone,38,63,17,8,8,20,10,1,10
N20001098,NI data zone,20,56,34,18,7,10,10,10,19
N20001099,NI data zone,7,117,32,12,3,3,2,5,28
N20001100,NI data zone,16,74,24,9,5,24,9,19,21
N20001101,NI data zone,17,56,17,24,14,48,14,7,17
N20001102,NI data zone,13,54,29,11,1,9,2,12,23
N20001103,NI data zone,1,99,17,8,1,5,1,7,59
N20001104,NI data zone,22,81,26,17,7,40,13,15,21
N20001105,NI data zone,4,57,20,3,1,1,0,5,60
N20001106,NI data zone,14,91,43,23,8,10,7,15,45
N20001107,NI data zone,0,73,15,5,0,4,4,7,80
N20001108,NI data zone,7,67,16,4,1,3,3,8,17
N20001109,NI data zone,17,47,13,21,7,70,17,2,12
N20001110,NI data zone,18,87,12,5,0,6,0,5,31
N20001111,NI data zone,24,85,20,10,6,27,8,10,14
N20001112,NI data zone,6,69,28,6,0,1,2,2,89
N20001113,NI data zone,16,91,11,1,1,3,2,6,94
N20001114,NI data zone,6,84,13,3,2,14,3,9,65
N20001115,NI data zone,6,43,28,10,4,4,11,12,103
N20001116,NI data zone,16,66,24,14,8,27,6,14,7
N20001117,NI data zone,20,48,14,16,4,27,10,13,9
N20001118,NI data zone,16,60,23,17,7,27,19,9,43
N20001119,NI data zone,1,45,15,6,1,0,5,9,73
N20001120,NI data zone,2,52,5,0,1,0,1,11,130
N20001121,NI data zone,14,37,50,60,21,6,7,17,20
N20001122,NI data zone,0,54,19,4,1,1,0,11,38
N20001123,NI data zone,4,67,30,4,1,5,0,5,54
N20001124,NI data zone,9,68,45,12,2,4,11,16,103
N20001125,NI data zone,6,42,38,10,1,1,5,8,45
N20001126,NI data zone,7,94,44,23,1,21,3,13,78
N20001127,NI data zone,5,54,11,11,6,15,8,11,83
N20001128,NI data zone,13,54,20,15,4,4,2,10,13
N20001129,NI data zone,17,97,31,16,8,11,7,11,27
N20001130,NI data zone,2,55,1,10,1,4,3,9,117
N20001131,NI data zone,4,56,3,10,4,8,3,8,110
N20001132,NI data zone,32,103,18,7,1,1,0,12,74
N20001133,NI data zone,8,62,24,10,2,3,4,15,147
N20001134,NI data zone,17,69,28,19,7,7,4,13,75
N20001135,NI data zone,7,91,40,25,5,7,4,12,78
N20001136,NI data zone,6,49,16,5,0,4,2,7,92
N20001137,NI data zone,5,83,46,3,3,2,1,11,84
N20001138,NI data zone,17,71,41,26,4,15,12,10,25
N20001139,NI data zone,18,83,40,18,7,0,5,10,104
N20001140,NI data zone,27,60,27,16,4,9,6,9,81
N20001141,NI data zone,31,60,16,7,1,10,7,4,31
N20001142,NI data zone,10,54,31,7,0,2,4,10,119
N20001143,NI data zone,9,52,24,12,0,4,2,12,98
N20001144,NI data zone,5,72,63,21,2,8,6,4,72
N20001145,NI data zone,4,68,47,3,2,4,0,4,11
N20001146,NI data zone,10,53,29,18,6,5,4,3,14
N20001147,NI data zone,27,70,26,24,7,31,10,6,13
N20001148,NI data zone,29,57,29,25,4,4,6,10,11
N20001149,NI data zone,19,88,40,20,4,13,14,13,76
N20001150,NI data zone,7,51,29,21,7,22,13,5,24
N20001151,NI data zone,6,46,27,9,1,4,4,3,101
N20001152,NI data zone,8,59,30,10,0,4,6,3,49
N20001153,NI data zone,7,30,21,7,4,1,3,10,132
N20001154,NI data zone,14,44,19,15,3,20,7,7,13
N20001155,NI data zone,10,67,44,21,6,13,15,11,26
N20001156,NI data zone,27,79,50,57,13,3,7,21,19
N20001157,NI data zone,5,50,11,2,0,0,3,8,73
N20001158,NI data zone,41,97,40,18,6,13,15,8,16
N20001159,NI data zone,10,65,31,28,3,11,7,9,37
N20001160,NI data zone,17,74,35,10,1,16,11,3,17
N20001161,NI data zone,27,88,48,6,4,5,8,10,37
N20001162,NI data zone,24,36,19,24,8,4,3,23,9
N20001163,NI data zone,13,48,26,28,3,14,4,7,14
N20001164,NI data zone,26,68,58,35,15,13,11,11,13
N20001165,NI data zone,16,72,33,28,9,29,10,6,14
N20001166,NI data zone,20,70,47,44,22,3,9,15,21
N20001167,NI data zone,23,38,46,65,21,2,9,24,28
N20001168,NI data zone,28,80,56,34,2,7,3,15,40
N20001169,NI data zone,24,30,28,56,22,4,5,25,7
N20001170,NI data zone,23,45,43,48,9,4,7,20,10
N20001171,NI data zone,52,32,28,13,2,6,3,14,14
N20001172,NI data zone,18,27,35,107,22,9,11,31,7
N20001173,NI data zone,27,31,25,48,10,4,11,13,8
N20001174,NI data zone,32,30,33,68,15,9,6,24,6
N20001175,NI data zone,21,29,21,34,11,6,4,16,10
N20001176,NI data zone,32,12,20,37,21,3,7,26,6
N20001177,NI data zone,27,18,27,38,21,4,3,37,10
N20001178,NI data zone,25,13,37,50,28,2,4,39,6
N20001179,NI data zone,12,78,44,7,3,6,3,2,12
N20001180,NI data zone,9,15,19,20,23,3,1,15,3
N20001181,NI data zone,27,45,27,18,4,2,5,8,12
N20001182,NI data zone,20,13,35,47,19,7,6,20,6
N20001183,NI data zone,18,23,33,34,18,8,7,22,10
N20001184,NI data zone,30,101,66,51,14,15,19,27,23
N20001185,NI data zone,19,23,32,45,23,3,8,30,9
N20001186,NI data zone,35,73,59,31,15,8,7,25,15
N20001187,NI data zone,49,13,20,15,9,1,3,19,5
N20001188,NI data zone,37,27,35,26,8,2,4,17,8
N20001189,NI data zone,35,12,15,40,24,6,10,33,5
N20001190,NI data zone,28,14,26,34,38,4,14,32,2
N20001191,NI data zone,11,19,33,55,11,2,6,20,5
N20001192,NI data zone,22,18,26,39,36,8,11,31,5
N20001193,NI data zone,27,22,21,33,12,3,4,13,10
N20001194,NI data zone,24,20,24,25,8,24,9,11,4
N20001195,NI data zone,38,44,42,62,25,10,14,31,12
N20001196,NI data zone,16,21,24,45,13,0,6,31,1
N20001197,NI data zone,21,17,31,34,26,6,7,27,7
N20001198,NI data zone,33,12,21,50,22,4,7,35,1
N20001199,NI data zone,55,21,27,49,19,9,7,41,5
N20001200,NI data zone,34,22,24,42,12,3,8,21,6
N20001201,NI data zone,23,29,37,51,11,14,6,12,9
N20001202,NI data zone,22,40,24,35,13,12,13,10,7
N20001203,NI data zone,21,21,20,45,15,15,11,11,12
N20001204,NI data zone,22,19,22,54,25,3,8,24,3
N20001205,NI data zone,42,42,15,34,11,10,10,9,5
N20001206,NI data zone,21,42,11,2,0,14,6,7,3
N20001207,NI data zone,23,52,10,15,6,20,16,11,7
N20001208,NI data zone,39,51,12,28,17,50,17,11,16
N20001209,NI data zone,34,45,17,28,10,8,0,17,3
N20001210,NI data zone,14,32,28,45,18,22,21,9,7
N20001211,NI data zone,34,57,31,27,12,17,18,15,10
N20001212,NI data zone,12,4,21,25,16,0,3,20,2
N20001213,NI data zone,21,46,17,30,8,11,9,9,5
N20001214,NI data zone,26,71,33,19,8,29,16,10,10
N20001215,NI data zone,52,45,41,53,21,20,19,27,10
N20001216,NI data zone,15,29,16,29,8,8,7,11,4
N20001217,NI data zone,34,62,50,41,17,10,15,19,12
N20001218,NI data zone,24,19,26,46,8,1,4,19,3
N20001219,NI data zone,24,19,28,46,9,13,10,21,2
N20001220,NI data zone,39,25,38,51,10,5,16,35,10
N20001221,NI data zone,31,34,31,38,11,11,9,18,11
N20001222,NI data zone,19,60,13,23,11,29,10,11,3
N20001223,NI data zone,43,86,35,39,16,35,13,24,7
N20001224,NI data zone,48,75,28,19,8,24,10,8,3
N20001225,NI data zone,13,24,12,21,7,10,8,9,3
N20001226,NI data zone,52,8,14,35,22,3,2,43,4
N20001227,NI data zone,26,104,10,7,6,11,15,4,5
N20001228,NI data zone,63,48,18,12,10,12,16,16,6
N20001229,NI data zone,45,54,24,30,15,14,10,13,7
N20001230,NI data zone,30,12,30,66,23,3,10,55,5
N20001231,NI data zone,26,35,44,44,15,6,8,27,13
N20001232,NI data zone,33,47,40,58,9,29,13,17,11
N20001233,NI data zone,23,15,33,38,29,5,11,29,5
N20001234,NI data zone,14,57,36,57,7,10,9,8,5
N20001235,NI data zone,38,33,5,8,9,13,26,11,13
N20001237,NI data zone,19,18,12,22,36,15,16,29,9
N20001238,NI data zone,34,11,11,10,16,3,11,25,7
N20001244,NI data zone,44,35,45,43,44,10,32,60,16
N20001245,NI data zone,33,17,23,22,25,8,11,27,12
N20001247,NI data zone,46,23,23,27,27,13,15,25,8
N20001249,NI data zone,39,85,35,45,15,34,13,14,21
N20001251,NI data zone,40,33,28,46,41,16,24,30,13
N20001253,NI data zone,16,53,38,66,29,33,30,11,7
N20001254,NI data zone,10,29,22,51,30,26,19,12,4
N20001255,NI data zone,15,44,14,30,20,80,30,8,22
N20001256,NI data zone,15,35,23,16,23,34,13,7,14
N20001257,NI data zone,6,37,13,25,20,58,35,4,10
N20001258,NI data zone,16,24,56,63,87,12,24,33,18
N20001259,NI data zone,24,34,26,42,29,41,24,33,13
N20001260,NI data zone,11,21,24,57,15,12,10,20,8
N20001261,NI data zone,10,59,16,31,27,85,48,0,27
N20001262,NI data zone,17,42,11,13,11,46,28,6,14
N20001263,NI data zone,10,35,7,18,12,70,28,8,18
N20001264,NI data zone,17,32,44,68,55,7,19,27,7
N20001265,NI data zone,23,17,29,37,32,9,19,22,12
N20001266,NI data zone,21,45,13,19,20,66,19,4,15
N20001268,NI data zone,2,20,7,17,5,110,26,5,11
N20001269,NI data zone,40,79,11,12,5,38,22,10,13
N20001270,NI data zone,13,66,8,10,8,34,15,10,9
N20001271,NI data zone,21,17,25,47,18,9,9,22,6
N20001272,NI data zone,15,36,9,22,21,63,42,8,21
N20001274,NI data zone,13,53,13,14,16,38,23,8,5
N20001275,NI data zone,18,45,31,28,15,13,10,16,4
N20001276,NI data zone,29,52,6,18,12,54,24,11,9
N20001277,NI data zone,12,32,17,47,25,66,29,2,20
N20001278,NI data zone,7,33,15,67,9,35,9,1,12
N20001280,NI data zone,15,71,36,13,6,12,4,8,6
N20001281,NI data zone,10,53,33,25,3,15,5,2,6
N20001282,NI data zone,8,16,21,38,26,30,17,3,8
N20001283,NI data zone,24,35,8,9,7,29,22,14,13
N20001284,NI data zone,0,35,23,80,12,40,11,3,6
N20001285,NI data zone,43,42,11,22,10,18,9,9,4
N20001286,NI data zone,5,16,2,12,6,60,9,3,5
N20001287,NI data zone,24,39,7,19,10,27,22,12,13
N20001288,NI data zone,17,61,16,17,10,47,19,16,14
N20001289,NI data zone,34,54,8,28,4,20,14,13,10
N20001290,NI data zone,8,35,41,104,60,40,28,22,23
N20001291,NI data zone,4,21,13,67,7,50,14,1,6
N20001292,NI data zone,26,61,48,49,13,26,9,13,7
N20001293,NI data zone,18,28,5,13,13,35,25,11,9
N20001294,NI data zone,22,12,21,18,7,2,6,16,0
N20001295,NI data zone,25,43,7,17,9,30,16,6,5
N20001296,NI data zone,30,26,40,28,12,5,6,20,5
N20001304,NI data zone,27,54,8,6,7,73,32,4,13
N20001307,NI data zone,16,58,17,21,10,66,11,13,26
N20001311,NI data zone,15,66,18,11,8,36,8,3,16
N20001312,NI data zone,23,37,20,22,9,32,13,12,14
N20001315,NI data zone,16,50,18,26,7,34,15,9,23
N20001316,NI data zone,8,23,14,12,10,64,18,6,5
N20001318,NI data zone,29,43,31,20,19,21,16,19,11
N20001319,NI data zone,10,55,12,8,10,30,19,9,7
N20001321,NI data zone,29,55,21,29,13,36,26,12,18
N20001322,NI data zone,22,54,15,20,8,38,25,14,10
N20001324,NI data zone,15,60,12,22,5,65,20,10,6
N20001330,NI data zone,21,37,17,22,24,17,8,8,11
N20001333,NI data zone,24,38,22,31,28,9,11,10,8
N20001334,NI data zone,42,30,30,40,33,27,24,31,15
N20001336,NI data zone,49,46,10,4,0,20,10,10,6
N20001337,NI data zone,50,23,10,26,20,9,13,12,14
N20001340,NI data zone,28,24,23,29,15,19,11,16,12
N20001342,NI data zone,25,35,23,32,27,24,17,22,14
N20001345,NI data zone,21,33,11,33,17,20,25,16,14
N20001347,NI data zone,92,45,6,4,3,3,5,36,5
N20001350,NI data zone,21,33,22,24,18,12,14,24,13
N20001352,NI data zone,23,57,15,18,16,38,19,12,12
N20001354,NI data zone,35,71,18,13,20,14,19,20,12
N20001355,NI data zone,33,54,19,23,20,16,23,12,15
N20001357,NI data zone,27,48,15,19,14,20,17,17,8
N20001361,NI data zone,34,36,14,39,27,15,19,27,9
N20001364,NI data zone,42,34,30,30,31,15,30,18,14
N20001366,NI data zone,36,23,12,26,14,14,27,15,13
N20001367,NI data zone,28,25,11,27,13,10,20,21,11
N20001368,NI data zone,17,27,9,12,13,8,12,11,2
N20001389,NI data zone,25,74,3,22,11,72,22,5,14
N20001396,NI data zone,38,60,14,14,4,43,19,8,1
N20001398,NI data zone,44,69,13,11,6,33,10,11,8
N20001406,NI data zone,40,69,13,9,2,23,13,6,8
N20001409,NI data zone,13,29,11,11,7,17,13,9,2
N20001410,NI data zone,43,42,4,8,9,22,15,13,4
N20001412,NI data zone,29,33,9,10,7,23,15,5,3
N20001414,NI data zone,27,56,12,10,4,29,13,7,10
N20001415,NI data zone,21,58,6,10,5,37,10,7,7
N20001418,NI data zone,29,93,35,17,4,13,13,14,21
N20001421,NI data zone,17,39,7,14,9,46,13,6,10
N20001423,NI data zone,25,69,7,5,4,24,10,2,2
N20001425,NI data zone,3,58,34,14,0,9,8,7,10
N20001426,NI data zone,12,41,4,8,7,55,16,6,12
N20001429,NI data zone,15,49,7,8,6,77,37,7,22
N20001430,NI data zone,17,55,19,11,5,16,14,5,10
N20001431,NI data zone,39,54,6,4,3,42,7,10,4
N20001432,NI data zone,13,36,3,2,13,32,18,4,8
N20001433,NI data zone,29,40,4,3,4,55,26,8,16
N20001434,NI data zone,23,89,8,8,9,17,22,9,9
N20001435,NI data zone,8,44,4,13,4,62,5,2,3
N20001437,NI data zone,17,56,7,9,6,42,33,9,14
N20001438,NI data zone,13,36,6,7,5,40,24,6,15
N20001439,NI data zone,24,66,23,27,8,45,22,18,22
N20001440,NI data zone,23,43,14,11,10,36,24,10,11
N20001441,NI data zone,14,59,19,22,9,45,21,19,23
N20001442,NI data zone,15,29,11,20,33,26,27,13,15
N20001443,NI data zone,11,69,13,19,5,19,18,11,9
N20001444,NI data zone,30,68,8,9,13,65,45,9,19
N20001445,NI data zone,12,62,9,11,6,30,14,8,22
N20002252,NI data zone,28,100,27,33,16,23,17,23,5
N20002253,NI data zone,26,45,23,18,12,10,7,9,6
N20002254,NI data zone,36,31,43,32,12,18,14,28,13
N20002255,NI data zone,16,37,14,22,6,19,8,9,2
N20002256,NI data zone,23,35,39,32,15,12,11,22,7
N20002257,NI data zone,24,50,58,65,23,5,6,30,4
N20002258,NI data zone,31,48,38,48,18,18,12,22,11
N20002259,NI data zone,15,17,29,59,23,7,6,20,3
N20002260,NI data zone,29,31,37,52,18,6,10,31,10
N20002261,NI data zone,9,10,30,64,15,9,6,19,2
N20002262,NI data zone,19,23,41,36,30,7,16,23,6
N20002263,NI data zone,43,61,48,28,5,9,7,22,5
N20002264,NI data zone,31,19,40,35,34,7,5,36,5
N20002265,NI data zone,28,38,25,13,5,10,6,11,5
N20002266,NI data zone,17,15,33,70,18,1,2,34,3
N20002267,NI data zone,43,37,23,13,4,10,7,21,7
N20002268,NI data zone,44,22,69,99,47,13,21,53,13
N20002269,NI data zone,39,81,64,47,14,24,10,19,7
N20002270,NI data zone,15,45,23,19,3,14,4,5,0
N20002271,NI data zone,6,20,38,62,10,10,4,10,2
N20002272,NI data zone,15,51,61,63,7,18,4,14,3
N20002273,NI data zone,19,25,42,48,20,6,6,25,3
N20002274,NI data zone,31,31,42,55,16,7,8,30,1
N20002275,NI data zone,8,27,36,82,22,11,5,19,5
N20002276,NI data zone,15,18,30,41,26,5,13,20,11
N20002277,NI data zone,20,24,39,79,29,8,2,32,6
N20002278,NI data zone,33,20,27,32,15,10,7,24,2
N20002279,NI data zone,28,27,28,10,4,2,4,32,2
N20002280,NI data zone,17,19,37,38,24,4,3,32,1
N20002281,NI data zone,49,40,45,73,17,3,4,49,3
N20002282,NI data zone,44,40,26,36,9,8,15,27,3
N20002283,NI data zone,47,33,17,12,2,2,3,17,1
N20002284,NI data zone,24,20,51,92,34,2,10,46,8
N20002285,NI data zone,26,21,41,50,23,1,7,36,9
N20002286,NI data zone,9,7,24,34,22,1,2,28,6
N20002305,NI data zone,4,33,39,93,7,12,3,3,5
N20002307,NI data zone,5,3,27,35,28,0,3,17,1
N20002326,NI data zone,23,14,32,42,36,7,6,30,5
N20002330,NI data zone,53,23,36,39,21,8,4,44,7
N20002331,NI data zone,0,6,0,30,3,68,10,1,3
N20002333,NI data zone,15,11,21,27,22,9,7,19,7
N20002337,NI data zone,30,12,21,43,24,9,7,42,2
N20002338,NI data zone,20,13,13,26,5,3,3,29,3
N20002339,NI data zone,26,8,29,32,27,7,8,34,4
N20002340,NI data zone,26,31,11,8,6,12,15,10,1
N20002343,NI data zone,21,17,18,38,12,7,6,28,5
N20002345,NI data zone,28,51,23,24,9,16,13,12,3
N20002346,NI data zone,22,19,20,39,13,10,7,14,3
N20002347,NI data zone,34,43,23,39,18,25,30,19,4
N20002348,NI data zone,25,28,26,37,13,12,19,14,3
N20002350,NI data zone,28,20,57,37,18,8,7,34,5
N20002352,NI data zone,71,24,33,21,19,5,20,52,10
N20002353,NI data zone,5,35,31,109,33,22,9,6,10
N20002354,NI data zone,24,44,21,21,3,14,10,16,6
N20002355,NI data zone,29,34,24,31,19,27,19,18,8
N20002356,NI data zone,26,62,29,33,13,20,19,11,13
N20002357,NI data zone,22,18,21,39,18,10,9,15,9
N20002358,NI data zone,6,46,24,47,3,17,6,1,4
N20002359,NI data zone,12,39,10,15,6,10,9,6,2
N20002360,NI data zone,25,16,24,58,11,12,5,36,5
N20002361,NI data zone,14,29,15,30,7,31,6,10,7
N20002362,NI data zone,59,62,40,43,14,24,19,18,12
N20002363,NI data zone,31,59,26,26,16,27,21,15,19
N20002365,NI data zone,16,26,14,12,8,37,10,9,1
N20002366,NI data zone,25,50,39,31,18,20,14,20,9
N20002367,NI data zone,24,34,16,40,17,21,17,15,6
N20002368,NI data zone,18,75,14,32,9,48,23,10,7
N20002369,NI data zone,13,37,32,34,12,8,5,10,4
N20002370,NI data zone,12,21,10,40,9,50,19,11,6
N20002371,NI data zone,33,58,12,20,5,43,17,8,11
N20002372,NI data zone,44,30,45,42,28,10,10,38,5
N20002373,NI data zone,73,103,31,45,15,40,19,19,6
N20002374,NI data zone,28,62,27,27,7,37,23,12,11
N20002375,NI data zone,11,28,13,28,9,40,7,7,8
N20002376,NI data zone,32,100,13,2,5,5,7,5,2
N20002377,NI data zone,17,41,43,87,16,25,11,13,9
N20002378,NI data zone,20,12,18,50,27,3,6,20,4
N20002379,NI data zone,56,143,43,35,21,24,15,14,13
N20002380,NI data zone,34,63,19,25,7,22,25,11,6
N20002381,NI data zone,20,32,27,48,12,22,14,7,4
N20002382,NI data zone,30,67,27,39,16,35,20,19,9
N20002383,NI data zone,69,163,45,3,2,7,6,9,9
N20002384,NI data zone,21,29,25,41,13,28,22,12,8
N20002385,NI data zone,38,30,32,73,26,8,12,21,6
N20002386,NI data zone,17,83,29,58,19,35,9,7,10
N20002387,NI data zone,28,84,44,60,5,27,20,11,12
N20002388,NI data zone,28,43,18,36,6,76,13,13,6
N20002389,NI data zone,12,50,34,85,6,14,3,6,8
N20002390,NI data zone,39,23,46,55,17,5,13,39,5
N20002391,NI data zone,10,19,16,22,13,8,4,11,1
N20002392,NI data zone,20,32,64,120,8,10,3,22,7
N20002393,NI data zone,33,27,31,49,34,9,8,34,8
N20002394,NI data zone,36,65,23,28,16,20,20,15,6
N20002395,NI data zone,3,34,50,55,3,14,4,3,3
N20002396,NI data zone,32,21,31,31,8,0,10,22,5
N20002397,NI data zone,41,46,48,28,13,9,12,33,8
N20002398,NI data zone,6,29,23,37,19,34,5,6,5
N20002399,NI data zone,26,18,44,71,38,5,6,50,7
N20002400,NI data zone,26,14,9,19,21,3,1,12,4
N20002401,NI data zone,40,10,17,52,12,6,7,12,2
N20002402,NI data zone,21,18,41,34,15,13,14,17,4
N20002403,NI data zone,23,63,41,30,11,8,10,13,5
N20002404,NI data zone,33,23,29,80,17,9,11,27,5
N20002405,NI data zone,27,25,27,42,19,8,11,35,6
N20002406,NI data zone,30,9,32,48,32,4,1,58,5
N20002407,NI data zone,15,17,17,18,6,10,8,12,5
N20002408,NI data zone,42,27,30,42,23,16,12,43,9
N20002409,NI data zone,25,71,15,23,7,31,7,15,2
N20002410,NI data zone,30,8,25,31,14,7,13,39,4
N20002411,NI data zone,35,83,41,36,24,26,13,13,12
N20002412,NI data zone,22,23,26,46,14,18,11,15,7
N20002413,NI data zone,41,14,10,24,7,2,7,27,4
N20002414,NI data zone,29,61,35,38,11,26,18,23,8
N20002415,NI data zone,24,47,25,36,14,18,16,10,5
N20002416,NI data zone,48,12,14,28,11,9,11,47,6
N20002417,NI data zone,38,11,25,40,25,4,6,30,2
N20002418,NI data zone,22,56,33,22,20,29,4,14,8
N20002419,NI data zone,22,43,30,20,4,5,2,10,5
N20002420,NI data zone,40,50,30,29,14,27,17,23,4
N20002421,NI data zone,46,99,16,6,4,14,3,8,5
N20002422,NI data zone,42,53,20,13,4,5,8,15,4
N20002423,NI data zone,35,43,22,35,13,33,13,21,4
N20002424,NI data zone,30,19,32,52,21,8,8,36,7
N20002425,NI data zone,23,28,41,69,21,3,6,32,8
N20002426,NI data zone,13,31,34,48,18,4,3,32,1
N20002427,NI data zone,38,21,38,42,18,8,9,41,4
N20002428,NI data zone,11,17,23,14,12,5,8,8,4
N20002429,NI data zone,12,32,14,46,14,40,13,14,15
N20002430,NI data zone,23,14,24,55,13,1,6,18,6
N20002431,NI data zone,22,26,9,37,10,21,18,11,13
N20002432,NI data zone,60,86,34,28,12,18,14,17,4
N20002433,NI data zone,9,8,20,51,15,6,2,26,5
N20002434,NI data zone,8,33,19,20,13,6,9,8,3
N20002435,NI data zone,44,43,54,68,13,9,10,44,7
N20002436,NI data zone,24,33,38,44,16,8,10,19,3
N20002437,NI data zone,11,25,61,90,24,6,11,27,3
N20002438,NI data zone,24,22,25,41,23,9,7,30,5
N20002439,NI data zone,28,25,45,81,27,8,7,42,14
N20002440,NI data zone,27,32,41,51,28,10,16,41,13
N20002441,NI data zone,18,32,48,70,20,9,7,29,3
N20002442,NI data zone,22,13,29,57,31,7,6,21,5
N20002443,NI data zone,22,7,26,42,17,1,8,35,1
N20002444,NI data zone,18,13,33,55,29,5,8,28,12
N20002445,NI data zone,18,22,44,51,26,4,6,33,12
N20002446,NI data zone,29,16,39,54,26,4,9,33,13
N20002447,NI data zone,21,16,51,45,27,3,7,39,9
N20002448,NI data zone,26,34,46,40,15,10,10,11,6
N20002449,NI data zone,26,15,36,40,40,7,11,26,8
N20002450,NI data zone,15,15,28,58,24,10,2,23,9
N20002451,NI data zone,32,22,39,49,27,3,10,30,14
N20002452,NI data zone,18,18,29,53,24,3,7,21,8
N20002453,NI data zone,24,20,27,44,18,9,4,18,6
N20002454,NI data zone,28,45,28,83,8,26,11,10,2
N20002455,NI data zone,15,23,23,30,10,17,14,14,3
N20002456,NI data zone,33,51,62,64,21,17,16,15,7
N20002457,NI data zone,29,51,45,56,8,10,6,27,0
N20002458,NI data zone,26,19,37,54,39,3,10,23,6
N20002459,NI data zone,39,28,36,43,20,11,10,29,1
N20002460,NI data zone,16,47,24,17,5,7,4,5,4
N20002461,NI data zone,52,100,55,51,23,27,16,29,7
N20002462,NI data zone,26,49,31,30,15,22,11,11,11
N20002463,NI data zone,31,32,32,54,10,7,7,18,2
N20002464,NI data zone,31,20,29,39,14,8,13,28,6
N20002465,NI data zone,17,22,32,38,20,9,8,20,8
N20002466,NI data zone,12,20,15,22,9,5,5,12,5
N20002467,NI data zone,37,28,46,65,20,10,13,43,6
N20002468,NI data zone,37,31,48,58,12,9,8,29,6
N20002469,NI data zone,5,17,29,38,25,7,10,6,1
N20002470,NI data zone,27,27,35,74,40,11,13,30,2
N20002471,NI data zone,16,54,37,36,16,11,10,11,2
N20002472,NI data zone,22,13,26,44,15,2,4,45,8
N20002473,NI data zone,41,24,26,42,15,3,8,28,6
N20002474,NI data zone,15,43,57,70,48,7,9,16,8
N20002475,NI data zone,41,25,20,36,31,3,4,42,6
N20002476,NI data zone,16,35,57,83,33,10,6,12,6
N20002477,NI data zone,30,49,43,28,11,3,8,19,6
N20002478,NI data zone,16,27,38,74,44,2,10,29,8
N20002479,NI data zone,16,20,23,36,18,3,3,6,5
N20002480,NI data zone,3,29,29,120,5,6,4,6,0
N20002481,NI data zone,20,52,37,62,20,35,22,9,9
N20002482,NI data zone,7,27,40,117,15,10,3,5,4
N20002483,NI data zone,27,19,46,83,67,7,11,18,5
N20002484,NI data zone,34,58,34,74,22,6,9,34,4
N20002485,NI data zone,21,14,27,41,17,7,3,27,3
N20002486,NI data zone,21,10,11,16,14,2,7,27,5
N20002487,NI data zone,12,7,43,64,62,9,12,15,12
N20002488,NI data zone,32,18,53,72,10,7,9,16,3
N20002489,NI data zone,21,15,23,23,18,10,9,18,5
N20002490,NI data zone,62,21,34,53,19,6,11,45,4
N20002491,NI data zone,29,30,40,53,20,9,5,41,5
N20002492,NI data zone,21,33,25,25,18,18,8,2,5
N20002493,NI data zone,44,35,3,14,10,35,8,3,4
N20002494,NI data zone,7,55,38,37,7,26,8,4,5
N20002495,NI data zone,22,21,40,80,27,8,7,19,6
N20002496,NI data zone,26,39,39,91,22,23,11,13,9
N20002497,NI data zone,13,53,33,47,12,12,11,6,7
N20002498,NI data zone,20,12,16,48,22,4,9,10,6
N20002499,NI data zone,23,17,45,73,30,5,9,26,13
N20002500,NI data zone,16,30,67,100,41,12,11,18,9
N20002501,NI data zone,21,15,46,46,27,1,8,28,5
N20002502,NI data zone,30,18,36,31,23,6,3,18,6
N20002503,NI data zone,21,29,60,54,27,5,11,16,5
N20002504,NI data zone,20,27,26,24,6,10,5,14,5
N20002505,NI data zone,1,8,28,96,12,3,2,9,3
N20002506,NI data zone,19,35,20,23,12,3,6,15,11
N20002507,NI data zone,41,22,17,10,6,5,7,13,4
N20002508,NI data zone,46,90,45,27,10,16,8,30,9
N20002509,NI data zone,8,42,65,75,11,8,5,8,1
N20002510,NI data zone,21,71,24,15,5,21,10,7,11
N20002511,NI data zone,33,46,31,28,9,29,25,19,9
N20002512,NI data zone,48,50,38,28,6,22,16,23,9
N20002513,NI data zone,21,46,17,16,11,7,12,32,6
N20002514,NI data zone,30,40,19,38,25,34,26,29,10
N20002515,NI data zone,11,19,41,62,26,21,6,13,5
N20002516,NI data zone,31,54,46,49,17,13,10,32,8
N20002517,NI data zone,13,30,15,26,3,16,10,4,8
N20002518,NI data zone,7,46,38,59,18,7,2,7,4
N20002519,NI data zone,14,16,27,32,14,4,3,12,1
N20002520,NI data zone,34,20,33,46,8,14,7,16,7
N20002521,NI data zone,30,79,23,25,18,41,12,11,7
N20002522,NI data zone,27,47,17,21,13,25,15,15,1
N20002523,NI data zone,20,63,18,19,8,24,17,8,2
N20002524,NI data zone,28,69,38,40,25,12,13,16,5
N20002525,NI data zone,41,45,27,29,6,8,6,13,5
N20002526,NI data zone,6,53,63,87,4,9,2,7,3
N20002527,NI data zone,35,50,30,45,22,42,22,13,13
N20002528,NI data zone,2,33,35,52,3,12,0,1,0
N20002529,NI data zone,40,33,23,24,9,18,5,15,3
N20002530,NI data zone,42,50,26,27,19,18,16,17,5
N20002531,NI data zone,31,55,30,16,14,8,3,17,4
N20002532,NI data zone,25,33,34,44,15,11,8,23,3
N20002533,NI data zone,17,21,25,22,9,25,11,4,4
N20002534,NI data zone,33,28,34,47,17,15,11,26,13
N20002535,NI data zone,11,9,22,43,21,5,6,10,2
N20002536,NI data zone,28,40,43,51,20,11,10,34,7
N20002537,NI data zone,32,13,36,21,13,1,5,32,2
N20002538,NI data zone,3,35,63,58,4,4,5,3,3
N20002539,NI data zone,3,34,54,57,4,9,4,4,2
N20002540,NI data zone,26,20,36,35,21,2,8,15,9
N20002541,NI data zone,26,16,29,43,18,4,9,24,9
N20002542,NI data zone,20,17,44,33,7,5,9,29,3
N20002543,NI data zone,16,20,16,19,6,8,2,25,2
N20002544,NI data zone,30,38,22,32,16,14,8,14,3
N20002545,NI data zone,18,19,51,58,35,4,13,16,4
N20002546,NI data zone,23,19,57,64,29,5,11,31,3
N20002547,NI data zone,18,21,25,54,30,3,6,27,14
N20003208,NI data zone,11,12,14,59,22,3,9,13,3
N20003209,NI data zone,22,13,24,58,27,9,9,15,9
N20003210,NI data zone,15,16,22,50,22,4,10,19,5
N20003211,NI data zone,19,12,16,58,33,11,13,17,10
N20003213,NI data zone,26,31,30,76,55,9,11,28,13
N20003214,NI data zone,18,21,34,96,39,12,25,19,19
N20003215,NI data zone,25,30,27,68,21,23,18,15,17
N20003216,NI data zone,18,14,30,89,26,5,11,19,8
N20003217,NI data zone,24,35,22,45,15,35,14,15,4
N20003218,NI data zone,16,24,23,86,18,21,10,8,5
N20003219,NI data zone,11,11,21,51,28,7,8,17,5
N20003220,NI data zone,23,44,28,48,19,32,12,11,4
N20003221,NI data zone,19,46,36,101,24,29,22,9,9
N20003222,NI data zone,13,8,13,73,25,4,12,12,11
N20003223,NI data zone,14,29,23,53,14,10,11,12,10
N20003225,NI data zone,19,16,17,74,40,8,9,20,18
N20003226,NI data zone,19,24,26,88,20,21,18,20,9
N20003227,NI data zone,17,19,27,84,35,13,13,11,12
N20003229,NI data zone,17,12,18,52,25,4,15,20,14
N20003230,NI data zone,16,19,33,66,39,9,9,20,14
N20003231,NI data zone,15,30,23,57,38,15,16,24,14
N20003232,NI data zone,7,9,10,47,15,2,8,20,6
N20003234,NI data zone,11,14,28,87,28,10,16,14,5
N20003235,NI data zone,16,18,29,66,27,7,17,20,9
N20003236,NI data zone,25,28,39,67,42,16,14,18,3
N20003237,NI data zone,27,13,20,60,36,0,5,31,4
N20003238,NI data zone,14,25,27,51,27,15,12,9,8
N20003239,NI data zone,32,34,28,43,34,21,19,14,11
N20003240,NI data zone,30,30,38,78,28,9,13,33,6
N20003241,NI data zone,18,43,37,69,13,31,15,6,11
N20003242,NI data zone,31,71,28,24,11,18,12,16,12
N20003243,NI data zone,21,32,22,48,28,25,15,17,6
N20003244,NI data zone,18,44,28,48,21,31,27,4,6
N20003245,NI data zone,7,20,8,11,15,27,26,2,3
N20003246,NI data zone,21,29,14,36,13,24,16,18,13
N20003247,NI data zone,19,7,9,16,12,1,4,25,4
N20003248,NI data zone,30,68,25,28,10,14,20,16,6
N20003249,NI data zone,28,31,7,18,8,18,7,14,6
N20003250,NI data zone,41,40,33,40,20,12,8,24,4
N20003251,NI data zone,44,30,10,17,4,6,8,6,4
N20003252,NI data zone,34,34,16,20,23,13,7,32,9
N20003253,NI data zone,35,42,34,27,21,10,15,23,8
N20003254,NI data zone,70,39,18,29,15,11,6,16,1
N20003255,NI data zone,42,73,18,19,10,15,13,15,12
N20003256,NI data zone,30,24,27,30,23,6,13,34,3
N20003257,NI data zone,28,35,38,69,30,9,8,36,8
N20003258,NI data zone,13,21,16,34,11,22,8,14,6
N20003259,NI data zone,20,27,27,33,27,6,6,28,16
N20003260,NI data zone,9,27,28,66,17,23,14,6,6
N20003261,NI data zone,23,16,20,71,38,8,10,20,12
N20003262,NI data zone,24,43,39,44,14,29,14,14,14
N20003263,NI data zone,16,48,11,23,11,62,23,7,7
N20003264,NI data zone,22,8,28,58,22,7,3,17,4
N20003265,NI data zone,20,55,22,19,10,25,16,18,17
N20003266,NI data zone,60,54,22,34,19,14,18,38,20
N20003267,NI data zone,23,49,15,22,10,31,12,9,9
N20003268,NI data zone,27,22,41,52,22,8,14,37,5
N20003269,NI data zone,23,60,19,32,16,30,23,17,4
N20003270,NI data zone,47,27,30,37,22,9,6,44,10
N20003271,NI data zone,42,73,25,18,13,15,15,21,5
N20003272,NI data zone,17,24,32,60,24,16,15,14,10
N20003273,NI data zone,26,52,32,38,29,14,10,38,10
N20003274,NI data zone,42,39,43,45,29,14,11,42,11
N20003275,NI data zone,24,16,18,37,24,4,6,33,8
N20003276,NI data zone,37,15,21,66,33,8,6,17,10
N20003277,NI data zone,28,26,30,29,20,12,14,25,7
N20003278,NI data zone,72,64,21,31,6,5,10,27,10
N20003279,NI data zone,54,51,18,21,10,4,11,17,3
N20003280,NI data zone,19,10,20,54,23,2,11,10,6
N20003281,NI data zone,33,23,33,54,26,9,12,31,8
N20003282,NI data zone,30,19,30,69,34,10,14,31,13
N20003283,NI data zone,20,18,19,57,35,12,8,17,11
N20003284,NI data zone,30,58,21,50,21,24,19,7,4
N20003285,NI data zone,19,34,24,37,20,9,12,16,4
N20003286,NI data zone,13,22,31,42,14,25,12,13,6
N20003287,NI data zone,34,31,34,42,22,4,21,29,8
N20003288,NI data zone,18,14,31,78,30,7,9,23,8
N20003289,NI data zone,36,27,21,61,23,5,8,22,4
N20003290,NI data zone,18,20,13,56,31,7,17,25,11
N20003291,NI data zone,15,22,22,60,33,9,8,18,10
N20003292,NI data zone,26,22,30,76,34,5,8,37,13
N20003293,NI data zone,28,12,36,80,40,13,14,24,13
N20003294,NI data zone,18,26,31,55,15,11,4,17,5
N20003295,NI data zone,25,25,24,62,27,7,5,28,4
N20003296,NI data zone,22,23,19,43,14,6,12,14,4
N20003297,NI data zone,26,38,30,72,20,25,8,16,10
N20003298,NI data zone,20,18,24,54,18,16,6,14,4
N20003299,NI data zone,27,37,20,63,11,54,12,17,4
N20003300,NI data zone,33,29,48,60,32,14,12,31,6
N20003301,NI data zone,50,71,32,42,16,14,20,14,13
N20003302,NI data zone,36,57,21,42,22,30,30,24,8
N20003303,NI data zone,20,47,10,27,12,33,13,17,5
N20003304,NI data zone,42,46,36,73,22,43,17,30,12
N20003305,NI data zone,33,39,13,21,5,11,13,14,3
N20003306,NI data zone,36,47,23,32,23,12,9,16,8
N20003307,NI data zone,34,11,16,25,17,6,14,30,7
N20003308,NI data zone,19,26,34,58,12,16,13,14,2
N20003309,NI data zone,20,26,25,53,25,13,14,12,4
N20003310,NI data zone,24,30,28,54,25,4,9,18,6
N20003311,NI data zone,20,35,34,53,28,18,21,31,3
N20003312,NI data zone,28,18,26,34,15,4,9,20,4
N20003313,NI data zone,17,21,31,52,33,10,5,26,10
N20003314,NI data zone,11,4,22,42,22,2,11,19,4
N20003315,NI data zone,21,33,36,79,17,30,15,15,8
N20003316,NI data zone,12,14,23,36,16,3,8,17,4
N20003317,NI data zone,24,32,33,82,41,3,11,49,21
N20003318,NI data zone,32,60,25,52,19,33,26,29,8
N20003319,NI data zone,24,28,38,103,44,17,15,24,22
N20003320,NI data zone,12,17,24,42,19,6,10,21,7
N20003321,NI data zone,21,29,28,84,30,7,10,22,14
N20003322,NI data zone,14,26,14,52,24,3,11,8,7
N20003323,NI data zone,24,19,18,43,33,2,8,19,7
N20003324,NI data zone,27,27,39,81,42,13,16,31,18
N20003325,NI data zone,20,15,17,47,15,8,8,13,6
N20003326,NI data zone,19,18,20,57,28,10,11,23,10
N20003327,NI data zone,28,23,27,68,26,9,19,19,11
N20003328,NI data zone,26,29,43,67,30,8,16,33,22
N20003329,NI data zone,15,44,37,53,14,15,12,11,8
N20003330,NI data zone,26,38,30,47,30,14,12,18,12
N20003331,NI data zone,15,33,26,72,21,5,10,25,10
N20003332,NI data zone,13,23,22,63,20,21,3,5,7
N20003333,NI data zone,19,24,17,41,29,7,5,18,10
N20003334,NI data zone,4,16,9,52,12,19,3,4,5
N20003335,NI data zone,38,47,36,61,26,33,17,31,26
N20003336,NI data zone,31,36,22,82,43,15,8,20,8
N20003337,NI data zone,28,13,34,74,23,7,5,33,10
N20003338,NI data zone,22,43,32,100,11,26,14,13,4
N20003339,NI data zone,28,47,16,18,15,14,15,8,8
N20003340,NI data zone,56,69,38,24,12,16,10,28,7
N20003341,NI data zone,40,69,37,58,18,23,17,20,5
N20003342,NI data zone,32,51,27,62,20,34,19,22,12
N20003343,NI data zone,21,54,21,38,21,21,20,16,13
N20003344,NI data zone,12,19,22,38,25,12,10,14,8
N20003345,NI data zone,22,32,17,30,17,17,7,16,9
N20003346,NI data zone,14,30,8,25,14,26,13,6,3
N20003347,NI data zone,22,17,25,44,23,5,12,30,12
N20003348,NI data zone,18,47,35,26,4,12,3,15,3
N20003349,NI data zone,32,72,59,70,16,26,14,38,5
N20003350,NI data zone,34,50,40,43,25,25,15,24,9
N20003351,NI data zone,28,7,22,27,17,4,6,37,2
N20003352,NI data zone,15,20,43,43,32,5,9,19,11
N20003353,NI data zone,26,35,24,39,24,20,20,8,4
N20003354,NI data zone,29,10,36,36,23,8,8,28,1
N20003355,NI data zone,18,20,41,78,18,8,10,25,4
N20003356,NI data zone,18,15,22,49,29,2,6,22,12
N20003357,NI data zone,18,35,29,47,12,22,10,22,11
N20003358,NI data zone,31,33,49,53,34,4,14,40,7
N20003359,NI data zone,16,23,33,59,30,7,11,29,5
N20003360,NI data zone,8,10,29,38,12,5,9,21,8
N20003361,NI data zone,17,10,30,25,30,6,7,28,9
N20003362,NI data zone,22,14,23,27,26,2,10,24,6
N20003363,NI data zone,14,11,22,36,27,0,8,22,8
N20003364,NI data zone,22,26,14,31,13,14,14,15,10
N20003365,NI data zone,24,33,34,44,24,7,11,25,9
N20003366,NI data zone,19,28,39,54,17,12,8,24,10
N20003367,NI data zone,21,5,19,26,12,2,5,20,3
N20003368,NI data zone,26,45,28,26,11,30,12,11,3
N20003369,NI data zone,34,62,15,36,14,34,18,18,13
N20003370,NI data zone,21,24,35,79,25,10,15,32,4
N20003371,NI data zone,31,22,43,61,34,5,14,29,13
N20003372,NI data zone,20,38,19,20,6,14,9,8,7
N20003373,NI data zone,15,46,22,56,7,22,11,10,5
N20003374,NI data zone,42,47,16,6,5,10,11,11,17
N20003375,NI data zone,45,61,28,21,11,12,12,20,5
N20003376,NI data zone,25,51,17,16,9,21,9,10,2
N20003377,NI data zone,27,30,23,18,10,28,18,16,5
N20003378,NI data zone,35,74,16,30,14,30,13,10,7
N20003379,NI data zone,30,57,15,16,11,32,17,9,9
N20003380,NI data zone,36,81,25,37,15,33,20,15,6
N20003381,NI data zone,30,12,35,41,31,7,4,33,7
N20003382,NI data zone,20,35,19,30,11,10,8,22,5
N20003383,NI data zone,27,17,35,43,17,12,6,29,6
N20003384,NI data zone,32,49,30,44,23,25,15,11,4
N20003385,NI data zone,16,35,37,40,20,11,8,22,3
N20003386,NI data zone,7,20,37,51,15,17,10,10,1
N20003387,NI data zone,28,19,44,76,23,7,5,20,8
N20003388,NI data zone,31,49,28,35,26,32,16,23,11
N20003389,NI data zone,33,18,22,27,19,16,5,24,7
N20003390,NI data zone,8,14,21,63,10,12,2,8,2
N20003391,NI data zone,55,48,31,38,26,20,15,39,1
N20003392,NI data zone,21,16,39,62,32,7,9,30,20
N20003393,NI data zone,23,12,33,55,37,9,11,29,14
N20003394,NI data zone,20,25,18,71,31,9,10,21,13
N20003395,NI data zone,25,24,38,67,26,9,15,25,15
N20003396,NI data zone,26,33,45,49,38,15,9,24,6
N20003397,NI data zone,39,29,29,49,37,12,10,41,5
N20003398,NI data zone,11,14,27,55,23,12,7,10,7
N20003399,NI data zone,28,26,35,64,23,12,16,30,4
N20003400,NI data zone,23,12,34,29,25,7,9,30,8
N20003401,NI data zone,19,43,29,43,17,12,8,15,15
N20003402,NI data zone,10,30,31,29,18,12,14,12,5
N20003403,NI data zone,9,30,8,31,11,26,17,20,7
N20003404,NI data zone,13,57,11,20,4,21,11,10,6
N20003405,NI data zone,35,9,30,43,34,7,16,33,13
N20003406,NI data zone,39,58,6,19,12,20,15,14,13
N20003407,NI data zone,28,38,12,23,15,17,18,10,6
N20003408,NI data zone,63,65,10,10,1,13,5,6,3
N20003409,NI data zone,38,36,28,24,16,21,16,20,13
N20003410,NI data zone,27,61,16,27,9,26,26,12,10
N20003411,NI data zone,12,29,32,96,17,39,14,10,7
N20003412,NI data zone,6,14,15,69,17,22,8,4,10
N20003413,NI data zone,28,43,17,32,11,40,22,10,13
N20003414,NI data zone,21,18,25,90,25,9,11,38,17
N20003415,NI data zone,5,25,9,16,9,11,4,7,3
N20003416,NI data zone,22,48,7,35,11,60,27,8,12
N20003417,NI data zone,12,46,25,30,15,45,26,13,13
N20003418,NI data zone,11,16,16,51,25,13,17,14,10
N20003419,NI data zone,33,95,22,33,14,60,17,8,14
N20003420,NI data zone,47,70,23,59,21,31,22,14,22
N20003421,NI data zone,28,17,37,62,37,19,10,31,11
N20003422,NI data zone,27,22,16,45,34,8,10,24,10
N20003423,NI data zone,22,27,27,51,22,7,16,25,12
N20003424,NI data zone,33,20,24,38,21,5,13,29,7
N20003425,NI data zone,18,24,12,31,20,23,14,4,9
N20003426,NI data zone,9,21,10,25,12,43,11,15,8
N20003427,NI data zone,23,40,17,15,9,18,5,12,4
N20003428,NI data zone,47,46,32,30,16,22,14,18,11
N20003429,NI data zone,33,41,26,52,40,10,9,37,9
N20003430,NI data zone,22,40,19,32,15,27,13,10,13
N20003431,NI data zone,29,25,17,39,10,39,16,14,6
N20003432,NI data zone,10,18,20,27,21,3,2,10,1
N20003433,NI data zone,21,13,28,45,20,5,8,33,9
N20003434,NI data zone,16,19,32,33,12,10,7,20,3
N20003435,NI data zone,9,24,36,49,12,8,4,12,4
N20003436,NI data zone,51,35,43,52,22,15,21,26,6
N20003437,NI data zone,29,28,43,39,15,5,7,35,3
N20003438,NI data zone,29,20,34,33,12,13,12,45,6
N20003439,NI data zone,14,16,25,21,21,4,9,25,3
N20003440,NI data zone,38,50,21,27,12,36,11,13,6
N20003441,NI data zone,39,23,21,15,11,12,19,16,8
N20003442,NI data zone,31,14,28,17,7,11,0,46,0
N20003443,NI data zone,45,76,35,33,9,20,9,12,8
N20003444,NI data zone,12,42,17,27,4,54,13,7,4
N20003445,NI data zone,33,37,24,22,13,14,20,13,3
N20003446,NI data zone,20,55,26,21,2,17,14,9,6
N20003447,NI data zone,8,14,33,37,8,11,4,20,3
N20003448,NI data zone,30,31,75,66,31,10,15,56,7
N20003449,NI data zone,28,55,19,14,3,10,6,8,1
N20003450,NI data zone,72,45,22,21,15,14,8,19,6
N20003451,NI data zone,42,58,49,17,8,8,9,21,4
N20003452,NI data zone,26,27,40,41,24,8,3,31,1
N20003453,NI data zone,17,13,32,34,31,3,10,34,4
N20003454,NI data zone,22,8,35,48,13,3,6,34,3
N20003455,NI data zone,23,17,25,54,7,3,1,13,0
N20003456,NI data zone,24,20,30,43,29,5,7,29,14
N20003457,NI data zone,20,27,38,36,19,4,12,36,11
N20003458,NI data zone,14,9,21,24,19,2,9,30,5
N20003459,NI data zone,27,14,40,27,18,6,5,14,5
N20003460,NI data zone,21,21,31,54,14,3,5,22,2
N20003461,NI data zone,14,11,27,25,13,4,4,21,11
N20003462,NI data zone,4,10,29,40,23,6,5,5,1
N20003463,NI data zone,41,32,47,65,44,12,15,34,9
N20003464,NI data zone,14,18,23,23,16,6,8,19,5
N20003465,NI data zone,44,45,27,36,16,41,19,15,8
N20003466,NI data zone,13,20,58,62,16,11,15,13,5
N20003467,NI data zone,41,27,72,82,36,5,6,56,8
N20003468,NI data zone,15,31,58,87,14,9,5,5,5
N20003469,NI data zone,53,36,67,54,27,4,15,37,6
N20003470,NI data zone,22,26,46,64,17,7,8,24,7
N20003471,NI data zone,21,18,41,51,35,10,10,49,12
N20003472,NI data zone,30,31,21,25,23,14,7,20,6
N20003473,NI data zone,24,20,49,59,20,9,9,40,5
N20003474,NI data zone,33,17,49,61,27,3,13,38,10
N20003475,NI data zone,32,19,38,72,21,6,5,35,4
N20003476,NI data zone,21,17,50,48,35,5,12,37,6
N20003477,NI data zone,6,8,47,63,23,7,7,13,3
N20003478,NI data zone,32,14,27,47,23,3,11,41,8
N20003479,NI data zone,14,14,25,24,18,2,9,27,5
N20003480,NI data zone,9,22,53,60,15,12,7,13,5
N20003481,NI data zone,16,8,28,30,15,5,8,30,2
N20003482,NI data zone,20,30,59,48,14,8,9,21,5
N20003483,NI data zone,30,39,32,40,9,10,6,29,3
N20003484,NI data zone,5,21,40,71,23,15,8,16,6
N20003485,NI data zone,10,21,8,24,7,34,9,6,7
N20003486,NI data zone,19,31,11,32,11,42,17,12,4
N20003487,NI data zone,44,38,50,33,23,9,10,49,7
N20003488,NI data zone,10,32,47,82,25,13,13,16,6
N20003489,NI data zone,9,50,51,45,4,5,7,6,1
N20003490,NI data zone,30,31,37,34,22,9,10,36,2
N20003491,NI data zone,29,21,46,53,32,18,17,24,3
N20003492,NI data zone,24,27,72,72,24,13,14,20,5
N20003493,NI data zone,41,47,23,45,12,47,21,11,10
N20003494,NI data zone,38,23,24,52,13,8,10,48,3
N20003495,NI data zone,26,67,21,24,7,35,9,13,7
N20003496,NI data zone,36,39,54,61,15,5,8,33,2
N20003497,NI data zone,20,19,25,33,25,7,6,17,4
N20003498,NI data zone,19,26,32,26,16,4,4,21,6
N20003499,NI data zone,31,67,18,15,3,17,9,9,8
N20003500,NI data zone,25,42,17,12,8,9,7,11,10
N20003501,NI data zone,23,22,34,32,23,4,4,41,3
N20003502,NI data zone,43,55,40,56,31,28,16,37,6
N20003503,NI data zone,74,62,31,12,8,25,10,11,7
N20003504,NI data zone,62,115,37,25,5,16,8,33,2
N20003505,NI data zone,29,66,40,73,16,43,13,8,3
N20003506,NI data zone,40,90,39,35,15,41,23,26,12
N20003507,NI data zone,7,23,32,54,22,6,9,7,2
N20003508,NI data zone,20,12,39,39,25,4,5,48,3
N20003509,NI data zone,35,90,28,14,3,23,12,14,8
N20003510,NI data zone,23,50,5,1,2,15,8,14,4
N20003511,NI data zone,7,35,28,39,12,19,5,6,3
N20003512,NI data zone,29,59,15,13,3,30,9,9,4
N20003513,NI data zone,40,48,14,14,2,10,8,5,7
N20003514,NI data zone,45,18,46,32,27,16,9,53,6
N20003515,NI data zone,22,36,21,35,15,44,16,6,7
N20003516,NI data zone,30,49,22,23,10,18,13,22,5
N20003517,NI data zone,18,19,10,16,10,22,21,12,5
N20003518,NI data zone,36,66,25,33,11,31,8,4,5
N20003519,NI data zone,17,32,35,19,14,16,10,19,7
N20003520,NI data zone,16,40,23,33,16,53,19,5,7
N20003521,NI data zone,73,85,25,32,8,30,16,23,5
N20003522,NI data zone,17,35,23,15,15,13,9,23,5
N20003523,NI data zone,28,28,46,37,31,1,10,38,10
N20003524,NI data zone,30,26,19,23,12,24,10,12,4
N20003525,NI data zone,14,7,37,26,18,4,8,24,8
N20003526,NI data zone,22,60,17,20,9,24,9,18,7
N20003527,NI data zone,42,44,8,18,6,30,15,6,4
N20003528,NI data zone,13,8,45,54,26,3,4,25,3
N20003529,NI data zone,32,57,36,13,6,9,9,13,5
N20003530,NI data zone,1,10,20,49,13,8,12,10,2
N20003531,NI data zone,46,52,11,22,8,16,13,17,5
N20003532,NI data zone,18,68,26,24,14,57,15,13,7
N20003533,NI data zone,14,69,14,30,12,51,17,14,13
N20003534,NI data zone,15,56,21,23,10,29,19,9,7
N20003535,NI data zone,29,39,43,50,13,15,7,33,7
N20003536,NI data zone,26,44,40,78,19,22,10,16,8
N20003537,NI data zone,41,14,27,63,30,3,5,48,5
N20003538,NI data zone,24,14,34,62,20,1,10,40,8
N20003539,NI data zone,27,17,30,36,9,0,5,29,4
N20003540,NI data zone,31,14,23,27,13,2,11,39,4
N20003541,NI data zone,33,4,28,25,7,1,4,38,0
N20003542,NI data zone,42,17,36,33,15,4,7,39,3
N20003543,NI data zone,65,21,34,11,11,0,8,48,4
N20003544,NI data zone,23,16,21,40,15,4,7,15,2
N20003545,NI data zone,25,14,35,41,21,11,7,33,6
N20003546,NI data zone,31,37,33,65,12,41,10,24,8
N20003547,NI data zone,35,34,44,57,27,8,9,65,9
N20003548,NI data zone,27,10,40,66,27,4,12,50,7
N20003549,NI data zone,38,13,36,60,25,0,4,54,8
N20003550,NI data zone,52,29,36,52,14,11,12,53,7
N20003551,NI data zone,35,14,37,32,21,4,2,38,2
N20003552,NI data zone,53,72,26,13,8,9,13,16,0
N20003553,NI data zone,41,21,58,77,31,13,12,52,5
N20003554,NI data zone,19,37,73,149,61,14,10,21,18
N20003555,NI data zone,37,35,32,39,15,6,6,39,8
N20003556,NI data zone,16,28,54,54,11,13,9,8,2
N20003557,NI data zone,0,25,46,36,3,7,2,1,4
N20003558,NI data zone,34,83,28,20,3,19,17,14,3
N20003559,NI data zone,39,27,37,38,17,6,7,28,6
N20003560,NI data zone,14,10,17,47,6,4,3,30,1
N20003561,NI data zone,27,74,55,31,9,19,13,7,8
N20003562,NI data zone,21,14,40,97,37,10,8,24,5
N20003563,NI data zone,86,48,19,10,2,4,3,19,0
N20003564,NI data zone,28,31,32,30,6,6,7,14,13
N20003565,NI data zone,25,6,27,52,14,3,2,29,3
N20003566,NI data zone,29,30,29,31,12,8,5,19,5
N20003567,NI data zone,31,16,32,57,23,4,5,47,6
N20003568,NI data zone,20,28,45,70,23,8,3,35,10
N20003569,NI data zone,32,42,62,73,34,15,14,51,13
N20003570,NI data zone,24,40,12,21,2,22,11,3,5
N20003571,NI data zone,23,54,21,38,16,30,15,12,5
N20003572,NI data zone,24,54,26,39,12,24,20,24,6
N20003573,NI data zone,23,43,29,36,18,28,13,11,11
N20003574,NI data zone,32,41,16,34,19,12,12,24,5
N20003575,NI data zone,16,11,18,39,21,3,4,22,6
N20003576,NI data zone,15,32,33,65,4,20,6,3,6
N20003577,NI data zone,40,53,17,23,15,20,12,14,6
N20003578,NI data zone,30,15,43,53,26,8,8,76,6
N20003579,NI data zone,40,37,15,27,12,0,5,27,5
N20003580,NI data zone,42,22,28,40,16,11,7,45,2
N20003581,NI data zone,22,15,38,77,25,7,8,50,5
N20003582,NI data zone,50,44,20,31,7,8,11,26,3
N20003583,NI data zone,34,18,16,33,20,6,5,24,6
N20003584,NI data zone,47,11,34,44,16,5,4,60,5
N20003585,NI data zone,42,16,25,37,18,3,5,53,3
N20003586,NI data zone,83,89,41,47,16,9,17,35,5
N20003587,NI data zone,40,23,32,22,14,9,12,33,7
N20003588,NI data zone,44,29,24,27,16,6,10,33,5
N20003589,NI data zone,56,22,43,37,15,5,5,47,3
N20003590,NI data zone,9,46,26,35,5,7,7,4,2
N20003591,NI data zone,13,4,16,21,15,0,6,24,2
N20003592,NI data zone,22,88,36,27,6,22,12,9,7
N20003593,NI data zone,42,35,26,16,7,8,4,21,5
N20003594,NI data zone,32,29,42,48,18,10,15,27,4
N20003595,NI data zone,49,46,49,51,7,2,6,40,2
N20003596,NI data zone,30,63,33,33,12,16,11,11,8
N20003597,NI data zone,10,38,29,35,2,10,5,2,8
N20003598,NI data zone,29,15,21,30,12,11,6,25,2
N20003599,NI data zone,32,105,43,27,4,29,15,16,16
N20003600,NI data zone,20,19,32,41,11,9,8,25,2
N20003601,NI data zone,14,25,28,26,17,8,4,11,3
N20003602,NI data zone,15,57,24,33,10,12,7,14,5
N20003603,NI data zone,20,46,33,37,17,23,12,17,5
N20003604,NI data zone,28,12,29,24,9,6,5,32,1
N20003605,NI data zone,45,64,50,64,26,21,14,30,9
N20003606,NI data zone,27,40,19,11,12,6,9,17,1
N20003607,NI data zone,13,30,21,34,6,33,18,8,4
N20003608,NI data zone,22,80,13,6,2,15,4,10,6
N20003609,NI data zone,14,45,10,25,5,74,17,8,6
N20003610,NI data zone,10,43,17,15,2,26,5,3,3
N20003611,NI data zone,15,28,22,31,22,13,12,11,5
N20003612,NI data zone,21,45,25,31,2,26,9,6,4
N20003613,NI data zone,25,22,27,36,7,17,9,17,7
N20003614,NI data zone,29,23,25,41,22,13,6,32,3
N20003615,NI data zone,53,30,51,48,19,13,15,70,1
N20003616,NI data zone,41,80,28,34,15,36,29,16,8
N20003617,NI data zone,21,50,16,21,10,40,23,11,1
N20003618,NI data zone,11,39,15,31,4,36,21,10,9
N20003619,NI data zone,19,64,79,71,15,26,14,18,4
N20003620,NI data zone,20,74,57,67,23,25,11,26,8
N20003621,NI data zone,31,26,21,36,13,5,7,35,2
N20003622,NI data zone,25,14,35,48,30,3,3,35,2
N20003623,NI data zone,28,33,52,48,26,8,9,22,7
N20003624,NI data zone,40,107,60,39,7,15,16,22,11
N20003625,NI data zone,46,22,34,50,17,5,6,34,5
N20003626,NI data zone,38,14,32,45,11,5,4,40,8
N20003627,NI data zone,40,28,34,40,9,5,5,40,5
N20003628,NI data zone,44,57,47,37,13,9,11,29,5
N20003629,NI data zone,53,21,43,44,17,10,7,23,5
N20003630,NI data zone,26,22,38,49,19,6,5,32,4
N20003631,NI data zone,12,71,20,23,9,14,14,6,14
N20003632,NI data zone,15,123,47,21,10,18,7,14,25
N20003633,NI data zone,98,29,6,2,0,0,2,17,1
N20003634,NI data zone,34,45,33,31,9,11,12,25,6
N20003635,NI data zone,31,49,36,34,10,12,15,21,7
N20003636,NI data zone,20,43,27,15,3,10,8,9,8
N20003637,NI data zone,27,38,27,49,9,10,9,32,8
N20003638,NI data zone,17,21,26,51,17,15,8,23,3
N20003639,NI data zone,40,18,37,29,13,11,5,44,5
N20003640,NI data zone,33,77,19,5,4,4,5,8,14
N20003641,NI data zone,14,53,25,24,7,7,5,8,5
N20003642,NI data zone,26,76,35,12,3,11,16,8,11
N20003643,NI data zone,54,9,15,17,4,5,3,19,2
N20003644,NI data zone,89,76,36,18,6,6,13,43,11
N20003645,NI data zone,23,35,57,52,29,12,14,35,4
N20003646,NI data zone,45,17,27,29,16,4,7,65,5
N20003647,NI data zone,37,10,28,63,21,6,7,62,1
N20003648,NI data zone,79,21,18,17,13,6,16,37,2
N20003649,NI data zone,34,32,40,55,18,10,8,20,13
N20003650,NI data zone,60,36,59,56,35,16,18,70,10
N20003651,NI data zone,23,47,22,29,8,39,18,10,7
N20003652,NI data zone,15,26,42,64,14,14,7,39,6
N20003653,NI data zone,46,68,22,13,15,29,19,11,2
N20003654,NI data zone,45,111,20,9,5,39,13,17,4
N20003655,NI data zone,18,46,36,51,15,24,7,17,4
N20003656,NI data zone,23,47,19,31,8,34,14,14,4
N20003657,NI data zone,28,45,12,27,7,15,14,11,2
N20003658,NI data zone,26,9,29,22,20,0,11,44,3
N20003659,NI data zone,19,49,14,38,9,47,17,10,6
N20003660,NI data zone,20,43,18,25,4,37,14,6,5
N20003661,NI data zone,33,43,33,32,6,19,15,15,4
N20003662,NI data zone,30,60,14,17,10,27,7,16,4
N20003663,NI data zone,9,55,22,21,5,50,18,9,8
N20003664,NI data zone,29,52,41,49,15,21,14,7,4
N20003665,NI data zone,14,41,8,10,8,18,9,13,2
N20003666,NI data zone,33,61,15,29,7,47,15,7,4
N20003667,NI data zone,8,44,32,67,19,19,13,6,6
N20003668,NI data zone,20,58,26,35,14,37,12,4,10
N20003669,NI data zone,16,25,41,65,24,14,14,23,8
N20003670,NI data zone,14,93,44,27,2,12,2,2,5
N20003671,NI data zone,6,67,31,37,1,26,6,4,3
N20003672,NI data zone,11,9,25,42,12,6,2,12,2
N20003673,NI data zone,9,48,52,99,16,27,7,6,6
N20003674,NI data zone,7,6,16,53,16,2,2,6,3
N20003675,NI data zone,3,50,41,63,4,14,4,4,2
N20003676,NI data zone,5,55,35,79,6,24,4,10,5
N20003677,NI data zone,14,44,16,29,10,42,16,7,4
N20003678,NI data zone,5,24,44,62,5,27,5,10,8
N20003679,NI data zone,39,16,35,2,2,0,0,46,1
N20003680,NI data zone,68,35,37,23,10,2,12,58,9
N20003681,NI data zone,22,17,27,29,13,10,4,34,2
N20003682,NI data zone,54,48,27,24,6,10,8,23,5
N20003683,NI data zone,32,17,29,22,11,6,3,27,0
N20003684,NI data zone,42,5,29,42,18,1,8,72,3
N20003685,NI data zone,24,18,36,39,15,8,5,45,7
N20003686,NI data zone,22,23,29,34,6,7,7,20,3
N20003687,NI data zone,29,17,30,28,16,6,5,36,6
N20003688,NI data zone,16,13,30,33,11,2,1,42,4
N20003689,NI data zone,18,28,14,47,13,9,9,11,5
N20003690,NI data zone,26,12,21,29,12,5,6,26,6
N20003691,NI data zone,40,13,27,47,13,5,7,31,2
N20003692,NI data zone,58,6,8,11,3,1,1,22,1
N20003693,NI data zone,32,5,25,25,25,1,6,60,6
N20003694,NI data zone,22,18,28,45,11,11,9,35,6
N20003695,NI data zone,35,14,41,45,26,7,5,40,5
N20003696,NI data zone,33,16,29,39,29,3,10,74,6
N20003697,NI data zone,20,9,35,53,31,4,6,48,3
N20003698,NI data zone,45,26,51,45,25,14,13,38,10
N20003699,NI data zone,25,36,27,46,18,13,11,19,3
N20003700,NI data zone,19,36,77,56,14,12,9,34,8
N20003701,NI data zone,18,9,49,48,28,10,2,33,5
N20003702,NI data zone,14,4,27,20,17,7,4,42,2
N20003703,NI data zone,15,23,26,37,10,20,11,9,5
N20003704,NI data zone,36,21,52,41,16,4,5,50,2
N20003705,NI data zone,18,19,34,42,19,7,15,15,4
N20003706,NI data zone,16,4,28,36,24,2,6,38,4
N20003707,NI data zone,38,66,34,19,9,17,9,19,3
N20003708,NI data zone,16,28,43,66,43,17,10,19,7
N20003709,NI data zone,28,30,41,56,26,18,19,15,6
N20003710,NI data zone,20,20,13,18,13,4,3,13,2
N20003711,NI data zone,45,53,13,8,6,4,4,14,0
N20003712,NI data zone,33,44,42,49,20,21,11,39,9
N20003713,NI data zone,19,50,25,14,4,14,4,15,4
N20003714,NI data zone,6,10,44,86,34,19,8,12,5
N20003715,NI data zone,61,49,18,6,7,13,8,14,3
N20003716,NI data zone,14,20,48,60,27,14,12,17,4
N20003717,NI data zone,2,8,18,75,15,3,3,5,5
N20003718,NI data zone,63,65,27,17,9,13,13,19,11
N20003719,NI data zone,13,9,67,73,45,10,8,23,9
N20003720,NI data zone,22,64,11,29,8,48,8,9,7
N20003721,NI data zone,17,25,33,37,19,9,8,18,6
N20003722,NI data zone,44,25,44,30,12,10,8,34,1
N20003723,NI data zone,22,55,12,25,14,15,14,8,4
N20003724,NI data zone,35,11,23,18,17,2,9,30,2
N20003725,NI data zone,41,31,45,49,24,18,8,31,6
N20003726,NI data zone,13,13,34,23,10,4,4,28,7
N20003727,NI data zone,31,28,29,24,15,6,10,17,4
N20003728,NI data zone,15,17,48,61,33,5,6,30,4
N20003729,NI data zone,9,16,33,89,18,16,6,15,4
N20003730,NI data zone,18,10,26,31,18,3,4,20,12
N20003731,NI data zone,15,7,29,33,19,2,7,21,5
N20003732,NI data zone,62,59,34,23,12,23,10,30,3
N20003733,NI data zone,28,29,41,50,14,10,6,30,4
N20003734,NI data zone,13,26,31,96,21,17,12,13,9
N20003735,NI data zone,37,53,22,32,17,38,15,26,5
N20003736,NI data zone,12,18,31,27,10,11,6,20,1
N20003737,NI data zone,18,21,27,30,18,7,6,16,5
N20003738,NI data zone,43,40,58,49,30,3,15,36,6
N20003739,NI data zone,34,50,85,80,27,15,12,34,2
N20003740,NI data zone,11,19,40,34,37,4,6,33,5
N20003741,NI data zone,23,25,22,37,15,22,10,18,5
N20003742,NI data zone,15,27,22,40,8,13,7,14,2
N20003743,NI data zone,39,31,64,58,34,2,12,47,7
N20003744,NI data zone,26,19,25,25,22,2,3,36,9
N20003745,NI data zone,15,25,32,35,23,8,9,18,7
N20003746,NI data zone,34,24,42,33,21,3,6,23,13
N20003747,NI data zone,13,12,42,41,17,5,11,24,11
N20003748,NI data zone,27,15,28,23,16,4,5,45,6
N20003749,NI data zone,32,34,27,36,5,11,7,13,3
N20003750,NI data zone,51,37,29,33,16,9,16,26,1
N20003751,NI data zone,38,49,22,19,12,17,14,17,5
N20003752,NI data zone,32,23,30,18,20,9,6,33,5
N20003753,NI data zone,8,28,27,46,10,28,9,7,3
N20003754,NI data zone,37,50,27,28,17,31,16,23,1
N20003755,NI data zone,16,20,34,36,20,5,12,28,11
N20003756,NI data zone,29,42,30,30,22,27,16,25,11
N20003757,NI data zone,36,46,58,64,14,14,2,44,6
N20003758,NI data zone,37,87,45,56,19,33,11,31,11
N20003759,NI data zone,35,57,26,22,15,14,18,20,1
N20003760,NI data zone,20,24,27,44,19,14,8,15,3
N20003761,NI data zone,18,21,43,56,27,7,18,27,15
N20003762,NI data zone,23,18,28,34,11,13,4,21,1
N20003763,NI data zone,27,19,43,53,14,6,7,21,8
N20003764,NI data zone,14,14,34,25,25,3,7,25,4
N20003765,NI data zone,22,33,16,25,15,10,11,15,8
N20003766,NI data zone,15,30,36,81,13,25,10,18,10
N20003767,NI data zone,24,17,28,30,18,3,8,13,9
N20003768,NI data zone,34,28,36,26,20,9,6,36,4
N20003769,NI data zone,18,19,35,52,16,15,4,17,1
N20003770,NI data zone,24,38,42,25,9,5,8,22,4
N20003771,NI data zone,13,38,48,65,38,8,8,31,16
N20003772,NI data zone,32,35,26,49,13,14,13,28,3
N20003773,NI data zone,25,21,41,74,24,13,12,35,9
N20003774,NI data zone,18,22,29,41,12,4,5,27,7
N20003775,NI data zone,33,56,24,43,20,26,10,26,4
N20003776,NI data zone,14,20,23,46,26,9,10,13,2
N20003777,NI data zone,29,45,19,27,24,24,14,15,2
N20003778,NI data zone,27,39,15,31,24,11,7,27,4
N20003779,NI data zone,41,68,34,17,14,6,22,18,11
N20003780,NI data zone,22,26,32,28,23,3,11,21,7
