dz_2021_code,type,age_0_4_years,age_10_14_years,age_15_19_years,age_20_24_years,age_25_29_years,age_30_34_years,age_35_39_years,age_40_44_years,age_45_49_years,age_50_54_years,age_55_59_years,age_5_9_years,age_60_64_years,age_65_69_years,age_70_74_years,age_75_79_years,age_80_84_years,age_85_plus_years
N20000001,NI data zone,50,44,43,43,35,42,41,56,52,75,53,44,50,44,32,18,13,8
N20000002,NI data zone,9,25,25,16,18,13,11,17,19,37,46,6,22,20,25,9,8,7
N20000003,NI data zone,17,23,21,31,14,24,12,20,22,24,27,14,26,28,20,13,10,13
N20000004,NI data zone,31,50,56,43,15,27,38,45,54,50,48,51,33,40,26,27,17,7
N20000005,NI data zone,29,49,40,49,31,37,33,33,46,61,58,31,46,42,38,22,14,14
N20000006,NI data zone,27,38,15,22,17,24,31,37,23,22,42,41,28,20,29,19,9,12
N20000007,NI data zone,31,71,78,56,59,38,40,59,54,80,77,48,47,39,38,27,19,15
N20000008,NI data zone,26,53,46,39,25,30,32,29,48,45,65,38,41,26,41,29,26,12
N20000009,NI data zone,20,35,37,19,10,12,22,21,44,41,29,23,19,20,15,14,10,9
N20000010,NI data zone,28,36,26,31,45,26,22,32,40,58,49,31,26,25,30,18,10,8
N20000011,NI data zone,26,39,30,39,38,36,34,28,32,36,37,43,17,34,28,16,8,3
N20000012,NI data zone,16,19,14,25,24,26,28,23,36,47,56,16,29,36,37,37,21,9
N20000013,NI data zone,12,20,28,27,16,12,8,20,29,45,25,14,24,24,24,23,23,28
N20000014,NI data zone,40,27,24,20,19,27,26,24,35,30,44,35,29,29,31,22,21,19
N20000015,NI data zone,40,50,33,25,43,41,45,38,29,38,33,40,45,33,20,20,12,5
N20000016,NI data zone,39,14,22,27,24,43,44,29,26,26,35,34,7,21,17,25,10,9
N20000017,NI data zone,43,57,49,40,37,61,50,37,37,49,38,38,37,32,27,21,8,7
N20000018,NI data zone,39,31,43,31,32,31,28,20,35,45,50,33,31,14,14,4,3,2
N20000019,NI data zone,13,8,16,22,24,34,26,20,21,25,25,17,24,16,15,30,26,29
N20000020,NI data zone,30,34,27,35,36,34,42,27,38,42,35,37,37,37,30,24,11,9
N20000021,NI data zone,32,48,30,26,30,44,40,41,49,42,38,44,28,14,11,14,5,6
N20000022,NI data zone,61,32,23,18,46,47,50,37,16,18,19,43,12,4,6,9,4,1
N20000023,NI data zone,38,31,28,25,30,36,37,22,23,32,46,27,49,20,17,28,10,7
N20000024,NI data zone,43,52,54,34,34,39,32,41,46,38,42,40,39,35,13,19,13,10
N20000025,NI data zone,27,57,26,17,19,28,29,48,47,21,16,54,13,6,2,1,0,0
N20000026,NI data zone,21,26,43,35,24,16,19,35,41,56,45,26,42,37,29,26,14,16
N20000027,NI data zone,69,67,27,13,21,66,68,69,39,29,12,62,4,3,7,2,3,0
N20000028,NI data zone,23,36,39,14,23,28,45,38,32,36,41,50,30,38,29,27,13,11
N20000029,NI data zone,26,37,39,25,37,35,31,25,38,29,66,38,39,32,27,11,13,5
N20000030,NI data zone,30,30,26,27,30,24,26,34,33,39,41,28,26,34,27,19,12,12
N20000031,NI data zone,22,24,22,35,32,31,27,18,38,58,63,26,44,24,20,22,15,9
N20000032,NI data zone,14,48,38,26,25,24,30,36,32,26,42,40,21,15,14,15,4,7
N20000033,NI data zone,29,44,22,39,32,32,42,35,29,35,33,38,50,24,20,14,9,3
N20000034,NI data zone,29,36,29,34,21,27,24,29,38,24,27,33,18,26,25,16,4,3
N20000035,NI data zone,49,61,54,33,38,44,48,60,71,57,40,54,19,25,7,6,3,1
N20000036,NI data zone,26,32,19,18,21,36,46,34,17,26,13,47,14,9,7,3,2,0
N20000037,NI data zone,35,48,33,20,21,34,40,29,24,33,15,41,22,12,6,3,4,1
N20000038,NI data zone,59,29,20,38,117,69,64,45,42,19,20,45,16,7,10,6,7,10
N20000039,NI data zone,18,19,34,18,17,26,34,32,31,36,36,17,38,45,38,24,18,9
N20000040,NI data zone,37,48,25,12,20,28,42,34,23,19,13,41,10,4,8,7,0,1
N20000041,NI data zone,49,80,71,51,45,56,63,64,93,80,61,61,44,38,31,25,9,11
N20000042,NI data zone,71,51,28,30,59,80,82,67,55,31,20,62,16,5,4,3,2,1
N20000043,NI data zone,77,95,42,41,65,66,105,93,64,33,14,92,14,13,5,5,3,1
N20000044,NI data zone,49,25,15,29,53,69,40,32,29,28,30,30,26,16,7,8,6,2
N20000045,NI data zone,25,33,19,23,26,31,21,22,29,62,43,21,28,12,22,17,17,13
N20000046,NI data zone,41,34,26,23,37,54,48,45,38,27,39,43,31,18,14,24,20,13
N20000047,NI data zone,25,27,22,24,34,34,24,43,42,37,23,31,23,21,19,28,18,40
N20000048,NI data zone,17,30,26,23,23,24,31,30,37,43,42,23,48,38,50,43,23,17
N20000049,NI data zone,15,22,35,32,26,33,36,49,44,36,44,20,30,40,32,21,18,18
N20000050,NI data zone,20,28,24,31,31,27,33,33,37,25,23,18,21,17,23,18,9,3
N20000051,NI data zone,40,26,34,30,28,39,45,30,23,31,27,45,19,32,20,12,10,1
N20000052,NI data zone,31,29,35,28,35,34,38,23,24,41,41,35,27,35,15,19,10,3
N20000053,NI data zone,18,30,24,24,17,21,39,29,31,24,34,33,23,19,24,12,6,8
N20000054,NI data zone,27,28,27,32,46,40,33,33,36,29,24,43,31,14,21,22,10,15
N20000055,NI data zone,20,24,22,25,26,13,21,22,24,21,22,26,17,17,17,9,5,2
N20000056,NI data zone,37,41,41,54,23,37,37,38,27,25,19,43,27,9,12,6,8,2
N20000057,NI data zone,29,20,22,27,35,35,36,20,31,20,43,20,42,28,28,13,15,8
N20000058,NI data zone,35,35,32,31,35,27,24,24,38,22,22,32,12,14,15,10,6,1
N20000059,NI data zone,17,31,22,31,26,25,39,27,27,21,30,31,28,23,18,9,5,3
N20000060,NI data zone,19,28,28,21,12,13,21,22,34,45,23,21,16,21,14,10,7,2
N20000061,NI data zone,21,27,32,24,20,15,26,29,35,28,24,26,15,18,18,10,10,4
N20000062,NI data zone,33,41,49,45,45,39,41,42,46,32,30,41,34,21,27,13,10,5
N20000063,NI data zone,16,9,6,26,31,31,26,21,34,24,27,15,21,19,22,13,6,6
N20000064,NI data zone,10,15,18,25,20,17,19,24,17,28,25,11,32,44,35,28,14,7
N20000065,NI data zone,25,28,14,21,19,21,19,18,31,23,30,24,36,32,50,42,32,17
N20000066,NI data zone,25,22,13,17,12,35,23,16,22,25,22,27,20,15,12,11,5,3
N20000067,NI data zone,41,42,38,32,30,52,34,38,29,31,24,59,16,20,19,10,5,1
N20000068,NI data zone,15,15,4,19,17,20,15,21,21,24,31,20,25,28,33,26,36,51
N20000069,NI data zone,32,33,28,20,26,19,45,36,44,42,41,32,21,11,15,13,2,3
N20000070,NI data zone,19,14,15,22,19,23,25,19,24,27,29,19,42,34,38,31,21,4
N20000071,NI data zone,21,27,14,18,27,18,31,22,18,42,27,23,17,12,12,4,1,1
N20000072,NI data zone,28,39,26,20,28,41,34,40,48,42,37,38,31,23,27,29,19,10
N20000073,NI data zone,22,35,26,22,33,38,33,27,39,24,31,31,20,23,21,27,20,12
N20000074,NI data zone,31,21,22,37,44,29,23,30,25,27,35,27,30,14,23,27,15,4
N20000075,NI data zone,31,33,29,22,25,27,47,41,58,32,22,28,9,12,9,4,3,1
N20000076,NI data zone,26,18,17,17,23,39,28,22,25,34,21,22,25,16,16,13,7,5
N20000077,NI data zone,13,16,10,20,19,20,19,25,22,32,28,10,10,15,15,15,13,7
N20000078,NI data zone,22,7,15,23,22,19,14,20,16,28,30,19,17,22,17,12,16,5
N20000079,NI data zone,36,28,22,24,22,29,31,28,28,25,36,19,13,13,12,10,10,6
N20000080,NI data zone,41,42,41,38,32,44,35,37,43,58,40,28,40,35,38,24,8,9
N20000081,NI data zone,20,18,19,18,29,16,22,18,30,25,17,27,11,14,15,14,10,11
N20000082,NI data zone,34,17,24,27,30,29,17,28,28,35,39,34,18,19,19,27,13,16
N20000083,NI data zone,10,9,12,10,10,17,13,23,26,25,22,8,17,15,19,16,8,9
N20000084,NI data zone,11,6,11,20,11,6,10,13,20,21,16,5,24,35,25,24,23,14
N20000085,NI data zone,28,49,43,39,38,28,45,55,56,59,36,40,30,16,20,6,2,5
N20000086,NI data zone,31,34,42,39,16,36,27,42,49,71,50,44,25,33,21,21,18,15
N20000087,NI data zone,26,21,28,19,10,22,22,22,33,48,29,27,42,32,31,19,20,16
N20000088,NI data zone,34,35,31,33,20,33,38,46,37,42,28,36,23,18,16,11,6,5
N20000089,NI data zone,53,52,33,35,39,40,50,53,41,51,44,40,37,38,28,28,9,9
N20000090,NI data zone,45,85,53,47,47,44,52,72,73,68,47,62,25,22,21,15,13,7
N20000091,NI data zone,39,33,26,35,39,44,47,43,36,38,30,38,29,13,9,7,3,1
N20000092,NI data zone,50,69,61,55,38,35,49,60,63,82,66,52,50,24,15,18,8,12
N20000093,NI data zone,12,28,28,24,28,20,21,21,24,27,29,27,33,24,17,28,16,6
N20000094,NI data zone,50,39,18,11,34,51,44,48,25,27,14,40,13,7,4,3,2,1
N20000095,NI data zone,37,36,16,23,32,29,26,22,26,27,21,41,21,13,7,9,5,3
N20000096,NI data zone,35,41,40,33,48,33,42,46,40,47,48,33,33,21,23,11,7,4
N20000097,NI data zone,21,25,26,25,25,36,24,25,35,30,41,24,50,41,46,45,30,25
N20000098,NI data zone,14,27,17,19,22,20,19,18,24,23,22,22,24,37,27,18,14,15
N20000099,NI data zone,21,36,23,24,29,26,22,24,34,39,42,26,29,22,25,20,13,13
N20000100,NI data zone,24,40,41,42,27,21,22,38,46,69,53,39,68,58,33,23,22,45
N20000101,NI data zone,17,40,54,31,16,22,24,29,46,72,36,27,13,12,10,6,4,3
N20000102,NI data zone,37,33,21,28,50,35,46,41,39,21,28,35,23,13,12,9,4,4
N20000103,NI data zone,7,12,18,20,25,13,17,21,27,30,19,16,27,16,26,19,18,20
N20000104,NI data zone,37,45,36,34,36,50,44,18,20,30,26,53,29,27,13,17,7,4
N20000105,NI data zone,28,21,11,21,45,33,37,29,25,22,18,30,21,18,23,9,4,9
N20000106,NI data zone,29,12,20,24,28,37,25,20,30,27,30,24,24,27,23,16,11,8
N20000107,NI data zone,18,31,14,30,29,27,31,34,25,39,30,27,19,17,5,13,8,6
N20000108,NI data zone,13,13,8,17,15,15,18,19,18,17,30,17,34,21,35,18,17,18
N20000109,NI data zone,29,34,43,23,22,31,31,25,45,48,49,35,36,28,41,18,11,4
N20000110,NI data zone,40,54,58,33,36,44,48,39,53,40,36,45,38,40,25,16,10,7
N20000111,NI data zone,22,37,20,25,23,28,24,25,31,36,52,28,42,40,30,29,22,42
N20000112,NI data zone,17,16,14,12,15,23,17,18,17,23,20,27,15,18,21,21,21,11
N20000113,NI data zone,15,33,31,19,36,33,28,28,29,28,18,24,21,17,14,20,5,4
N20000114,NI data zone,17,26,28,17,16,26,17,33,35,38,31,19,35,27,30,12,13,10
N20000115,NI data zone,38,54,31,36,63,81,33,42,62,57,56,35,51,28,19,15,10,16
N20000116,NI data zone,21,21,17,9,20,17,20,29,23,29,20,12,13,17,18,17,9,2
N20000117,NI data zone,18,16,13,14,22,17,24,29,14,18,30,19,22,27,23,22,11,7
N20000118,NI data zone,18,30,22,25,21,19,31,30,27,39,36,31,27,10,15,15,8,7
N20000119,NI data zone,19,16,12,21,15,16,19,22,15,18,25,23,25,24,24,18,11,9
N20000120,NI data zone,7,23,29,19,15,15,14,21,38,31,31,20,34,28,23,21,17,17
N20000121,NI data zone,33,52,40,33,18,27,48,53,47,43,43,36,62,52,50,33,19,17
N20000122,NI data zone,48,55,33,27,27,42,46,58,36,53,61,48,35,43,46,29,13,13
N20000123,NI data zone,30,32,31,20,34,29,28,36,42,48,33,37,27,19,17,14,9,5
N20000124,NI data zone,16,20,19,34,14,24,39,30,33,28,35,29,32,34,29,18,7,12
N20000125,NI data zone,18,24,25,20,23,21,27,27,28,36,27,18,28,30,24,32,18,15
N20000126,NI data zone,24,53,51,32,29,19,33,46,58,73,64,44,47,11,17,7,3,0
N20000127,NI data zone,15,2,9,11,7,21,15,7,13,12,13,13,16,8,9,7,7,6
N20000128,NI data zone,33,59,55,29,40,23,41,52,60,82,70,45,43,28,17,14,5,1
N20000129,NI data zone,53,80,57,51,32,51,63,52,55,62,37,75,49,34,27,26,9,10
N20000130,NI data zone,25,43,29,45,40,25,34,29,31,48,69,27,46,26,20,14,7,5
N20000131,NI data zone,30,29,16,26,30,25,25,33,30,16,13,35,28,15,13,17,6,5
N20000132,NI data zone,21,40,57,31,21,16,23,37,39,58,77,34,61,41,26,13,4,2
N20000133,NI data zone,24,50,58,35,28,29,40,52,65,67,68,48,43,32,37,34,19,11
N20000134,NI data zone,39,48,40,30,15,40,34,49,47,55,58,45,46,54,32,20,20,4
N20000135,NI data zone,21,22,23,19,24,37,34,29,27,30,39,17,50,44,45,31,16,13
N20000136,NI data zone,5,16,14,22,16,15,16,14,34,31,42,13,41,36,64,56,44,20
N20000137,NI data zone,16,14,22,23,28,39,16,22,35,26,42,19,25,35,24,23,21,25
N20000138,NI data zone,18,29,16,30,30,35,20,26,27,44,39,30,33,22,31,31,21,15
N20000139,NI data zone,15,25,26,17,20,30,21,31,33,40,27,20,23,36,36,34,7,20
N20000140,NI data zone,60,14,139,99,63,83,75,47,21,16,16,40,13,10,5,8,5,2
N20000141,NI data zone,25,8,6,12,58,57,35,21,9,10,15,15,26,22,12,10,7,3
N20000142,NI data zone,33,30,16,24,22,25,18,17,22,20,22,26,13,15,20,8,12,4
N20000143,NI data zone,24,38,33,22,33,23,20,35,43,38,61,30,57,52,36,36,16,22
N20000144,NI data zone,23,20,12,28,33,33,31,21,18,29,29,25,18,17,20,15,5,5
N20000145,NI data zone,14,9,5,23,21,18,16,10,14,20,11,12,16,16,16,22,10,8
N20000146,NI data zone,36,25,30,31,36,21,29,23,21,27,26,32,17,10,5,17,9,1
N20000147,NI data zone,32,42,37,29,37,33,40,35,34,29,24,38,17,27,23,10,10,7
N20000148,NI data zone,6,18,17,16,8,16,8,21,24,25,21,17,20,17,34,20,15,10
N20000149,NI data zone,22,42,23,21,34,32,34,39,46,30,39,30,51,52,44,36,22,21
N20000150,NI data zone,18,27,21,21,27,26,30,16,18,21,25,19,10,14,12,4,7,3
N20000151,NI data zone,29,36,29,34,49,36,46,36,49,33,40,27,31,27,49,30,17,8
N20000152,NI data zone,7,13,19,18,17,19,16,15,26,35,35,13,42,33,21,16,15,7
N20000153,NI data zone,18,31,30,20,28,29,32,39,43,33,38,26,38,37,42,33,15,11
N20000154,NI data zone,64,69,52,54,53,56,65,57,46,43,39,71,14,20,29,32,15,7
N20000155,NI data zone,22,23,34,20,23,24,33,22,26,24,27,19,11,15,13,14,7,2
N20000156,NI data zone,37,47,44,36,52,40,50,57,46,52,45,40,27,23,41,21,11,6
N20000157,NI data zone,46,45,30,29,42,53,51,35,51,43,35,29,40,35,49,42,19,6
N20000158,NI data zone,25,38,39,22,25,22,37,26,51,55,42,23,45,39,35,27,20,27
N20000159,NI data zone,24,39,29,27,23,19,25,25,21,20,25,37,17,5,24,11,3,5
N20000160,NI data zone,15,64,47,7,4,7,9,37,55,33,24,36,15,11,2,0,2,0
N20000161,NI data zone,39,38,37,22,35,57,46,44,45,44,23,40,33,20,18,8,0,0
N20000162,NI data zone,26,38,24,27,38,26,46,37,39,40,51,27,67,63,39,39,38,79
N20000163,NI data zone,33,55,41,31,27,47,46,44,57,45,25,40,15,8,4,5,2,2
N20000164,NI data zone,35,45,39,28,30,32,46,49,43,36,35,35,46,20,24,14,6,6
N20000165,NI data zone,22,26,31,20,31,33,44,45,24,40,29,27,31,23,16,8,4,5
N20000166,NI data zone,21,18,16,20,16,25,25,19,20,31,34,19,17,19,24,14,20,34
N20000167,NI data zone,11,13,6,16,15,15,19,18,26,12,21,16,24,25,14,23,16,16
N20000168,NI data zone,18,26,25,19,19,28,22,30,19,28,27,25,24,32,26,19,26,15
N20000169,NI data zone,17,18,15,22,32,43,33,28,26,26,45,26,29,22,19,8,8,6
N20000170,NI data zone,34,30,40,26,25,43,41,33,26,29,20,33,22,15,13,13,13,18
N20000171,NI data zone,19,28,34,25,36,22,38,34,40,34,36,26,26,23,16,10,7,7
N20000172,NI data zone,44,44,36,40,30,46,53,47,56,45,30,38,17,28,16,10,7,2
N20000173,NI data zone,36,40,24,21,22,22,50,48,29,40,48,43,42,58,34,32,21,27
N20000174,NI data zone,28,51,46,33,45,46,33,28,37,59,35,44,29,21,31,24,21,5
N20000175,NI data zone,29,27,24,35,38,42,41,29,30,18,20,31,28,19,13,3,4,11
N20000176,NI data zone,24,28,22,24,35,33,30,26,24,34,30,17,21,16,6,12,12,14
N20000177,NI data zone,26,13,10,12,19,26,28,25,39,26,23,19,22,19,13,15,11,3
N20000178,NI data zone,32,51,29,27,33,27,31,25,26,17,33,30,24,20,9,17,4,11
N20000179,NI data zone,31,38,25,31,44,51,29,50,46,40,37,31,36,27,20,17,19,18
N20000180,NI data zone,42,43,35,15,36,40,39,26,23,29,27,41,18,14,21,18,7,10
N20000181,NI data zone,40,42,34,28,29,28,46,25,23,22,29,43,32,13,6,8,3,8
N20000182,NI data zone,57,62,53,44,38,36,51,56,37,40,40,64,31,25,16,19,8,10
N20000183,NI data zone,24,20,19,20,34,22,25,25,19,31,27,24,24,16,16,19,26,28
N20000184,NI data zone,39,30,31,30,36,32,30,23,13,16,28,43,19,13,14,4,5,4
N20000185,NI data zone,15,10,5,13,24,14,22,15,18,21,14,7,18,13,5,6,7,14
N20000186,NI data zone,9,4,9,17,18,9,18,7,13,13,11,1,21,16,13,11,9,11
N20000187,NI data zone,14,27,32,24,21,19,22,22,33,30,36,18,13,17,20,11,10,5
N20000188,NI data zone,29,19,17,17,25,50,32,35,17,24,29,15,30,35,35,26,20,46
N20000189,NI data zone,35,48,34,39,30,47,45,39,21,30,29,44,46,32,16,14,12,13
N20000190,NI data zone,24,28,19,27,30,32,23,22,20,36,27,26,14,3,7,8,4,2
N20000191,NI data zone,19,34,25,16,27,16,19,42,19,24,27,26,26,20,17,16,18,19
N20000192,NI data zone,13,9,16,10,28,22,16,17,11,21,16,16,23,16,7,10,6,6
N20000193,NI data zone,4,1,1,10,11,6,14,9,22,23,29,2,45,31,10,12,4,4
N20000194,NI data zone,38,25,20,22,20,41,43,21,17,20,25,35,14,6,6,0,2,3
N20000195,NI data zone,24,28,31,34,34,36,46,19,30,34,48,29,46,30,15,14,15,19
N20000196,NI data zone,10,13,11,7,13,26,14,11,12,15,21,12,13,14,11,7,5,2
N20000197,NI data zone,6,7,12,15,5,16,15,16,13,13,17,9,22,13,10,0,9,10
N20000198,NI data zone,9,17,6,10,21,10,16,9,17,20,38,6,39,26,27,29,22,34
N20000199,NI data zone,38,33,30,24,39,40,33,27,35,42,43,28,34,28,22,6,5,5
N20000200,NI data zone,32,35,28,33,41,36,34,41,39,37,43,31,30,35,31,15,14,18
N20000201,NI data zone,30,29,23,29,33,47,42,31,38,47,38,34,33,27,20,20,20,21
N20000202,NI data zone,27,26,21,24,23,29,28,21,18,30,37,20,33,10,18,10,10,10
N20000203,NI data zone,27,18,11,10,26,29,39,38,16,13,9,29,16,16,10,13,2,2
N20000204,NI data zone,21,28,11,25,31,22,36,28,24,31,32,18,13,13,11,19,8,14
N20000205,NI data zone,12,7,8,23,30,16,14,17,19,15,34,9,16,24,29,18,14,12
N20000206,NI data zone,2,9,10,10,13,11,19,15,19,20,24,7,35,22,26,12,18,7
N20000207,NI data zone,23,25,27,25,25,22,30,27,20,32,25,29,35,33,22,32,13,7
N20000208,NI data zone,53,54,33,27,22,33,33,30,27,28,29,52,24,9,9,8,4,4
N20000209,NI data zone,27,53,50,21,24,31,27,48,36,37,28,45,23,16,13,5,9,5
N20000210,NI data zone,32,54,48,34,35,38,38,37,41,38,42,61,32,25,25,21,22,29
N20000211,NI data zone,61,30,21,25,40,112,66,44,34,38,38,34,24,23,16,7,6,2
N20000212,NI data zone,41,33,50,27,26,35,41,43,27,21,32,47,27,22,16,12,8,9
N20000213,NI data zone,22,35,38,17,20,22,24,40,23,30,24,27,20,15,12,11,8,10
N20000214,NI data zone,10,14,15,9,16,14,19,22,13,20,15,13,16,11,33,34,29,22
N20000215,NI data zone,35,38,30,22,28,33,35,48,29,43,40,36,32,19,18,8,2,0
N20000216,NI data zone,5,15,10,14,11,6,18,18,16,16,15,7,22,23,28,24,27,10
N20000217,NI data zone,31,35,30,26,46,33,33,30,31,48,52,27,46,43,27,26,17,15
N20000218,NI data zone,17,22,24,18,34,29,22,38,23,36,37,22,34,49,44,60,36,38
N20000219,NI data zone,29,44,48,23,34,20,40,40,41,50,71,45,76,70,41,29,9,7
N20000220,NI data zone,17,16,20,19,17,17,19,27,22,35,31,22,18,23,36,47,32,23
N20000221,NI data zone,29,30,23,19,34,44,32,32,33,33,25,26,36,25,36,33,21,8
N20000222,NI data zone,25,29,23,21,26,33,24,45,30,37,35,21,31,30,40,16,6,8
N20000223,NI data zone,21,33,33,26,30,31,36,37,40,37,27,27,27,25,20,23,12,9
N20000224,NI data zone,18,27,20,22,19,27,24,26,33,24,35,14,36,35,32,30,20,16
N20000225,NI data zone,18,18,21,17,23,19,16,17,28,20,14,16,9,21,22,6,16,7
N20000226,NI data zone,34,33,41,17,30,42,47,40,51,48,42,34,35,27,30,28,20,4
N20000227,NI data zone,22,28,26,16,27,24,30,35,31,27,36,32,36,37,35,20,18,14
N20000228,NI data zone,28,17,20,21,21,38,35,20,32,23,28,28,29,25,23,17,8,11
N20000229,NI data zone,31,33,35,27,49,43,31,34,24,30,35,24,22,16,8,15,5,7
N20000230,NI data zone,32,44,23,26,40,47,48,32,36,34,36,29,30,23,15,14,9,4
N20000231,NI data zone,18,24,33,19,19,30,26,28,29,28,35,25,27,47,30,38,22,13
N20000232,NI data zone,21,17,12,8,13,28,26,30,14,12,11,29,24,13,21,14,11,12
N20000233,NI data zone,25,28,29,20,29,29,21,23,31,38,26,30,32,25,24,14,23,36
N20000234,NI data zone,30,37,19,21,16,35,32,36,23,28,21,18,17,21,13,38,3,10
N20000235,NI data zone,20,21,21,16,18,18,17,25,24,29,28,21,18,13,28,17,14,13
N20000236,NI data zone,17,12,18,16,20,31,30,27,27,29,35,25,35,35,30,18,20,26
N20000237,NI data zone,23,34,15,14,25,32,23,18,18,26,27,18,29,26,22,23,21,20
N20000238,NI data zone,25,34,38,37,35,30,39,37,40,49,50,25,46,30,34,18,10,10
N20000239,NI data zone,23,18,18,23,29,28,20,31,22,27,45,25,38,28,29,15,20,24
N20000240,NI data zone,14,18,15,20,23,32,19,16,18,21,33,14,22,9,22,25,13,9
N20000241,NI data zone,14,18,14,9,13,15,22,23,13,25,12,17,8,9,17,21,23,16
N20000242,NI data zone,24,24,20,29,38,39,44,32,23,40,28,33,15,13,18,18,11,6
N20000243,NI data zone,23,10,19,13,30,30,22,32,13,22,34,27,27,15,12,4,15,9
N20000244,NI data zone,44,56,35,35,35,54,41,51,51,38,40,45,37,22,32,17,21,42
N20000245,NI data zone,17,24,28,27,20,26,22,34,30,26,21,14,34,24,22,17,6,4
N20000246,NI data zone,28,49,28,26,36,64,48,45,40,23,26,35,29,15,15,18,10,6
N20000247,NI data zone,23,31,40,23,27,28,33,36,43,26,24,30,31,19,18,13,3,7
N20000248,NI data zone,13,10,7,7,22,27,14,16,18,21,10,9,17,19,16,16,20,12
N20000249,NI data zone,21,36,16,8,22,32,25,27,16,19,23,41,8,12,17,10,9,9
N20000250,NI data zone,28,32,22,27,18,24,32,34,22,24,28,39,16,14,7,9,9,5
N20000251,NI data zone,43,58,54,34,57,55,57,45,59,51,63,61,38,15,10,7,4,1
N20000252,NI data zone,12,32,31,33,22,29,21,23,37,37,34,18,49,23,24,16,6,4
N20000253,NI data zone,27,24,42,34,39,24,25,27,32,36,63,30,49,38,32,33,29,29
N20000254,NI data zone,25,24,24,37,19,23,21,15,23,42,43,13,35,39,39,38,20,19
N20000255,NI data zone,16,46,52,34,29,28,28,36,36,46,56,38,47,32,9,6,3,3
N20000256,NI data zone,37,46,46,34,24,55,52,54,37,48,30,55,21,6,3,5,5,3
N20000257,NI data zone,17,17,11,9,21,15,13,12,15,21,13,13,22,13,32,18,21,24
N20000258,NI data zone,29,21,19,23,26,21,20,25,25,36,49,27,48,31,37,27,22,30
N20000259,NI data zone,17,21,32,19,19,14,35,19,36,38,39,29,52,36,64,58,37,22
N20000260,NI data zone,53,29,27,20,45,50,53,33,30,33,54,39,39,42,28,29,20,25
N20000261,NI data zone,46,72,61,38,33,31,56,57,73,59,59,57,58,50,59,47,27,9
N20000262,NI data zone,18,51,45,33,23,16,32,37,55,50,61,39,37,42,48,29,19,17
N20000263,NI data zone,26,47,25,22,23,34,37,46,56,44,40,29,28,30,38,21,16,5
N20000264,NI data zone,48,46,28,39,71,52,68,85,48,41,29,47,21,18,18,12,3,7
N20000265,NI data zone,32,36,32,26,57,45,53,42,35,25,39,35,25,24,7,6,9,6
N20000266,NI data zone,28,24,16,19,19,24,19,27,23,38,42,27,24,14,12,14,6,6
N20000267,NI data zone,56,87,78,42,36,64,70,74,101,58,25,74,12,17,6,5,1,0
N20000268,NI data zone,20,45,120,38,24,15,39,26,43,67,53,31,40,39,26,19,13,14
N20000269,NI data zone,29,46,42,40,20,24,34,42,50,52,55,28,48,31,39,25,23,13
N20000270,NI data zone,24,33,18,12,20,36,46,48,29,10,14,37,5,7,6,1,0,0
N20000271,NI data zone,53,50,31,19,24,31,52,52,45,29,24,61,15,10,6,2,2,3
N20000272,NI data zone,95,36,23,10,46,133,106,63,25,19,12,73,5,1,3,1,0,0
N20000273,NI data zone,34,33,29,21,27,39,41,32,39,31,15,39,10,7,1,1,4,1
N20000274,NI data zone,29,39,21,28,27,25,31,23,44,57,42,30,32,27,26,28,22,9
N20000275,NI data zone,57,26,14,12,39,76,80,55,32,11,9,64,6,3,0,0,0,0
N20000276,NI data zone,75,48,17,18,22,80,109,69,21,18,13,82,9,7,4,2,0,0
N20000277,NI data zone,24,51,38,26,13,28,25,56,47,46,16,46,4,12,2,2,1,0
N20000278,NI data zone,20,32,23,24,24,26,38,32,31,32,57,39,30,35,21,28,21,10
N20000279,NI data zone,73,56,64,242,221,152,113,88,58,47,44,81,20,23,26,13,4,6
N20000280,NI data zone,33,51,39,40,25,25,29,38,50,60,71,44,46,49,26,20,9,6
N20000281,NI data zone,40,40,45,34,31,23,45,38,41,51,66,47,60,39,25,18,12,14
N20000282,NI data zone,20,25,35,37,32,14,16,25,31,29,49,12,25,25,29,11,6,4
N20000283,NI data zone,59,69,41,29,55,73,65,50,43,32,35,69,43,24,29,16,8,8
N20000284,NI data zone,24,64,63,46,33,25,36,46,41,61,52,42,33,24,15,4,5,5
N20000285,NI data zone,31,46,33,39,33,33,31,48,39,39,56,54,46,36,28,24,15,19
N20000286,NI data zone,31,33,51,32,31,37,36,36,39,46,38,33,28,13,15,12,10,0
N20000287,NI data zone,30,75,70,57,42,36,39,61,62,77,39,52,36,25,19,7,2,5
N20000288,NI data zone,40,22,28,27,34,38,33,25,28,38,25,27,25,14,19,23,7,25
N20000289,NI data zone,27,29,21,27,20,24,20,23,34,21,27,23,11,14,12,18,7,2
N20000290,NI data zone,19,27,30,20,12,15,14,20,16,12,11,26,12,20,16,13,8,9
N20000291,NI data zone,11,14,15,25,28,21,17,19,16,17,20,12,28,26,17,14,6,8
N20000292,NI data zone,31,43,54,40,38,31,40,47,24,61,44,37,34,13,12,8,5,1
N20000293,NI data zone,24,41,39,40,24,20,21,30,44,48,41,22,37,28,25,20,16,14
N20000294,NI data zone,27,56,45,39,43,41,49,40,43,64,60,49,70,38,31,13,8,11
N20000476,NI data zone,33,53,46,40,29,31,28,38,37,61,39,38,30,15,22,8,7,11
N20000711,NI data zone,23,64,76,55,51,38,37,57,67,86,50,41,51,40,10,11,4,6
N20000712,NI data zone,57,51,29,17,32,43,50,51,31,22,9,58,11,6,8,2,0,0
N20000713,NI data zone,51,74,60,26,30,35,50,59,33,27,24,69,24,10,10,3,1,3
N20000714,NI data zone,19,20,12,13,19,16,10,20,19,13,19,24,16,6,8,2,2,1
N20000715,NI data zone,45,44,40,35,29,43,51,32,42,32,43,47,36,15,18,16,12,5
N20000716,NI data zone,43,25,30,33,55,67,35,37,32,47,50,22,43,35,26,14,14,16
N20000717,NI data zone,41,33,38,30,41,53,52,24,28,28,45,64,37,30,15,13,8,7
N20000718,NI data zone,46,49,22,26,37,47,43,24,19,16,23,44,18,17,7,8,2,5
N20000719,NI data zone,32,46,52,32,31,38,25,30,36,34,31,46,29,26,14,14,5,5
N20000720,NI data zone,14,20,20,13,27,36,23,19,20,37,21,16,26,32,21,18,14,7
N20000721,NI data zone,11,28,23,24,19,13,19,23,31,33,30,21,24,15,14,13,7,8
N20000722,NI data zone,18,19,17,26,33,44,28,28,32,32,28,18,28,15,14,13,5,10
N20000723,NI data zone,46,31,30,31,43,50,51,34,37,26,46,32,27,27,26,15,12,9
N20000724,NI data zone,51,43,21,17,52,53,49,26,22,18,15,45,10,11,1,3,3,1
N20000725,NI data zone,32,33,27,29,19,32,24,23,17,14,29,29,14,13,16,7,3,6
N20000726,NI data zone,25,30,35,28,38,36,53,32,38,28,46,35,35,19,23,19,10,11
N20000727,NI data zone,29,25,18,26,19,40,20,23,32,29,25,18,28,18,13,7,6,10
N20000728,NI data zone,24,21,33,25,16,23,27,26,21,21,30,21,27,17,19,19,30,20
N20000729,NI data zone,23,34,16,21,35,28,28,20,14,18,22,29,35,10,10,7,3,5
N20000730,NI data zone,47,35,34,46,43,44,49,30,24,52,59,48,59,28,19,32,20,33
N20000731,NI data zone,71,74,55,35,79,83,68,53,62,50,15,67,10,3,0,0,1,0
N20000732,NI data zone,29,39,24,24,20,27,35,47,33,29,25,42,30,32,25,30,18,13
N20000733,NI data zone,36,48,39,28,34,58,43,53,39,40,51,34,30,14,17,12,7,7
N20000734,NI data zone,17,20,24,23,17,18,17,20,27,25,35,18,27,31,22,8,7,6
N20000735,NI data zone,20,35,31,49,38,24,38,24,33,28,39,22,37,25,22,28,16,9
N20000736,NI data zone,26,14,32,23,33,31,31,18,25,20,55,17,35,14,16,21,8,11
N20000737,NI data zone,24,31,29,32,40,33,35,29,32,26,29,36,33,20,20,19,11,12
N20000738,NI data zone,40,24,27,16,38,40,41,29,30,37,32,34,23,15,13,11,7,6
N20000739,NI data zone,6,21,30,15,15,26,16,15,17,15,29,17,28,11,16,14,12,7
N20000740,NI data zone,31,21,20,35,36,36,30,27,18,28,38,20,27,26,15,13,7,9
N20000741,NI data zone,20,23,20,29,38,35,19,19,37,36,34,27,42,30,16,9,6,7
N20000742,NI data zone,28,16,18,23,34,26,27,32,21,26,33,20,23,20,9,16,5,10
N20000743,NI data zone,42,39,19,29,38,38,31,25,23,29,29,42,23,15,13,7,7,2
N20000744,NI data zone,49,40,45,18,43,36,40,25,28,33,32,39,18,15,13,10,4,3
N20000745,NI data zone,29,17,31,28,35,26,30,20,26,24,26,13,28,19,16,17,15,5
N20000746,NI data zone,47,70,64,39,46,56,53,40,41,38,32,61,30,17,13,17,6,4
N20000747,NI data zone,31,9,17,37,31,33,28,29,24,25,37,18,27,19,4,7,8,4
N20000748,NI data zone,61,70,68,41,38,62,52,50,32,33,33,70,23,13,15,12,7,6
N20000749,NI data zone,54,99,73,42,35,40,53,38,36,20,35,70,17,10,8,8,7,4
N20000750,NI data zone,26,32,22,34,44,39,30,41,27,49,45,34,36,29,11,18,7,8
N20000751,NI data zone,38,30,20,26,35,31,33,27,23,29,28,44,15,14,11,9,7,2
N20000752,NI data zone,36,22,12,25,35,43,26,21,21,26,24,30,18,13,8,15,10,10
N20000753,NI data zone,46,34,33,34,40,30,40,37,31,38,25,38,9,18,13,19,5,2
N20000754,NI data zone,16,12,15,9,17,21,15,10,11,8,10,7,19,13,10,9,12,3
N20000755,NI data zone,37,38,34,31,36,30,36,30,26,34,37,52,20,23,15,16,4,4
N20000756,NI data zone,45,40,36,19,38,34,27,27,21,35,32,44,17,14,12,15,6,4
N20000757,NI data zone,20,38,35,81,22,25,35,28,17,26,18,47,19,11,12,8,2,4
N20000758,NI data zone,47,33,24,39,48,47,36,32,35,20,35,55,27,21,16,23,14,5
N20000759,NI data zone,51,35,31,30,45,42,46,31,16,22,23,30,7,10,8,3,6,1
N20000760,NI data zone,29,31,20,28,27,37,26,16,19,40,30,30,23,15,16,15,7,11
N20000761,NI data zone,43,57,40,26,40,44,32,26,20,28,40,40,31,22,14,18,4,8
N20000762,NI data zone,30,19,19,18,32,27,19,21,27,30,31,25,18,10,13,21,9,7
N20000763,NI data zone,35,34,42,30,23,24,24,21,15,27,16,41,15,10,5,10,1,3
N20000764,NI data zone,33,20,20,29,30,33,19,25,24,24,27,22,22,14,11,6,18,9
N20000765,NI data zone,29,27,26,15,32,33,20,19,21,16,33,31,19,6,18,7,9,7
N20000767,NI data zone,30,33,30,27,35,42,39,21,29,46,46,50,44,37,19,22,9,8
N20000768,NI data zone,33,35,32,33,23,29,37,24,26,13,41,42,29,38,24,13,10,7
N20000770,NI data zone,52,76,61,55,44,37,36,36,26,31,22,59,16,11,10,4,2,2
N20000775,NI data zone,23,32,38,38,26,28,29,31,25,35,35,37,29,18,9,9,3,4
N20000776,NI data zone,41,42,19,39,31,30,35,30,38,37,30,46,26,22,32,22,5,8
N20000787,NI data zone,23,43,33,29,45,32,25,29,33,33,45,23,39,24,14,17,17,12
N20000788,NI data zone,46,56,49,40,52,43,43,59,47,51,43,53,43,31,26,21,21,13
N20000789,NI data zone,19,13,19,22,54,44,45,31,23,38,28,17,28,18,20,13,11,4
N20000790,NI data zone,34,50,30,16,36,29,35,38,26,21,23,40,31,21,24,15,7,3
N20000791,NI data zone,30,32,27,14,26,35,53,43,30,25,25,37,41,22,28,11,10,17
N20000792,NI data zone,39,20,21,23,36,45,30,31,28,33,23,30,33,12,15,7,5,7
N20000793,NI data zone,45,19,33,38,59,27,39,39,33,37,24,29,28,17,25,16,7,9
N20000794,NI data zone,49,43,39,34,35,43,45,39,39,28,41,42,33,15,11,15,8,7
N20000795,NI data zone,41,35,28,37,50,86,52,45,44,50,38,38,26,24,14,17,8,20
N20000796,NI data zone,44,43,38,28,29,36,44,65,31,36,59,52,51,34,32,41,30,19
N20000797,NI data zone,19,25,14,24,38,39,32,37,21,28,23,39,29,28,43,36,29,28
N20000798,NI data zone,25,20,17,29,37,46,41,34,40,27,34,30,21,32,30,24,7,9
N20000799,NI data zone,29,51,39,25,19,15,32,22,49,40,49,26,45,43,33,24,12,12
N20000800,NI data zone,32,41,36,27,35,53,30,36,29,41,53,43,48,20,25,19,17,15
N20000801,NI data zone,33,21,30,32,43,38,33,26,16,31,38,33,40,27,23,17,15,10
N20000802,NI data zone,33,32,25,24,28,30,26,37,30,29,44,32,40,34,27,29,19,11
N20000803,NI data zone,30,48,38,18,23,17,42,36,39,36,39,31,40,25,30,26,13,17
N20000804,NI data zone,21,14,32,19,19,17,15,17,19,33,38,18,17,27,17,13,11,2
N20000805,NI data zone,42,34,34,30,32,40,61,31,39,29,24,46,41,33,16,12,13,12
N20000806,NI data zone,26,35,19,27,32,29,42,24,21,36,57,26,39,16,15,11,8,8
N20000807,NI data zone,38,38,31,32,36,24,34,35,30,37,52,26,40,43,43,32,16,16
N20000808,NI data zone,22,52,40,24,32,15,18,33,26,41,37,34,43,35,26,17,12,9
N20000809,NI data zone,38,42,35,24,18,19,44,39,39,45,36,45,32,37,24,23,9,8
N20000810,NI data zone,19,30,22,27,16,25,27,45,32,33,33,28,23,30,14,10,2,10
N20000811,NI data zone,31,44,42,42,38,57,42,31,45,45,47,44,49,36,17,15,5,12
N20000812,NI data zone,14,24,20,22,7,8,15,15,25,29,24,22,20,21,19,18,8,11
N20000813,NI data zone,7,7,4,3,13,14,19,17,18,21,35,8,32,20,15,10,5,4
N20000814,NI data zone,23,26,15,18,24,21,28,28,25,26,29,15,18,11,13,9,4,1
N20000815,NI data zone,12,25,32,15,10,24,10,15,23,35,33,16,35,29,19,15,12,12
N20000816,NI data zone,27,47,44,31,21,27,34,36,41,50,42,37,38,37,32,27,18,25
N20000817,NI data zone,32,51,44,33,23,27,51,44,45,44,49,38,40,33,32,36,39,87
N20000818,NI data zone,29,30,19,23,19,24,39,23,25,37,37,23,35,36,18,11,9,10
N20000819,NI data zone,21,24,13,15,21,21,28,19,21,29,33,14,25,26,16,9,10,9
N20000820,NI data zone,25,36,33,24,23,31,24,27,21,27,36,34,31,18,8,14,10,17
N20000821,NI data zone,14,13,6,19,49,42,31,28,22,12,20,13,19,9,7,7,7,3
N20000822,NI data zone,7,16,15,8,8,11,14,8,16,14,24,10,17,17,17,11,8,15
N20000823,NI data zone,24,32,26,24,29,26,41,27,46,41,47,21,37,21,22,21,13,6
N20000824,NI data zone,44,47,41,30,29,41,56,45,36,46,44,30,39,37,14,10,15,26
N20000826,NI data zone,16,7,5,10,20,26,26,14,24,20,29,17,34,21,10,11,9,9
N20000827,NI data zone,27,47,33,22,32,33,43,31,40,31,36,24,32,33,21,10,9,11
N20000828,NI data zone,15,16,9,14,24,28,26,23,22,29,20,24,24,22,15,19,7,5
N20000829,NI data zone,25,7,6,16,44,42,22,25,15,28,27,14,12,18,7,12,10,3
N20000830,NI data zone,15,29,20,13,18,25,18,30,25,33,30,18,35,26,15,12,7,9
N20000831,NI data zone,21,40,29,27,21,28,34,39,39,23,37,41,44,33,22,21,10,17
N20000832,NI data zone,20,15,5,19,19,16,19,13,8,19,13,22,14,17,22,14,23,29
N20000833,NI data zone,37,22,26,35,43,70,46,33,44,32,39,24,24,14,7,11,5,4
N20000834,NI data zone,25,27,28,18,18,28,25,22,20,19,24,32,12,10,16,2,13,3
N20000835,NI data zone,51,44,32,45,63,62,56,43,34,44,47,51,47,29,19,18,21,15
N20000836,NI data zone,30,28,20,14,45,38,30,28,31,28,34,26,43,40,28,10,8,14
N20000837,NI data zone,20,36,18,31,46,39,35,32,35,48,49,27,35,24,31,35,19,13
N20000838,NI data zone,21,29,24,21,28,45,45,37,33,40,37,26,28,15,12,11,0,6
N20000839,NI data zone,20,11,19,23,27,24,13,19,29,29,22,6,27,26,22,15,11,10
N20000840,NI data zone,28,25,22,32,24,37,32,23,18,38,34,28,18,9,3,7,2,0
N20000841,NI data zone,66,98,72,60,62,66,64,60,69,58,45,60,32,23,15,19,10,11
N20000842,NI data zone,19,13,10,20,31,32,47,24,22,22,26,22,12,9,3,2,3,4
N20000843,NI data zone,14,18,9,28,36,25,21,27,29,22,18,15,22,12,11,9,14,14
N20000845,NI data zone,20,31,23,22,22,26,36,24,17,19,24,21,19,11,14,4,3,2
N20000846,NI data zone,22,42,30,26,19,26,28,42,24,30,18,26,31,11,18,13,5,1
N20000848,NI data zone,26,58,54,29,28,31,45,31,22,27,17,52,17,9,12,12,1,3
N20000849,NI data zone,36,44,34,38,53,60,50,31,35,40,35,35,31,17,19,11,3,3
N20001236,NI data zone,31,47,52,27,47,44,45,52,39,55,68,50,65,24,20,11,15,13
N20001239,NI data zone,108,89,43,39,49,53,47,28,19,23,22,98,19,13,7,5,4,4
N20001240,NI data zone,42,40,29,29,30,30,54,28,23,34,46,47,37,10,22,10,9,4
N20001241,NI data zone,39,46,56,38,55,46,45,34,31,38,46,43,43,23,16,8,5,4
N20001242,NI data zone,35,64,64,59,61,45,52,50,55,43,45,48,41,31,19,9,4,4
N20001243,NI data zone,64,60,57,40,42,49,56,54,32,30,36,65,50,40,22,14,3,4
N20001246,NI data zone,29,39,41,30,33,30,34,38,37,38,38,37,67,88,60,44,27,14
N20001248,NI data zone,42,54,44,19,29,30,34,24,33,8,21,58,18,26,11,4,3,1
N20001250,NI data zone,28,19,26,35,32,25,31,24,22,31,32,22,41,20,9,9,2,2
N20001252,NI data zone,42,50,32,33,40,35,39,40,28,23,29,42,35,33,23,15,1,0
N20001267,NI data zone,46,77,51,33,31,30,57,68,64,28,15,51,11,8,4,3,0,0
N20001273,NI data zone,43,41,20,13,9,45,64,46,21,11,7,52,4,11,1,1,0,1
N20001279,NI data zone,65,61,48,24,30,66,76,54,48,29,26,58,7,10,5,0,1,3
N20001297,NI data zone,25,42,20,35,34,35,32,32,16,25,39,32,30,26,23,9,11,16
N20001298,NI data zone,46,56,52,39,36,52,35,37,46,39,39,53,27,27,27,17,10,9
N20001299,NI data zone,40,51,38,27,20,44,32,29,32,31,36,45,25,9,20,10,1,4
N20001300,NI data zone,48,54,65,58,43,40,51,35,28,38,33,61,39,20,11,5,4,3
N20001301,NI data zone,47,67,48,44,58,53,38,44,27,54,52,57,56,37,31,14,3,11
N20001302,NI data zone,30,28,27,41,35,39,32,21,30,26,37,28,47,36,20,15,2,8
N20001303,NI data zone,27,29,32,33,42,38,29,28,35,30,37,27,22,12,15,10,24,13
N20001305,NI data zone,31,51,53,30,32,34,38,23,35,30,40,47,27,21,30,13,6,2
N20001306,NI data zone,19,17,24,26,15,18,28,19,9,20,14,16,20,20,16,4,4,2
N20001308,NI data zone,46,50,59,69,60,57,60,35,51,65,72,44,44,44,27,30,24,6
N20001309,NI data zone,54,71,50,65,64,51,47,51,47,72,69,53,66,51,31,27,16,13
N20001310,NI data zone,35,49,43,44,37,35,30,46,32,49,43,53,38,40,20,7,7,4
N20001313,NI data zone,34,47,33,36,46,45,30,34,36,35,33,37,32,29,16,5,2,4
N20001314,NI data zone,44,56,42,38,34,49,53,39,38,44,44,48,34,28,19,21,12,6
N20001317,NI data zone,35,33,28,29,35,37,42,21,14,37,55,34,42,25,19,10,8,8
N20001320,NI data zone,30,26,33,45,19,19,22,35,18,33,37,27,32,31,15,15,16,10
N20001323,NI data zone,19,18,9,16,24,29,27,14,20,24,30,27,36,19,10,6,6,8
N20001325,NI data zone,50,54,57,53,47,55,47,35,39,49,72,59,49,31,20,18,14,10
N20001326,NI data zone,56,51,39,37,34,54,57,36,25,33,47,62,51,30,27,15,12,9
N20001327,NI data zone,20,23,25,33,25,23,16,19,23,31,51,21,37,27,29,12,5,12
N20001328,NI data zone,32,44,50,31,27,43,38,44,27,33,31,61,52,40,21,16,6,10
N20001329,NI data zone,18,26,23,16,12,17,25,17,18,15,15,17,23,9,21,12,12,6
N20001331,NI data zone,33,22,27,27,26,26,24,31,36,32,38,29,55,29,19,16,18,16
N20001332,NI data zone,33,70,78,31,24,33,43,28,26,19,16,65,12,3,0,0,1,0
N20001335,NI data zone,16,17,24,20,26,42,12,21,28,11,24,15,25,15,11,6,3,4
N20001338,NI data zone,34,42,32,23,29,28,24,19,20,16,19,33,17,18,10,4,4,2
N20001339,NI data zone,23,26,24,49,48,37,37,33,22,41,80,33,77,38,35,28,21,27
N20001341,NI data zone,24,34,23,25,22,29,15,18,21,37,26,19,13,9,3,1,1,0
N20001343,NI data zone,29,22,22,15,22,37,31,27,18,33,35,30,36,26,12,5,8,21
N20001344,NI data zone,15,27,11,18,14,33,27,16,10,21,27,21,38,19,7,5,9,4
N20001346,NI data zone,27,34,38,28,32,29,30,40,34,40,42,21,31,16,27,13,17,6
N20001348,NI data zone,30,39,28,38,19,28,22,35,25,26,33,22,22,16,18,16,19,20
N20001349,NI data zone,19,29,22,13,22,38,31,24,11,29,37,32,33,24,15,7,10,6
N20001351,NI data zone,37,69,50,52,50,39,44,35,42,46,39,67,22,19,15,4,0,0
N20001353,NI data zone,18,12,22,16,18,19,21,14,14,22,26,16,26,15,6,8,8,10
N20001356,NI data zone,48,54,40,32,62,43,53,41,28,47,35,55,30,19,21,29,21,11
N20001358,NI data zone,40,47,28,44,39,48,40,35,36,43,35,40,26,23,22,21,10,14
N20001359,NI data zone,28,46,48,22,27,34,42,35,25,57,32,40,34,21,25,20,11,7
N20001360,NI data zone,40,31,25,33,33,26,29,33,23,39,41,36,23,6,2,5,2,1
N20001362,NI data zone,31,17,21,27,31,43,27,31,25,33,26,27,38,30,28,28,19,12
N20001363,NI data zone,46,29,31,27,26,45,47,40,34,54,40,38,37,32,30,33,18,21
N20001365,NI data zone,43,43,29,35,49,45,39,37,28,36,30,32,11,13,9,4,1,1
N20001369,NI data zone,36,47,31,27,33,25,42,37,28,27,28,46,11,10,14,16,12,4
N20001370,NI data zone,42,38,27,33,25,54,42,37,24,35,31,45,22,16,20,17,10,6
N20001371,NI data zone,18,34,26,16,28,37,31,32,25,19,32,26,40,15,27,22,13,19
N20001372,NI data zone,21,27,23,20,21,19,22,26,11,23,23,25,25,11,10,11,6,11
N20001373,NI data zone,40,28,32,37,46,36,27,31,26,32,56,28,50,22,19,13,23,47
N20001374,NI data zone,24,36,31,29,26,39,33,24,31,27,32,27,22,25,22,27,12,13
N20001375,NI data zone,42,37,33,34,35,46,37,35,38,40,37,41,20,26,30,31,15,10
N20001376,NI data zone,12,22,13,1,10,17,11,11,10,7,8,23,17,13,11,8,4,7
N20001377,NI data zone,16,16,22,17,15,15,12,11,24,24,22,16,28,20,27,36,27,40
N20001378,NI data zone,25,58,33,27,31,35,35,44,29,31,31,49,30,12,18,16,19,20
N20001379,NI data zone,20,26,30,40,40,26,25,38,36,45,34,25,35,13,14,22,15,8
N20001380,NI data zone,35,27,32,26,63,60,41,36,36,48,41,38,45,33,31,21,22,14
N20001381,NI data zone,61,48,30,46,55,53,55,36,42,51,45,65,45,24,27,27,13,18
N20001382,NI data zone,13,16,22,29,29,25,23,28,17,39,29,12,37,27,23,18,17,18
N20001383,NI data zone,48,59,47,39,37,47,54,27,30,34,31,54,29,23,9,6,8,6
N20001384,NI data zone,38,43,30,42,40,68,35,43,30,42,43,39,27,23,22,17,7,7
N20001385,NI data zone,17,18,14,20,17,34,30,22,16,23,35,22,26,17,23,10,19,7
N20001386,NI data zone,16,22,19,19,22,33,21,24,23,27,27,21,36,30,20,16,13,9
N20001387,NI data zone,24,29,21,22,34,29,27,20,21,26,26,39,34,24,16,14,4,9
N20001388,NI data zone,21,55,47,28,33,30,39,46,56,35,35,33,20,13,10,4,1,0
N20001390,NI data zone,37,63,36,33,36,58,41,37,33,44,55,58,18,19,14,15,5,3
N20001391,NI data zone,29,25,22,20,21,39,27,35,28,32,32,30,23,17,22,15,12,20
N20001392,NI data zone,18,21,22,23,28,26,22,17,29,34,26,15,47,27,16,18,11,7
N20001393,NI data zone,13,7,5,9,13,21,9,1,8,8,15,13,26,13,18,8,16,9
N20001394,NI data zone,19,16,20,33,38,24,22,16,22,33,27,12,23,12,11,5,3,4
N20001395,NI data zone,17,17,12,15,20,17,12,13,12,36,20,12,24,19,16,8,9,13
N20001397,NI data zone,27,25,24,36,42,32,23,13,21,28,31,21,29,22,19,26,20,20
N20001399,NI data zone,44,28,29,24,40,35,29,30,28,35,45,40,38,25,33,21,19,17
N20001400,NI data zone,14,16,18,15,22,32,15,19,13,17,11,12,17,11,7,11,4,3
N20001401,NI data zone,28,29,22,53,65,56,49,47,35,39,54,29,52,36,25,26,21,16
N20001402,NI data zone,29,51,30,32,55,49,47,72,45,34,26,43,22,14,9,5,0,0
N20001403,NI data zone,19,18,12,19,20,16,24,15,14,19,39,20,13,11,7,9,6,7
N20001404,NI data zone,21,16,17,23,49,47,35,20,16,21,22,21,27,37,13,12,10,5
N20001405,NI data zone,28,53,33,33,26,24,34,37,30,31,25,48,31,29,21,10,17,11
N20001407,NI data zone,42,25,18,19,30,34,28,16,15,13,14,39,19,8,7,10,5,5
N20001408,NI data zone,35,19,25,28,23,25,30,20,23,11,20,30,14,9,7,6,6,1
N20001411,NI data zone,30,43,35,17,26,36,29,30,32,31,20,31,30,18,16,6,9,5
N20001413,NI data zone,32,43,44,28,39,26,48,42,31,27,44,55,31,34,8,14,10,9
N20001416,NI data zone,26,36,32,28,29,26,31,27,28,22,28,30,30,22,32,29,11,26
N20001417,NI data zone,23,34,39,20,18,22,31,31,22,16,29,33,27,15,13,9,6,5
N20001419,NI data zone,11,25,26,30,27,38,19,26,22,27,32,32,32,26,19,10,5,13
N20001420,NI data zone,20,30,25,26,29,27,19,29,11,15,24,33,14,7,9,4,5,5
N20001422,NI data zone,31,26,15,20,22,29,41,28,23,20,9,37,16,15,7,6,5,5
N20001424,NI data zone,42,54,55,24,26,53,53,49,36,42,31,65,30,29,16,16,9,8
N20001427,NI data zone,41,49,48,53,37,40,41,26,34,46,44,46,37,21,20,15,13,14
N20001428,NI data zone,41,28,30,38,48,58,41,33,34,45,39,28,36,28,15,13,6,10
N20001436,NI data zone,15,18,24,19,29,32,28,16,19,39,37,25,25,18,17,7,3,4
N20001514,NI data zone,21,26,17,31,32,26,31,25,39,59,63,31,64,61,72,54,43,21
N20001516,NI data zone,41,38,44,37,39,29,34,45,51,44,48,39,41,42,27,19,9,8
N20001518,NI data zone,44,66,48,37,37,38,37,63,57,57,80,52,66,54,47,42,17,15
N20001519,NI data zone,17,30,22,6,17,18,14,19,26,16,28,21,15,11,12,9,16,7
N20001521,NI data zone,26,26,28,25,29,23,22,31,36,36,43,32,44,38,38,28,20,15
N20001524,NI data zone,46,31,25,27,48,51,49,41,26,28,37,49,20,8,10,11,8,4
N20001526,NI data zone,13,29,25,27,27,28,23,20,41,35,41,21,39,30,25,22,14,9
N20001528,NI data zone,31,50,45,26,23,43,25,34,44,55,56,56,50,34,41,22,16,12
N20001530,NI data zone,37,57,51,31,29,47,38,42,54,59,45,40,53,51,49,27,16,18
N20001539,NI data zone,41,40,43,45,41,44,37,36,46,70,68,40,49,49,28,24,16,13
N20001540,NI data zone,52,51,24,24,35,55,53,46,34,20,31,60,14,14,7,6,5,7
N20001541,NI data zone,31,24,28,29,31,27,33,19,19,40,33,36,31,22,21,14,6,6
N20001543,NI data zone,34,51,37,48,31,40,50,53,38,52,42,49,38,46,32,25,24,17
N20001547,NI data zone,65,49,47,63,57,43,43,51,53,46,47,57,44,36,42,23,5,5
N20001548,NI data zone,19,24,173,141,47,46,20,24,27,22,40,25,32,25,24,13,6,12
N20001549,NI data zone,26,20,26,35,37,43,25,22,28,36,30,27,30,18,14,25,14,6
N20001550,NI data zone,37,43,26,33,33,39,26,27,23,24,29,61,18,38,16,6,3,3
N20001551,NI data zone,23,28,17,17,18,13,20,25,16,24,28,20,17,28,23,11,0,4
N20001552,NI data zone,25,28,23,25,34,37,31,33,36,31,36,31,39,15,9,9,5,5
N20001553,NI data zone,70,67,64,46,51,51,53,35,33,57,40,85,34,30,23,10,10,4
N20001554,NI data zone,20,28,27,22,26,35,26,21,30,38,27,36,43,38,27,14,15,11
N20001555,NI data zone,22,25,23,22,18,32,34,22,28,37,38,15,44,45,39,34,8,12
N20001556,NI data zone,27,10,14,15,38,51,42,18,17,12,8,26,9,2,3,1,0,1
N20001557,NI data zone,39,56,43,37,41,37,51,42,45,53,37,49,31,14,9,12,10,2
N20001558,NI data zone,19,32,27,17,20,21,25,22,38,37,49,43,33,32,47,37,24,20
N20001559,NI data zone,40,34,28,22,32,27,32,24,30,22,27,48,19,16,16,6,8,3
N20001560,NI data zone,15,25,43,14,21,25,22,30,25,36,34,21,39,34,48,34,29,14
N20001561,NI data zone,36,16,24,40,31,24,36,32,33,25,33,26,38,36,10,11,15,12
N20001562,NI data zone,21,17,17,11,26,18,28,30,23,15,26,20,22,22,24,20,10,6
N20001563,NI data zone,40,39,34,33,34,34,34,29,28,31,34,41,28,28,26,14,11,4
N20001564,NI data zone,35,30,26,30,27,18,30,16,32,30,22,26,19,16,23,18,10,1
N20001565,NI data zone,28,13,20,28,31,28,25,32,30,30,21,27,29,26,27,24,6,13
N20001566,NI data zone,9,16,20,8,19,16,20,17,14,28,35,11,26,18,26,10,11,9
N20001567,NI data zone,20,18,17,28,26,23,27,31,21,19,41,11,37,23,39,21,17,45
N20001568,NI data zone,19,18,19,26,28,31,28,34,27,46,36,26,23,29,28,17,14,10
N20001569,NI data zone,29,28,19,18,24,48,16,23,28,20,27,19,22,18,16,14,6,5
N20001570,NI data zone,16,15,24,24,35,36,25,33,33,35,41,23,26,21,23,28,19,7
N20001571,NI data zone,2,4,5,6,12,12,5,9,7,15,7,3,10,20,18,16,10,24
N20001572,NI data zone,22,27,17,20,25,34,33,40,30,31,35,27,37,32,27,23,23,66
N20001573,NI data zone,33,28,22,36,29,26,28,31,32,45,44,29,34,27,30,22,8,8
N20001574,NI data zone,42,55,42,38,35,46,47,44,39,36,34,41,39,23,24,15,5,9
N20001575,NI data zone,36,24,18,28,30,30,28,25,25,30,31,38,31,21,19,7,5,11
N20001576,NI data zone,26,22,23,41,37,33,35,20,21,19,14,30,16,15,13,9,17,10
N20001577,NI data zone,8,14,10,13,10,17,3,18,18,17,17,10,22,19,25,23,21,13
N20001578,NI data zone,17,25,12,13,21,28,21,20,20,31,20,21,18,8,11,7,2,8
N20001579,NI data zone,14,16,15,13,14,12,19,25,16,29,21,17,14,11,8,8,6,9
N20001580,NI data zone,36,53,31,27,29,43,38,36,40,45,42,53,27,16,14,6,3,5
N20001581,NI data zone,26,25,23,12,27,30,30,25,24,27,37,25,41,28,20,17,25,18
N20001582,NI data zone,21,27,22,12,17,33,24,29,29,17,26,35,17,54,28,17,18,46
N20001583,NI data zone,14,16,32,19,13,22,17,17,36,45,53,16,62,28,19,19,12,8
N20001584,NI data zone,10,14,17,12,29,13,8,23,15,22,47,7,22,35,31,35,18,15
N20001585,NI data zone,36,42,45,28,21,28,32,37,54,45,43,30,31,18,18,12,8,2
N20001586,NI data zone,18,25,20,21,30,34,33,25,21,28,33,24,43,33,18,20,11,8
N20001587,NI data zone,52,69,60,31,48,54,82,54,48,54,27,70,27,12,4,5,5,2
N20001588,NI data zone,18,22,22,12,21,19,16,33,30,31,32,29,35,21,19,10,9,4
N20001589,NI data zone,24,30,22,26,42,51,29,31,44,43,50,28,51,40,43,31,30,12
N20001590,NI data zone,11,25,18,22,12,17,21,22,26,41,40,15,45,33,42,33,23,25
N20001591,NI data zone,29,27,20,26,27,44,39,33,28,38,50,38,56,34,43,29,18,15
N20001592,NI data zone,22,32,30,24,39,31,39,36,40,33,29,38,13,2,9,4,7,2
N20001593,NI data zone,8,44,49,40,27,14,23,29,43,66,64,24,33,23,14,17,18,10
N20001594,NI data zone,16,19,19,14,19,22,21,19,26,26,55,16,63,59,56,45,24,16
N20001595,NI data zone,16,27,27,11,17,19,20,15,16,17,29,31,25,17,21,10,5,3
N20001596,NI data zone,21,39,47,41,19,18,22,30,52,57,56,27,44,31,33,31,25,13
N20001597,NI data zone,15,45,24,28,53,32,31,32,45,54,60,37,71,61,45,40,16,25
N20001598,NI data zone,11,15,7,7,10,14,14,9,14,16,32,7,30,36,32,42,11,19
N20001599,NI data zone,5,9,11,29,30,16,25,20,23,42,41,4,26,23,31,16,15,9
N20001600,NI data zone,26,23,31,20,14,19,20,15,23,17,16,27,17,16,7,8,3,1
N20001601,NI data zone,16,11,13,20,18,13,17,16,11,24,28,15,43,33,25,23,17,11
N20001602,NI data zone,8,13,10,10,10,12,11,12,11,33,35,11,31,35,49,30,20,17
N20001603,NI data zone,11,3,15,16,24,17,14,18,11,29,38,6,29,34,35,33,22,22
N20001604,NI data zone,25,22,25,19,20,31,29,28,42,48,45,6,43,45,37,35,18,28
N20001605,NI data zone,15,25,24,15,13,13,18,24,30,35,27,17,22,13,16,17,8,4
N20001606,NI data zone,14,6,10,9,13,13,17,8,14,16,20,16,15,16,21,25,12,5
N20001607,NI data zone,24,19,28,15,12,19,32,17,24,38,33,15,39,38,41,20,23,16
N20001608,NI data zone,13,15,14,15,25,13,22,24,22,32,33,16,20,11,11,13,11,9
N20001609,NI data zone,14,37,24,21,9,11,5,25,42,25,38,27,20,12,7,2,4,3
N20001610,NI data zone,22,36,22,27,14,20,25,43,38,44,39,30,32,34,44,29,19,14
N20001611,NI data zone,23,19,29,21,13,16,25,23,28,36,42,14,46,52,56,32,39,20
N20001612,NI data zone,38,38,40,27,26,29,31,22,46,37,23,37,28,16,12,17,6,7
N20001613,NI data zone,25,27,31,20,25,26,29,31,23,47,60,15,60,33,31,28,28,16
N20001614,NI data zone,24,27,21,28,27,29,19,23,29,36,41,22,36,27,34,22,18,18
N20001615,NI data zone,48,62,44,33,27,42,40,59,56,59,49,63,29,20,16,13,7,4
N20001616,NI data zone,34,17,32,31,19,34,25,28,36,32,48,16,41,47,37,46,20,17
N20001617,NI data zone,22,26,27,14,20,19,26,27,31,40,41,40,41,26,33,25,26,7
N20001618,NI data zone,29,33,44,13,25,19,34,30,41,44,43,24,43,27,19,13,10,7
N20001619,NI data zone,14,29,30,13,12,9,32,33,19,38,28,21,23,22,24,22,15,7
N20001620,NI data zone,27,22,20,11,14,18,16,27,22,29,27,21,30,24,20,15,13,11
N20001621,NI data zone,10,22,26,52,27,28,28,20,22,33,30,10,33,36,30,19,34,12
N20001622,NI data zone,15,24,28,21,23,27,23,29,25,43,41,22,27,22,25,19,15,10
N20001623,NI data zone,36,22,11,23,17,26,46,35,19,32,37,34,38,25,25,18,15,16
N20001624,NI data zone,13,21,15,29,14,17,10,24,20,22,34,12,55,31,35,36,17,15
N20001625,NI data zone,17,8,8,12,22,19,16,9,12,12,22,12,18,16,16,15,9,5
N20001626,NI data zone,16,19,21,25,12,25,28,16,27,41,37,17,39,41,36,26,26,16
N20001627,NI data zone,33,34,28,21,33,36,39,39,34,54,46,33,50,41,42,35,24,16
N20001628,NI data zone,17,19,15,11,16,13,11,10,14,21,10,13,23,23,19,28,13,11
N20001629,NI data zone,4,5,12,27,11,6,9,17,11,15,15,5,19,30,33,18,29,24
N20001630,NI data zone,20,35,35,135,56,21,19,15,19,24,13,24,20,9,5,12,5,0
N20001631,NI data zone,20,22,32,33,27,14,20,23,37,26,38,29,35,29,22,27,17,15
N20001632,NI data zone,15,26,16,14,35,21,20,20,30,45,37,25,50,74,65,46,36,57
N20001633,NI data zone,14,25,54,284,32,21,16,19,22,10,2,30,1,2,1,0,0,0
N20001634,NI data zone,25,28,38,49,29,37,21,34,35,40,61,21,60,46,27,24,22,27
N20001635,NI data zone,37,24,34,58,31,37,38,29,35,46,44,33,35,41,33,27,14,11
N20001636,NI data zone,27,37,30,32,29,30,21,34,33,50,36,30,32,29,20,19,19,7
N20001637,NI data zone,24,27,27,18,14,18,27,17,31,23,43,18,47,35,46,38,16,22
N20001638,NI data zone,26,50,48,104,33,32,38,45,43,49,38,40,42,26,10,9,11,7
N20001639,NI data zone,27,38,39,26,35,25,35,29,44,48,51,29,42,27,18,22,16,6
N20001640,NI data zone,11,19,23,17,19,19,24,22,19,29,37,25,25,33,39,28,30,50
N20001641,NI data zone,12,16,22,15,14,10,16,12,21,20,25,12,23,19,18,13,6,5
N20001642,NI data zone,35,41,21,37,29,34,31,31,32,27,34,37,27,27,23,14,11,8
N20001643,NI data zone,19,18,17,27,16,16,10,17,27,27,37,22,31,18,24,16,14,9
N20001644,NI data zone,41,55,41,27,42,44,43,62,56,61,46,53,44,33,29,16,17,12
N20001645,NI data zone,32,31,31,19,19,36,29,26,33,43,44,41,41,27,21,21,13,19
N20001646,NI data zone,23,25,15,8,13,30,22,18,12,12,18,24,19,14,21,6,6,2
N20001647,NI data zone,13,31,32,20,19,22,26,36,41,39,49,34,36,45,28,35,13,17
N20001648,NI data zone,11,15,14,15,13,9,13,22,15,28,36,17,25,19,10,19,7,6
N20001649,NI data zone,25,27,16,19,22,24,15,29,17,32,31,20,18,26,16,22,4,3
N20001650,NI data zone,14,30,18,12,15,27,18,20,23,32,33,24,22,23,23,7,13,9
N20001651,NI data zone,8,5,3,6,3,5,9,15,8,7,16,15,10,5,13,12,3,4
N20001652,NI data zone,21,20,24,31,38,32,16,29,29,46,33,24,36,40,32,25,22,9
N20001653,NI data zone,31,30,34,19,35,22,25,33,50,32,58,30,56,50,32,48,26,24
N20001654,NI data zone,19,20,15,10,16,17,27,17,6,11,19,19,26,12,11,6,3,1
N20001655,NI data zone,26,26,29,15,31,44,41,23,31,34,53,44,58,40,25,42,15,7
N20001656,NI data zone,65,67,49,30,33,60,63,48,56,46,41,76,33,32,33,20,10,11
N20001657,NI data zone,12,7,13,10,11,21,13,13,19,25,19,18,23,29,22,24,29,27
N20001658,NI data zone,28,25,32,37,40,25,31,30,42,51,38,20,52,37,32,29,12,10
N20001659,NI data zone,15,14,16,11,18,8,24,22,17,21,22,18,42,34,33,25,13,9
N20001660,NI data zone,82,84,66,49,49,69,58,61,64,64,44,60,40,36,26,26,15,7
N20001661,NI data zone,14,25,18,8,18,26,26,29,24,23,24,9,19,24,24,8,15,9
N20001662,NI data zone,38,25,33,19,17,40,24,30,29,17,22,36,23,35,27,21,18,10
N20001663,NI data zone,37,32,30,39,51,38,29,27,31,65,60,29,44,31,32,16,10,9
N20001664,NI data zone,15,26,25,14,9,19,20,24,31,37,29,22,22,20,25,20,9,8
N20001665,NI data zone,37,30,33,23,30,34,23,30,44,36,52,38,35,27,30,23,15,17
N20001666,NI data zone,21,32,36,31,22,17,30,30,42,46,63,36,35,31,21,17,7,6
N20001667,NI data zone,21,20,24,30,21,16,21,18,34,33,34,21,29,35,24,22,13,14
N20001668,NI data zone,37,44,42,31,34,31,33,41,36,43,51,46,51,40,40,19,15,10
N20001669,NI data zone,41,31,22,20,36,29,37,24,17,41,36,32,32,22,29,17,13,3
N20001670,NI data zone,19,29,23,11,14,13,20,23,30,30,27,30,26,24,16,18,6,3
N20001671,NI data zone,28,26,18,20,22,41,20,30,23,31,24,35,36,25,18,17,8,3
N20001672,NI data zone,35,46,44,41,27,46,38,41,40,48,25,33,45,35,25,29,5,7
N20001673,NI data zone,23,35,33,24,32,28,30,40,33,33,34,29,51,33,30,44,28,26
N20001674,NI data zone,41,32,34,24,40,53,39,40,39,44,62,51,30,27,24,19,20,13
N20001675,NI data zone,34,42,31,23,24,24,47,45,38,40,42,37,38,34,40,30,18,12
N20001676,NI data zone,36,47,32,25,21,28,40,51,39,37,38,44,32,21,22,20,7,12
N20001677,NI data zone,7,17,13,13,18,10,13,14,23,24,26,7,29,30,23,19,16,7
N20001678,NI data zone,32,49,53,38,31,23,39,43,57,39,26,37,24,28,20,20,14,8
N20001679,NI data zone,22,26,22,26,13,29,25,15,14,29,28,14,35,35,24,9,5,3
N20001680,NI data zone,25,26,28,34,29,32,31,30,34,39,48,29,29,47,35,24,14,23
N20001681,NI data zone,51,39,34,30,43,28,53,37,32,16,25,54,23,26,12,12,6,5
N20001682,NI data zone,32,28,22,22,24,22,20,29,30,26,23,16,19,20,20,15,8,1
N20001683,NI data zone,43,53,45,61,53,30,53,50,46,79,58,46,47,35,35,30,22,11
N20001684,NI data zone,37,57,56,50,32,37,33,43,63,64,43,41,38,46,36,26,16,11
N20001685,NI data zone,19,40,33,40,26,29,30,40,41,59,56,28,53,41,44,25,22,19
N20001686,NI data zone,15,33,45,35,25,20,29,28,56,45,54,28,60,52,36,48,17,14
N20001687,NI data zone,54,39,25,22,47,48,51,33,37,36,34,41,32,12,18,16,6,6
N20001688,NI data zone,30,25,30,22,28,35,33,16,35,30,23,30,26,21,15,8,5,3
N20001689,NI data zone,31,24,34,34,25,23,30,29,43,54,58,26,35,39,57,20,26,37
N20001690,NI data zone,27,15,10,21,14,24,20,14,21,27,24,23,28,23,22,19,10,6
N20001691,NI data zone,13,32,24,13,14,19,19,14,22,21,22,27,32,30,33,42,23,13
N20001692,NI data zone,27,46,44,31,21,37,39,43,46,45,54,41,57,46,19,22,11,8
N20001693,NI data zone,44,47,35,38,23,51,34,33,37,46,41,48,43,39,15,15,7,3
N20001694,NI data zone,24,21,10,17,29,25,15,20,12,19,24,19,24,13,13,6,7,5
N20001695,NI data zone,21,14,14,18,35,24,31,21,29,32,32,29,25,22,28,15,10,12
N20001696,NI data zone,30,26,18,25,67,47,42,28,25,25,26,33,34,26,22,28,15,13
N20001697,NI data zone,24,32,36,27,21,33,35,40,36,32,38,32,16,24,23,25,10,6
N20001698,NI data zone,19,20,12,23,30,49,25,36,28,37,29,26,26,21,17,16,7,17
N20001699,NI data zone,18,34,24,13,14,26,25,35,25,32,35,30,38,35,29,34,21,38
N20001700,NI data zone,14,5,11,18,13,21,22,21,13,16,33,15,32,20,37,30,24,26
N20001701,NI data zone,18,42,24,18,25,22,20,21,39,41,32,29,17,19,15,11,3,1
N20001702,NI data zone,58,63,58,43,48,52,54,42,46,67,41,61,30,20,23,36,21,16
N20001703,NI data zone,12,10,6,13,14,11,11,22,15,17,10,17,14,12,21,9,4,0
N20001704,NI data zone,20,14,16,11,19,17,23,12,12,31,25,15,26,15,22,19,10,14
N20001705,NI data zone,24,26,34,23,23,19,21,23,33,32,42,15,43,19,21,23,19,17
N20001706,NI data zone,17,18,25,22,17,22,21,33,35,34,34,22,43,20,30,22,32,26
N20001707,NI data zone,18,31,31,21,21,29,25,20,31,38,24,26,33,22,18,11,10,10
N20001708,NI data zone,47,41,29,26,40,59,42,34,43,35,22,34,20,16,8,11,5,7
N20001709,NI data zone,48,39,21,14,50,74,57,33,31,15,18,37,14,12,14,4,3,1
N20001710,NI data zone,43,76,63,35,42,63,45,63,56,65,46,53,31,22,14,14,11,4
N20001711,NI data zone,25,18,10,16,15,23,31,21,12,25,22,21,20,21,23,22,8,13
N20001712,NI data zone,21,21,28,29,29,25,27,22,23,33,44,27,35,35,23,22,8,7
N20001713,NI data zone,53,48,29,20,51,54,41,53,35,31,32,50,24,14,6,4,9,2
N20001714,NI data zone,19,18,40,23,19,18,17,17,34,49,24,23,33,22,16,12,13,17
N20001715,NI data zone,45,64,60,54,29,44,42,67,65,61,55,48,51,41,36,35,32,13
N20001716,NI data zone,33,77,55,65,31,45,47,60,65,76,68,63,51,50,47,27,14,11
N20001717,NI data zone,14,24,14,14,14,17,14,15,19,22,14,19,21,25,10,8,11,6
N20001718,NI data zone,20,16,20,17,28,27,20,16,25,20,24,14,16,13,12,11,7,5
N20001719,NI data zone,62,39,42,38,49,44,41,40,42,44,24,42,19,11,13,7,2,4
N20001720,NI data zone,50,61,44,45,31,48,56,42,48,52,57,46,47,33,31,23,18,24
N20001721,NI data zone,38,34,25,33,38,45,39,33,43,57,40,35,30,17,17,14,16,8
N20001722,NI data zone,37,59,51,38,52,38,31,54,55,66,62,65,51,32,25,22,18,13
N20001723,NI data zone,44,44,40,41,36,53,49,39,57,45,33,41,34,35,33,22,12,18
N20001724,NI data zone,43,48,51,33,34,33,36,39,34,35,30,42,35,22,15,19,2,7
N20001725,NI data zone,51,37,36,29,28,33,29,34,39,40,45,35,37,21,30,30,14,15
N20001726,NI data zone,42,48,35,30,46,30,35,42,27,53,44,40,50,23,28,20,13,14
N20001727,NI data zone,29,43,44,35,30,14,34,41,49,36,52,36,28,41,20,23,12,15
N20001728,NI data zone,13,18,23,24,22,26,24,16,22,30,31,19,29,9,14,14,5,3
N20001729,NI data zone,53,55,44,47,52,57,69,58,39,37,49,63,29,23,27,18,10,12
N20001730,NI data zone,18,25,16,12,4,9,17,30,26,16,8,18,22,12,14,22,7,13
N20001731,NI data zone,42,40,34,39,38,33,43,51,43,32,39,49,57,33,33,28,12,16
N20002287,NI data zone,47,35,44,36,22,30,40,34,38,51,35,37,27,18,11,14,9,8
N20002288,NI data zone,59,99,59,46,51,65,62,78,72,78,41,98,24,36,15,5,6,3
N20002289,NI data zone,44,56,61,55,62,46,57,49,58,48,90,53,62,58,51,26,10,20
N20002290,NI data zone,32,45,50,18,31,28,27,28,40,41,45,27,22,16,10,16,6,2
N20002291,NI data zone,24,37,25,28,20,26,27,22,31,25,25,34,17,15,8,9,7,5
N20002292,NI data zone,67,69,53,37,40,64,88,67,45,29,22,78,15,5,3,0,1,1
N20002293,NI data zone,13,52,52,24,18,11,25,41,41,45,39,41,25,31,22,16,13,2
N20002294,NI data zone,15,40,29,27,26,20,30,23,24,43,44,29,44,39,31,23,13,14
N20002295,NI data zone,26,38,48,36,27,25,26,39,62,56,64,38,28,25,17,18,28,20
N20002296,NI data zone,41,68,50,46,38,58,45,69,71,51,34,72,27,10,21,9,6,3
N20002297,NI data zone,30,24,22,37,39,30,32,28,21,55,44,23,48,56,23,33,14,11
N20002298,NI data zone,18,25,34,32,18,12,31,26,26,39,50,23,36,36,38,9,6,5
N20002299,NI data zone,16,39,27,30,23,16,32,32,27,53,51,32,41,23,20,22,9,9
N20002300,NI data zone,46,64,29,28,32,41,51,48,55,45,20,57,28,15,11,11,3,3
N20002301,NI data zone,13,22,10,17,14,17,27,17,17,31,25,15,31,19,23,16,13,10
N20002302,NI data zone,25,25,21,18,24,16,36,24,21,25,44,36,34,30,37,21,17,12
N20002303,NI data zone,29,49,31,36,36,38,26,52,61,40,38,49,16,24,19,9,2,5
N20002304,NI data zone,26,20,26,16,16,19,31,13,28,32,39,20,27,19,21,11,9,4
N20002306,NI data zone,66,43,37,22,46,75,82,52,38,34,13,53,10,7,5,4,1,1
N20002308,NI data zone,69,36,12,13,40,90,75,55,15,9,13,38,9,7,12,2,1,0
N20002309,NI data zone,90,20,13,14,57,115,87,41,20,19,8,35,8,9,12,10,5,0
N20002310,NI data zone,30,72,68,45,35,24,39,53,61,80,75,57,56,48,16,9,8,3
N20002311,NI data zone,25,21,20,22,20,20,21,13,21,24,50,34,36,30,28,23,12,10
N20002312,NI data zone,67,39,13,25,38,67,97,49,23,31,14,61,19,13,8,9,8,6
N20002313,NI data zone,38,37,35,25,41,24,37,36,49,57,39,24,30,19,20,9,4,4
N20002314,NI data zone,20,29,17,23,24,30,19,27,35,23,11,24,6,4,2,4,0,1
N20002315,NI data zone,37,21,26,18,34,34,38,37,33,28,36,21,20,20,23,5,2,2
N20002316,NI data zone,19,33,15,17,22,22,25,28,29,22,19,24,15,15,6,9,5,0
N20002317,NI data zone,11,43,40,42,23,22,29,23,51,72,64,22,51,39,22,25,9,10
N20002318,NI data zone,11,13,27,62,99,114,101,89,52,64,47,15,48,33,25,21,6,11
N20002319,NI data zone,53,47,49,28,40,43,59,55,42,55,54,72,37,28,28,25,13,7
N20002320,NI data zone,79,49,30,29,98,86,77,52,44,47,49,72,13,4,9,7,3,1
N20002321,NI data zone,69,33,28,30,40,69,72,44,44,21,18,54,14,16,12,2,1,0
N20002322,NI data zone,33,47,35,38,27,23,36,49,39,69,59,38,36,31,45,14,13,9
N20002323,NI data zone,46,61,40,20,29,46,64,60,36,44,53,66,20,14,15,9,3,1
N20002324,NI data zone,26,49,48,26,31,30,29,45,39,57,64,24,48,52,36,32,18,18
N20002325,NI data zone,18,41,32,27,31,18,18,41,43,64,58,24,44,35,25,14,17,13
N20002327,NI data zone,11,21,17,11,19,16,13,13,26,30,34,7,29,18,33,40,20,10
N20002328,NI data zone,15,26,16,31,27,20,26,35,34,42,38,34,32,31,30,24,16,3
N20002329,NI data zone,44,39,52,29,41,46,49,52,48,41,33,60,35,36,27,10,13,2
N20002332,NI data zone,36,55,35,34,39,33,43,48,47,36,28,37,32,33,41,21,20,7
N20002334,NI data zone,47,82,67,42,57,50,46,62,37,38,48,77,23,12,7,7,6,1
N20002335,NI data zone,30,56,41,39,27,31,18,39,30,34,27,42,11,10,12,14,4,2
N20002336,NI data zone,33,49,55,54,31,34,39,45,59,85,62,36,30,22,12,2,5,1
N20002341,NI data zone,25,39,30,31,32,31,26,43,39,62,34,21,34,30,14,18,7,9
N20002342,NI data zone,56,22,7,20,86,92,70,43,14,11,12,51,4,6,5,1,0,0
N20002344,NI data zone,42,37,38,30,80,57,50,46,63,43,45,47,16,11,4,5,2,0
N20002349,NI data zone,94,48,28,17,48,93,99,63,44,17,16,71,2,8,0,4,2,0
N20002351,NI data zone,80,50,27,24,82,95,94,60,31,22,19,66,10,9,3,0,0,0
N20002364,NI data zone,33,36,30,35,42,28,29,37,28,31,35,38,16,10,14,9,8,8
N20002548,NI data zone,39,51,32,34,31,32,46,56,27,55,51,52,38,31,28,25,17,13
N20002549,NI data zone,23,41,43,18,24,22,34,31,54,40,43,36,30,35,21,24,15,28
N20002550,NI data zone,36,51,50,31,32,21,36,44,41,55,47,30,26,26,27,17,18,11
N20002551,NI data zone,24,23,25,15,20,23,31,20,30,28,32,22,44,28,24,19,12,11
N20002552,NI data zone,28,35,25,26,19,26,28,29,34,39,25,38,24,29,21,14,9,6
N20002553,NI data zone,35,20,29,25,24,18,34,34,24,29,33,30,25,30,14,11,14,7
N20002554,NI data zone,18,22,15,11,33,23,28,15,27,20,17,34,28,11,23,16,9,4
N20002555,NI data zone,30,29,18,19,40,45,30,30,27,43,34,28,25,27,26,28,16,17
N20002556,NI data zone,41,29,32,36,30,33,44,29,36,45,32,27,22,21,17,20,11,8
N20002557,NI data zone,23,35,45,30,22,16,29,34,67,49,35,15,39,35,38,30,17,12
N20002558,NI data zone,16,15,13,17,32,34,12,9,26,28,22,16,15,16,19,20,18,17
N20002559,NI data zone,20,8,16,22,32,31,18,13,25,29,32,17,24,23,20,21,14,10
N20002560,NI data zone,28,34,18,20,23,18,16,19,41,23,21,31,25,21,19,9,7,14
N20002561,NI data zone,39,26,20,15,22,45,48,33,17,31,26,29,36,16,13,7,5,7
N20002562,NI data zone,37,32,29,36,44,37,33,29,43,42,33,29,35,29,24,22,15,9
N20002563,NI data zone,47,53,35,25,33,26,59,55,39,58,69,57,40,49,42,24,16,16
N20002564,NI data zone,21,21,40,30,33,31,32,29,28,55,58,37,63,54,39,45,25,22
N20002565,NI data zone,6,14,21,22,14,13,5,15,23,44,35,8,29,13,7,9,3,7
N20002566,NI data zone,35,23,17,9,41,33,29,22,22,25,19,30,17,19,23,14,10,8
N20002567,NI data zone,45,44,24,33,47,35,32,37,45,42,30,35,40,19,28,10,10,8
N20002568,NI data zone,14,24,18,11,35,20,17,20,36,31,25,18,21,5,11,5,11,4
N20002569,NI data zone,12,27,25,20,10,9,21,16,23,50,41,22,36,22,12,7,9,10
N20002570,NI data zone,21,33,26,19,16,21,19,25,18,38,30,17,28,25,19,37,23,8
N20002571,NI data zone,23,38,28,19,18,24,24,32,47,49,27,35,21,23,29,27,18,13
N20002572,NI data zone,26,19,32,47,40,24,28,18,33,53,38,17,59,40,38,16,14,7
N20002573,NI data zone,15,38,33,18,24,20,15,23,37,32,48,19,50,34,32,25,17,12
N20002574,NI data zone,38,35,34,34,68,53,43,39,33,58,58,32,33,38,23,19,7,5
N20002575,NI data zone,4,11,7,4,0,10,12,10,9,11,12,3,16,16,20,13,6,15
N20002576,NI data zone,35,49,28,34,45,34,43,52,39,32,26,48,25,19,24,17,10,6
N20002577,NI data zone,24,39,33,42,29,33,30,35,33,47,43,40,42,31,34,19,14,19
N20002578,NI data zone,32,41,34,30,29,61,38,36,39,46,39,43,17,18,15,8,6,1
N20002579,NI data zone,41,43,39,17,42,46,48,38,45,33,27,34,17,25,22,16,7,15
N20002580,NI data zone,20,49,37,26,23,15,36,35,36,48,35,37,35,30,20,27,18,11
N20002581,NI data zone,37,43,35,31,22,37,33,36,48,48,46,39,31,50,48,12,19,17
N20002582,NI data zone,34,42,31,42,27,31,37,36,48,41,52,31,52,39,34,27,10,11
N20002584,NI data zone,48,43,40,41,31,24,59,45,45,56,43,51,48,33,27,28,13,5
N20002586,NI data zone,61,47,24,25,42,57,46,46,48,36,24,59,12,19,24,23,12,7
N20002587,NI data zone,19,29,31,24,19,29,24,27,23,23,12,27,7,10,12,16,2,4
N20002588,NI data zone,52,38,44,39,52,52,43,49,31,25,25,57,24,13,17,10,1,2
N20002589,NI data zone,40,38,40,37,29,44,31,28,34,20,24,50,27,26,19,11,4,2
N20002590,NI data zone,32,38,27,26,22,21,38,30,37,41,27,28,24,22,17,15,10,12
N20002591,NI data zone,8,19,25,8,16,11,12,12,18,26,23,19,39,34,38,29,13,12
N20002592,NI data zone,19,25,28,17,21,27,32,31,27,29,27,29,20,45,30,21,7,5
N20002593,NI data zone,37,40,43,43,43,37,60,55,44,43,40,44,44,36,29,11,5,5
N20002594,NI data zone,43,31,31,33,41,37,30,28,26,26,35,47,22,30,18,18,9,6
N20002595,NI data zone,25,36,33,25,18,21,31,39,31,25,42,27,45,63,43,40,22,15
N20002596,NI data zone,20,11,25,20,20,22,19,29,27,26,14,21,15,14,13,16,11,11
N20002597,NI data zone,17,12,16,16,14,14,24,32,21,37,34,14,31,27,30,26,16,11
N20002598,NI data zone,22,27,17,11,24,33,39,21,22,17,29,26,29,18,22,10,14,7
N20002599,NI data zone,23,20,27,13,13,21,27,31,24,19,26,25,26,30,28,19,22,19
N20002600,NI data zone,29,16,20,30,32,32,20,27,21,46,41,18,43,46,47,47,21,19
N20002601,NI data zone,29,28,27,22,22,32,28,34,37,27,27,30,30,28,20,20,11,7
N20002602,NI data zone,45,42,29,24,19,37,40,30,32,22,27,31,25,21,28,19,5,6
N20002603,NI data zone,33,27,27,20,20,32,30,29,34,44,38,35,37,50,38,43,21,44
N20002604,NI data zone,25,21,24,54,34,45,33,56,34,49,35,40,41,54,39,30,38,40
N20002605,NI data zone,35,44,37,36,24,49,42,45,35,30,27,31,20,22,21,20,16,16
N20002606,NI data zone,28,50,27,34,29,58,37,43,37,40,28,46,30,40,33,45,48,84
N20002607,NI data zone,12,12,15,9,13,5,19,14,11,21,21,13,25,30,29,26,24,10
N20002608,NI data zone,10,5,6,18,10,23,7,8,17,25,17,10,10,14,14,11,6,1
N20002609,NI data zone,11,17,19,23,18,13,22,25,16,44,39,13,35,27,27,23,14,13
N20002610,NI data zone,13,15,18,18,18,16,26,33,15,21,32,14,31,25,24,15,12,15
N20002611,NI data zone,29,39,28,40,50,38,55,46,38,34,44,26,23,23,16,15,5,10
N20002612,NI data zone,24,30,31,31,32,44,36,35,34,40,32,26,21,27,17,28,6,12
N20002613,NI data zone,60,40,52,59,61,69,62,55,70,56,38,49,22,13,16,16,11,6
N20002614,NI data zone,14,16,11,11,16,22,19,20,27,26,25,18,35,39,36,19,24,27
N20002615,NI data zone,47,34,24,34,46,44,55,41,41,41,22,34,24,17,17,18,11,12
N20002616,NI data zone,28,28,22,20,20,27,19,19,28,24,28,33,16,15,8,4,6,7
N20002617,NI data zone,51,54,45,56,81,78,62,70,60,52,39,60,30,15,12,9,3,7
N20002618,NI data zone,13,26,25,25,8,12,20,14,20,32,32,20,25,31,26,31,17,37
N20002619,NI data zone,52,36,31,35,50,53,36,29,34,36,42,42,28,28,22,12,3,3
N20002620,NI data zone,34,15,28,42,44,55,44,34,36,49,39,19,36,25,26,12,5,4
N20002621,NI data zone,12,36,23,19,14,19,21,24,31,23,33,22,33,32,29,29,13,10
N20002622,NI data zone,32,43,30,32,32,32,36,26,20,23,29,36,28,16,10,8,4,1
N20002623,NI data zone,11,8,19,15,7,21,9,16,19,21,22,8,25,36,29,43,17,17
N20002624,NI data zone,14,25,17,12,20,18,23,20,37,27,33,18,23,27,42,34,32,22
N20002625,NI data zone,19,24,17,27,23,26,31,16,24,24,31,15,22,12,10,6,8,6
N20002626,NI data zone,18,22,29,25,18,21,21,20,26,41,29,26,7,11,20,15,12,7
N20002627,NI data zone,8,11,13,10,16,19,15,12,11,18,15,13,17,10,9,14,9,5
N20002628,NI data zone,59,22,33,42,44,61,50,35,40,36,28,30,16,15,13,6,4,2
N20002629,NI data zone,25,40,35,43,33,48,48,41,46,55,32,35,34,28,24,18,9,9
N20002630,NI data zone,35,18,16,10,19,36,41,21,17,13,22,27,17,12,10,6,6,8
N20002631,NI data zone,20,12,11,22,22,32,19,13,28,18,44,17,32,34,26,20,16,5
N20002632,NI data zone,28,25,20,27,46,42,39,24,32,44,25,29,20,15,27,9,6,2
N20002633,NI data zone,18,27,28,21,21,20,27,28,34,34,29,21,27,37,42,40,22,11
N20002634,NI data zone,33,24,24,19,35,29,47,39,25,37,21,35,25,11,20,20,14,7
N20002635,NI data zone,27,35,29,16,13,17,28,35,43,27,20,32,17,16,11,23,9,3
N20002636,NI data zone,19,16,16,17,11,23,19,27,16,17,20,32,14,8,5,10,12,4
N20002637,NI data zone,28,47,47,19,18,28,37,47,65,66,35,33,28,14,19,15,10,6
N20002638,NI data zone,29,40,25,21,25,39,42,37,27,15,16,41,10,6,4,10,4,2
N20002639,NI data zone,30,49,52,36,28,30,38,47,62,69,49,41,36,33,26,30,17,12
N20002640,NI data zone,63,61,49,37,40,54,49,52,58,36,39,58,38,27,25,24,6,7
N20002641,NI data zone,35,46,31,16,31,24,30,38,35,44,26,36,27,19,25,13,4,4
N20002642,NI data zone,44,44,29,24,20,31,43,32,35,46,40,46,27,21,33,22,23,20
N20002643,NI data zone,49,33,25,26,22,35,51,33,27,42,27,40,24,11,19,25,16,15
N20002644,NI data zone,22,26,21,17,26,22,29,32,27,18,15,17,21,16,15,9,10,8
N20002645,NI data zone,26,54,53,33,21,18,28,54,55,66,55,49,35,29,47,31,16,9
N20002646,NI data zone,53,47,81,43,27,34,43,47,54,87,54,38,44,29,28,12,6,15
N20002647,NI data zone,38,63,52,38,21,35,37,57,70,60,43,49,39,33,34,25,15,12
N20002648,NI data zone,33,57,48,42,27,31,40,39,34,71,57,40,44,41,35,27,12,9
N20002649,NI data zone,26,14,28,25,20,19,19,19,24,46,35,22,27,28,23,11,8,10
N20002650,NI data zone,17,28,21,22,9,14,19,20,36,35,29,37,37,18,16,20,10,17
N20002651,NI data zone,24,30,19,15,18,25,25,28,43,24,31,24,22,23,21,25,22,25
N20002652,NI data zone,34,34,32,29,29,36,44,31,40,41,40,38,41,40,31,35,21,14
N20002653,NI data zone,28,22,16,23,22,36,20,25,28,37,54,28,50,37,26,20,24,30
N20002654,NI data zone,25,47,37,41,31,24,32,30,44,62,58,28,54,55,36,19,32,16
N20002655,NI data zone,41,31,45,31,29,32,39,34,52,37,30,31,31,21,20,24,16,11
N20002656,NI data zone,22,24,20,20,30,35,21,29,28,34,41,23,30,22,34,39,21,20
N20002657,NI data zone,19,18,7,13,19,13,21,19,19,14,16,16,10,18,19,17,13,12
N20002658,NI data zone,32,37,60,25,29,28,28,27,59,65,40,25,30,30,29,19,31,13
N20002659,NI data zone,23,24,20,16,39,17,27,19,13,17,12,22,6,3,7,5,7,2
N20002660,NI data zone,19,30,23,11,10,18,23,14,26,33,28,20,27,19,37,31,28,18
N20002661,NI data zone,20,18,15,18,29,28,40,16,14,19,19,19,21,16,22,27,11,12
N20002662,NI data zone,42,44,46,30,31,38,34,42,48,43,50,47,38,44,31,29,9,9
N20002663,NI data zone,44,58,47,30,30,34,43,52,55,59,45,49,50,51,43,26,15,23
N20002664,NI data zone,41,42,41,23,21,23,43,40,43,40,50,45,45,29,20,18,10,11
N20002665,NI data zone,22,8,7,8,9,18,13,8,16,21,31,13,18,21,15,11,19,12
N20002666,NI data zone,34,25,24,29,29,43,29,32,31,46,35,34,29,28,20,9,10,16
N20002667,NI data zone,25,14,16,28,30,27,22,17,21,28,27,19,22,13,10,13,14,7
N20002668,NI data zone,9,30,42,27,23,18,27,34,43,46,74,29,41,45,30,18,15,13
N20002669,NI data zone,30,29,27,21,29,32,37,37,39,22,36,23,35,32,33,13,15,10
N20002670,NI data zone,23,31,15,19,18,22,31,34,27,24,45,25,39,32,45,38,43,41
N20002671,NI data zone,58,51,46,46,50,47,36,47,50,43,40,66,36,32,17,13,4,3
N20002672,NI data zone,6,8,10,12,11,19,9,8,18,15,13,3,12,16,24,9,9,7
N20002673,NI data zone,29,41,54,44,35,25,29,26,27,24,26,34,13,15,10,8,3,3
N20002674,NI data zone,15,26,21,19,22,21,35,21,24,38,20,27,38,32,38,20,7,11
N20002675,NI data zone,15,21,17,13,13,28,21,24,20,30,20,26,15,17,10,19,6,5
N20002676,NI data zone,35,52,34,42,34,42,42,48,37,60,58,29,42,38,33,20,19,17
N20002677,NI data zone,30,30,28,19,28,31,40,25,36,36,45,31,26,25,27,19,37,56
N20002678,NI data zone,33,43,32,23,36,45,31,39,27,46,49,43,45,50,33,28,17,18
N20002679,NI data zone,21,31,37,34,16,15,25,18,31,56,32,12,20,27,24,19,9,11
N20002680,NI data zone,30,20,34,32,32,25,29,23,33,39,22,18,26,20,17,7,6,7
N20002681,NI data zone,50,42,29,29,47,55,38,51,29,48,42,47,31,13,24,11,10,5
N20002682,NI data zone,56,41,41,29,61,59,35,40,48,43,44,42,33,30,24,12,7,10
N20002683,NI data zone,34,20,22,24,37,47,28,32,20,35,39,24,21,14,17,15,13,3
N20002684,NI data zone,14,17,17,20,24,14,18,11,23,39,31,12,26,24,19,20,18,5
N20002685,NI data zone,10,15,35,19,6,19,15,22,23,32,34,18,25,25,21,17,13,6
N20002686,NI data zone,22,21,36,27,24,21,17,19,25,43,37,24,23,22,23,15,9,17
N20002687,NI data zone,38,41,31,39,36,49,42,32,47,41,51,40,38,22,20,16,10,6
N20002688,NI data zone,26,20,21,27,30,19,26,31,20,30,38,28,38,27,24,17,17,17
N20002689,NI data zone,22,26,18,23,23,18,27,22,31,28,58,25,33,30,33,27,17,9
N20002690,NI data zone,19,28,32,26,17,29,19,19,24,33,41,32,34,13,21,13,5,8
N20002691,NI data zone,24,37,39,39,31,29,24,26,35,68,65,34,44,41,55,28,17,11
N20002692,NI data zone,20,22,40,16,9,13,20,24,43,43,36,37,38,28,39,19,13,10
N20002693,NI data zone,5,12,21,6,9,3,8,11,15,22,36,10,40,31,37,41,29,13
N20002694,NI data zone,29,34,22,28,13,18,30,22,31,34,35,14,35,24,33,18,8,8
N20002695,NI data zone,21,14,15,9,18,15,26,23,15,26,47,17,68,39,43,27,21,17
N20002696,NI data zone,23,20,13,25,20,24,33,22,13,23,35,21,36,36,31,18,15,12
N20002697,NI data zone,15,18,22,28,14,15,15,26,29,36,38,31,39,45,33,27,10,7
N20002698,NI data zone,31,33,40,21,24,25,28,21,40,29,23,36,23,20,16,23,6,10
N20002699,NI data zone,21,23,25,27,40,38,22,19,25,39,60,12,54,36,32,27,16,8
N20002700,NI data zone,19,33,29,13,16,24,27,30,52,41,37,20,27,12,12,11,1,8
N20002701,NI data zone,18,20,23,16,16,15,18,26,29,30,38,15,27,26,21,17,12,7
N20002702,NI data zone,20,18,18,17,22,11,16,19,14,29,34,27,15,10,9,7,11,11
N20002703,NI data zone,4,11,11,14,8,15,10,16,21,19,23,10,17,14,20,12,7,12
N20002704,NI data zone,6,17,16,21,11,16,21,21,22,29,25,17,10,14,17,19,10,14
N20002705,NI data zone,19,28,33,22,24,29,19,41,43,34,26,23,15,7,16,12,1,5
N20002706,NI data zone,17,18,19,21,23,23,13,16,31,21,24,13,13,13,12,12,2,2
N20002707,NI data zone,18,29,26,17,23,25,16,27,20,44,33,22,35,21,19,12,10,8
N20002708,NI data zone,15,17,21,15,13,23,20,14,21,32,30,23,24,23,24,15,9,11
N20002709,NI data zone,44,58,54,40,29,49,55,53,40,58,36,49,46,39,30,22,15,9
N20002710,NI data zone,41,41,30,29,29,35,38,35,21,35,36,43,37,24,16,31,9,9
N20002711,NI data zone,19,16,17,24,22,19,10,17,25,26,24,26,39,14,25,14,30,11
N20002712,NI data zone,8,11,19,8,20,26,9,12,15,24,22,17,31,13,21,18,12,12
N20002713,NI data zone,15,15,16,20,18,17,23,23,20,26,47,24,38,41,25,25,28,24
N20002714,NI data zone,30,17,13,31,27,36,21,23,26,35,28,17,24,18,28,16,13,11
N20002715,NI data zone,16,26,23,18,17,27,25,18,27,27,44,18,43,31,37,37,34,39
N20002716,NI data zone,63,86,40,36,68,87,78,66,50,42,34,86,20,10,4,3,2,0
N20002717,NI data zone,12,20,12,12,19,23,12,19,24,27,23,7,18,18,20,9,9,9
N20002718,NI data zone,7,19,26,24,17,25,32,29,28,28,44,12,28,33,30,25,17,18
N20002719,NI data zone,39,29,27,28,32,30,36,14,23,22,22,46,21,12,20,10,11,10
N20002720,NI data zone,19,12,16,24,22,27,17,13,27,34,33,20,16,21,32,23,16,35
N20002721,NI data zone,2,3,9,7,11,9,8,10,13,14,12,1,16,14,19,19,21,15
N20002722,NI data zone,17,28,15,13,19,19,18,17,22,19,28,12,27,26,42,51,17,21
N20002723,NI data zone,33,35,32,19,34,23,27,23,20,30,27,36,26,15,12,8,15,8
N20002724,NI data zone,15,8,15,17,23,30,15,7,25,27,20,6,37,18,14,10,11,13
N20002725,NI data zone,7,11,12,14,16,11,11,14,21,16,25,10,13,19,17,25,10,11
N20002726,NI data zone,14,21,29,26,22,15,18,18,27,29,50,15,70,55,46,32,29,34
N20002727,NI data zone,20,19,27,35,24,22,21,23,30,37,36,18,32,30,23,11,11,12
N20002728,NI data zone,20,35,15,23,15,20,29,34,30,27,29,23,20,18,25,26,11,11
N20002729,NI data zone,0,0,1,3,2,3,3,6,12,6,13,0,15,18,18,19,13,22
N20002730,NI data zone,20,39,47,31,21,23,32,27,43,63,42,23,10,8,5,1,2,0
N20002731,NI data zone,38,36,31,34,59,50,42,35,38,48,35,35,38,17,16,9,10,6
N20002732,NI data zone,20,23,24,30,27,25,21,23,35,40,34,20,28,18,14,15,4,10
N20002733,NI data zone,45,23,19,11,37,60,53,39,31,21,20,48,13,6,5,6,3,0
N20002734,NI data zone,10,18,11,18,17,15,13,28,19,25,11,10,25,15,18,15,10,6
N20002735,NI data zone,20,16,16,28,33,33,34,34,35,30,38,22,33,33,28,21,20,36
N20002736,NI data zone,11,20,18,19,15,19,16,15,20,32,37,17,53,33,25,24,10,4
N20002737,NI data zone,42,54,30,26,28,43,42,43,40,53,51,30,33,13,23,6,4,1
N20002738,NI data zone,48,23,15,18,57,63,37,25,24,16,17,38,14,13,9,2,2,2
N20002739,NI data zone,24,30,22,18,20,17,25,41,46,58,62,28,65,40,56,42,13,9
N20002740,NI data zone,39,32,19,34,39,52,40,36,28,52,52,50,37,31,29,15,11,9
N20002741,NI data zone,17,21,30,26,30,26,24,17,14,42,55,24,40,26,22,28,25,8
N20002742,NI data zone,54,53,45,41,45,53,52,50,46,71,68,56,51,48,36,40,22,23
N20002743,NI data zone,36,61,56,30,40,34,42,47,55,83,77,45,80,46,58,42,27,19
N20002744,NI data zone,46,45,39,39,33,38,48,50,47,73,64,53,60,69,41,16,14,13
N20002745,NI data zone,39,39,30,24,25,38,44,37,38,30,31,39,38,27,24,18,8,6
N20002746,NI data zone,26,33,43,28,34,30,36,37,40,51,59,25,62,54,41,35,20,9
N20002747,NI data zone,29,33,33,34,28,37,35,36,38,48,48,41,40,40,39,23,13,12
N20002748,NI data zone,38,28,25,27,35,31,33,31,32,37,31,33,23,11,13,17,13,8
N20002749,NI data zone,22,21,12,15,18,27,18,24,14,12,32,26,26,31,30,20,13,6
N20002750,NI data zone,30,32,28,21,29,30,26,33,44,17,12,26,9,12,5,4,3,1
N20002751,NI data zone,21,23,36,32,24,23,24,21,41,45,74,33,38,49,31,32,17,8
N20002752,NI data zone,12,21,19,19,16,23,16,27,20,23,29,25,22,22,14,8,11,8
N20002753,NI data zone,25,31,30,17,26,22,23,44,33,25,36,28,25,22,18,14,7,6
N20002754,NI data zone,24,19,20,9,16,15,20,20,24,28,22,19,11,12,15,4,7,8
N20002755,NI data zone,7,22,23,18,16,12,17,27,21,38,49,22,54,40,48,45,23,18
N20002756,NI data zone,12,24,12,15,14,21,23,23,32,32,31,28,26,26,23,28,8,11
N20002757,NI data zone,22,40,33,29,24,21,32,22,50,46,38,28,29,17,17,21,17,4
N20002758,NI data zone,8,24,18,16,15,11,10,21,27,38,31,14,37,29,42,40,22,7
N20002759,NI data zone,8,11,5,13,7,11,13,15,13,22,19,12,17,11,20,13,5,7
N20002760,NI data zone,27,22,27,21,18,35,25,33,20,42,33,29,30,31,28,12,9,12
N20002761,NI data zone,17,29,32,17,23,25,27,31,38,42,37,28,39,37,33,34,21,49
N20002762,NI data zone,21,29,24,16,22,23,18,33,35,46,58,20,63,40,59,56,30,27
N20002763,NI data zone,18,26,21,27,23,16,36,26,23,41,51,23,33,41,19,11,9,6
N20002764,NI data zone,28,40,41,41,25,31,25,36,50,65,49,30,25,20,14,11,9,5
N20002765,NI data zone,34,51,47,50,25,46,27,33,59,69,58,28,23,15,8,6,3,2
N20002766,NI data zone,17,14,17,13,15,14,13,14,20,15,27,11,40,29,24,7,1,2
N20002767,NI data zone,23,26,22,18,21,34,34,32,20,17,30,30,33,20,20,16,2,4
N20002768,NI data zone,40,69,60,51,45,51,53,60,75,73,86,47,46,28,21,16,12,6
N20002769,NI data zone,63,36,36,36,55,71,42,35,39,50,32,46,9,4,4,2,1,0
N20002770,NI data zone,26,76,85,34,25,33,49,54,95,71,42,56,27,10,6,5,1,2
N20002771,NI data zone,15,24,21,19,22,16,20,40,19,45,13,24,18,12,9,4,3,1
N20002772,NI data zone,29,42,25,23,26,35,25,28,20,21,23,46,12,8,8,5,4,1
N20002773,NI data zone,11,10,21,21,15,22,18,17,26,25,35,12,27,36,29,35,18,6
N20002774,NI data zone,38,44,44,44,55,54,48,42,42,63,77,34,73,51,32,14,7,3
N20002775,NI data zone,23,34,57,41,45,34,29,30,54,79,102,25,75,54,43,17,12,13
N20002776,NI data zone,15,12,19,11,10,18,16,22,29,17,23,14,14,11,15,13,8,0
N20002777,NI data zone,18,30,22,21,20,18,20,15,26,37,44,21,52,25,26,22,6,4
N20002778,NI data zone,40,37,36,21,58,54,44,45,41,45,57,36,50,33,25,28,23,12
N20002779,NI data zone,28,31,27,21,29,36,27,24,19,28,40,33,23,25,15,13,10,11
N20002780,NI data zone,29,21,20,37,38,43,35,24,20,26,27,26,24,29,30,35,40,58
N20002781,NI data zone,50,40,39,29,43,33,49,32,36,34,39,46,24,18,16,23,13,29
N20002782,NI data zone,13,19,18,29,21,13,25,23,21,33,23,17,31,20,17,25,14,6
N20002783,NI data zone,11,9,18,3,14,15,11,22,15,24,16,11,34,39,59,41,19,17
N20002784,NI data zone,29,21,23,26,32,19,13,32,20,30,17,23,11,23,17,10,11,4
N20002785,NI data zone,17,17,16,16,10,14,23,20,17,24,18,16,14,24,30,42,13,11
N20002786,NI data zone,13,29,28,36,33,16,21,22,31,46,51,21,66,28,25,17,14,11
N20002787,NI data zone,20,18,11,30,35,38,22,19,27,32,29,26,24,14,16,13,15,13
N20002788,NI data zone,23,13,21,19,15,30,26,30,27,31,19,25,34,36,36,19,21,21
N20002789,NI data zone,7,22,21,22,10,16,16,13,29,42,49,14,43,46,52,37,31,34
N20002790,NI data zone,27,38,22,34,38,36,32,34,46,50,41,17,29,36,23,18,12,7
N20002791,NI data zone,24,17,14,22,33,33,28,24,18,31,34,28,15,17,10,10,2,6
N20002792,NI data zone,13,21,23,20,19,17,25,22,31,40,36,13,39,30,41,28,26,24
N20002793,NI data zone,2,12,7,4,4,12,8,7,14,15,26,2,18,35,37,33,25,42
N20002794,NI data zone,22,28,24,18,20,34,31,25,27,30,33,42,27,26,17,14,17,10
N20002795,NI data zone,19,14,14,19,27,22,20,24,24,33,40,10,47,47,54,32,22,34
N20002796,NI data zone,16,23,23,28,36,36,26,26,22,24,47,26,23,24,22,5,6,3
N20002797,NI data zone,28,28,26,40,39,27,41,44,44,35,34,43,33,14,7,9,5,5
N20002798,NI data zone,19,9,12,24,33,43,35,27,21,31,40,12,19,12,18,18,10,9
N20002799,NI data zone,37,40,17,24,24,41,35,33,30,34,43,36,34,20,18,14,21,5
N20002800,NI data zone,12,11,10,23,16,8,16,30,23,33,40,18,67,59,65,37,30,19
N20002801,NI data zone,5,1,1,3,7,6,4,3,11,7,15,2,16,16,22,42,30,23
N20002802,NI data zone,29,66,69,54,37,31,36,61,67,88,90,45,70,55,43,33,21,16
N20002803,NI data zone,19,19,21,19,31,25,28,20,22,41,22,10,28,37,38,29,22,6
N20002804,NI data zone,26,24,16,22,32,22,23,29,17,23,59,18,110,65,73,33,20,16
N20002805,NI data zone,17,30,39,35,36,26,24,28,36,63,43,20,32,9,19,15,8,2
N20002806,NI data zone,32,18,31,33,37,33,30,33,31,53,45,38,28,12,14,5,2,2
N20002807,NI data zone,8,3,8,15,9,11,17,5,13,22,27,3,46,31,23,27,11,5
N20002808,NI data zone,15,27,23,35,31,32,22,25,24,59,89,23,83,61,42,29,14,15
N20002809,NI data zone,23,32,26,33,26,35,29,42,40,55,53,35,54,47,36,28,22,30
N20002810,NI data zone,6,23,23,18,29,18,25,24,35,48,35,10,41,31,22,15,9,7
N20002811,NI data zone,17,22,17,24,25,20,20,18,23,14,25,25,22,13,24,16,15,11
N20002812,NI data zone,17,16,18,10,13,23,18,15,18,18,9,20,21,11,12,13,6,1
N20002813,NI data zone,36,32,27,33,25,37,37,40,25,30,29,55,18,16,11,7,2,2
N20002814,NI data zone,16,38,35,32,30,27,26,40,46,41,69,19,70,39,41,40,15,12
N20002815,NI data zone,22,24,15,17,18,19,25,19,18,20,16,25,11,8,12,12,6,4
N20002816,NI data zone,24,24,22,19,26,31,23,15,20,18,14,22,23,15,19,14,6,5
N20002817,NI data zone,35,26,25,22,25,31,35,22,31,21,28,31,25,26,11,9,4,5
N20002818,NI data zone,42,48,40,30,40,46,36,24,30,27,39,49,21,17,2,10,8,2
N20002819,NI data zone,28,40,38,34,35,39,43,36,32,33,45,34,29,29,31,22,13,4
N20002820,NI data zone,20,28,27,17,22,21,15,31,31,42,32,11,20,12,14,22,8,4
N20002821,NI data zone,39,31,42,35,42,53,44,40,33,46,34,64,30,21,19,25,12,10
N20002822,NI data zone,32,38,51,50,35,34,35,38,51,54,43,37,30,19,12,12,5,3
N20002823,NI data zone,22,52,46,34,39,23,33,43,50,71,64,30,51,45,24,43,21,7
N20002824,NI data zone,8,10,15,9,14,21,15,15,18,28,21,8,11,16,17,11,10,5
N20002825,NI data zone,54,41,34,30,23,55,56,44,39,60,59,43,36,32,42,37,18,17
N20002826,NI data zone,18,34,46,30,17,22,26,30,34,55,56,33,49,48,32,29,11,15
N20002827,NI data zone,31,44,39,25,28,24,39,42,52,56,31,30,9,7,13,7,3,1
N20002828,NI data zone,17,21,17,16,12,25,32,25,28,22,32,28,34,25,17,12,7,6
N20002829,NI data zone,27,50,28,32,41,47,34,51,33,39,35,42,28,25,14,13,17,11
N20002830,NI data zone,28,19,20,22,26,46,26,30,27,40,30,17,25,32,31,34,11,29
N20002831,NI data zone,12,12,11,13,31,18,23,20,21,22,23,12,19,17,15,7,15,24
N20002832,NI data zone,33,49,36,29,21,25,37,42,43,43,34,36,34,23,17,15,4,11
N20002833,NI data zone,23,31,11,31,37,40,29,21,24,28,27,31,23,11,8,10,6,9
N20002834,NI data zone,20,24,16,19,25,24,24,18,26,24,27,23,28,10,7,11,10,14
N20002835,NI data zone,65,46,32,31,66,73,67,39,46,31,29,43,26,14,13,10,4,2
N20002836,NI data zone,33,17,22,23,51,62,36,32,35,44,52,29,46,27,18,21,10,5
N20002838,NI data zone,74,74,49,52,73,88,73,71,70,57,57,86,53,59,26,27,16,11
