dz_2021_code,type,catholic,presbyterian_church_in_ireland,church_of_ireland,methodist_church_in_ireland,other_christian_including_christian_related,other_religions,no_religion,religion_not_stated
N20000001,NI data zone,56,359,48,14,92,11,143,15
N20000002,NI data zone,8,164,32,4,54,1,66,2
N20000003,NI data zone,35,178,31,8,49,1,56,6
N20000004,NI data zone,271,174,29,3,61,10,100,12
N20000005,NI data zone,25,379,64,15,66,3,117,5
N20000006,NI data zone,175,140,36,1,48,2,58,5
N20000007,NI data zone,764,50,15,0,19,2,23,7
N20000008,NI data zone,337,148,40,4,43,5,64,3
N20000009,NI data zone,77,176,39,5,43,2,54,6
N20000010,NI data zone,22,242,61,12,72,3,126,6
N20000011,NI data zone,118,155,78,1,49,10,106,9
N20000012,NI data zone,83,173,73,5,59,13,76,23
N20000013,NI data zone,111,146,27,5,35,13,65,3
N20000014,NI data zone,173,128,41,2,57,1,92,12
N20000015,NI data zone,528,8,9,0,3,2,30,6
N20000016,NI data zone,211,84,23,5,20,3,99,6
N20000017,NI data zone,577,9,17,2,5,5,57,4
N20000018,NI data zone,390,10,12,0,11,0,56,7
N20000019,NI data zone,166,71,27,3,47,3,66,10
N20000020,NI data zone,290,93,39,2,46,5,73,17
N20000021,NI data zone,397,35,7,7,16,1,73,7
N20000022,NI data zone,404,9,0,0,4,0,15,9
N20000023,NI data zone,281,71,46,1,18,4,79,4
N20000024,NI data zone,494,51,19,1,23,1,27,4
N20000025,NI data zone,199,72,41,0,25,4,73,0
N20000026,NI data zone,17,265,76,13,67,3,97,15
N20000027,NI data zone,256,86,13,1,54,17,124,7
N20000028,NI data zone,317,128,15,0,27,1,47,15
N20000029,NI data zone,312,82,39,2,11,1,98,6
N20000030,NI data zone,53,224,66,8,45,3,94,4
N20000031,NI data zone,25,220,74,8,58,6,136,5
N20000032,NI data zone,359,24,17,0,1,0,50,9
N20000033,NI data zone,447,33,4,0,9,0,38,4
N20000034,NI data zone,356,32,5,0,2,0,34,10
N20000035,NI data zone,304,91,59,6,49,12,140,9
N20000036,NI data zone,171,33,31,2,19,19,90,9
N20000037,NI data zone,151,47,22,3,35,31,126,6
N20000038,NI data zone,207,80,44,6,68,22,194,7
N20000039,NI data zone,149,117,53,10,36,7,107,20
N20000040,NI data zone,188,24,32,4,12,19,87,4
N20000041,NI data zone,319,188,86,15,66,16,232,7
N20000042,NI data zone,227,79,37,11,111,17,172,10
N20000043,NI data zone,269,127,65,12,74,34,234,5
N20000044,NI data zone,184,87,53,12,22,13,119,4
N20000045,NI data zone,217,75,35,9,18,3,104,5
N20000046,NI data zone,91,157,99,10,49,2,155,8
N20000047,NI data zone,137,138,69,10,37,7,106,12
N20000048,NI data zone,230,96,59,9,36,16,111,3
N20000049,NI data zone,305,59,44,2,28,8,98,10
N20000050,NI data zone,48,118,63,9,34,1,137,15
N20000051,NI data zone,315,32,10,2,18,7,100,9
N20000052,NI data zone,141,95,84,2,44,5,122,7
N20000053,NI data zone,152,58,45,7,19,7,113,8
N20000054,NI data zone,41,153,86,5,22,6,172,31
N20000055,NI data zone,32,96,56,8,21,3,122,1
N20000056,NI data zone,123,97,40,10,47,0,163,2
N20000057,NI data zone,197,74,42,11,23,6,107,6
N20000058,NI data zone,67,111,70,2,42,8,112,2
N20000059,NI data zone,173,34,32,4,19,14,121,16
N20000060,NI data zone,128,78,45,12,27,0,62,3
N20000061,NI data zone,82,97,59,6,37,12,84,5
N20000062,NI data zone,91,183,100,6,62,8,143,4
N20000063,NI data zone,120,53,35,3,17,24,95,7
N20000064,NI data zone,121,89,40,17,29,6,89,3
N20000065,NI data zone,184,96,61,10,34,5,94,8
N20000066,NI data zone,147,36,14,3,22,4,95,4
N20000067,NI data zone,215,53,56,6,29,16,135,11
N20000068,NI data zone,147,116,53,6,25,12,47,17
N20000069,NI data zone,151,108,72,6,39,5,79,4
N20000070,NI data zone,126,98,64,27,22,3,83,3
N20000071,NI data zone,93,61,58,4,12,11,93,5
N20000072,NI data zone,136,155,74,5,52,14,108,14
N20000073,NI data zone,74,159,80,5,46,3,101,5
N20000074,NI data zone,39,157,76,3,45,3,134,11
N20000075,NI data zone,126,73,61,8,44,10,109,1
N20000076,NI data zone,140,50,31,7,24,9,110,3
N20000077,NI data zone,68,77,52,2,21,6,69,10
N20000078,NI data zone,46,93,53,3,15,2,106,5
N20000079,NI data zone,22,132,72,4,31,4,116,5
N20000080,NI data zone,139,203,64,8,38,13,162,8
N20000081,NI data zone,77,69,71,4,30,4,77,2
N20000082,NI data zone,37,155,67,10,53,4,123,3
N20000083,NI data zone,77,73,38,0,15,5,52,7
N20000084,NI data zone,105,78,37,3,14,0,44,6
N20000085,NI data zone,157,137,91,18,31,13,138,8
N20000086,NI data zone,13,253,89,41,78,6,129,2
N20000087,NI data zone,15,246,37,26,75,3,68,3
N20000088,NI data zone,4,189,44,31,98,3,113,4
N20000089,NI data zone,30,235,66,38,147,3,155,4
N20000090,NI data zone,41,291,116,41,93,4,212,5
N20000091,NI data zone,8,198,63,22,88,0,127,3
N20000092,NI data zone,40,266,119,46,105,10,198,18
N20000093,NI data zone,8,144,83,36,27,0,106,3
N20000094,NI data zone,16,123,47,10,91,0,138,2
N20000095,NI data zone,23,144,47,22,26,1,128,5
N20000096,NI data zone,19,218,85,38,54,8,150,12
N20000097,NI data zone,21,202,89,43,72,4,137,6
N20000098,NI data zone,8,141,52,26,43,1,112,0
N20000099,NI data zone,13,218,54,16,35,1,122,5
N20000100,NI data zone,29,311,75,66,94,2,123,5
N20000101,NI data zone,11,165,54,50,86,1,96,3
N20000102,NI data zone,35,144,52,21,53,3,162,5
N20000103,NI data zone,18,123,49,17,26,4,103,13
N20000104,NI data zone,19,169,86,23,48,3,178,6
N20000105,NI data zone,28,118,49,23,40,3,138,6
N20000106,NI data zone,26,131,61,39,45,0,112,1
N20000107,NI data zone,37,104,45,21,54,4,133,4
N20000108,NI data zone,18,108,53,20,31,9,110,0
N20000109,NI data zone,17,242,71,38,67,6,107,4
N20000110,NI data zone,18,284,78,69,51,0,158,1
N20000111,NI data zone,16,238,75,36,46,19,122,6
N20000112,NI data zone,19,130,70,17,16,0,70,1
N20000113,NI data zone,20,162,29,20,67,9,94,1
N20000114,NI data zone,10,148,55,26,59,0,140,2
N20000115,NI data zone,28,292,87,38,94,12,169,8
N20000116,NI data zone,22,103,51,17,30,10,79,0
N20000117,NI data zone,9,138,76,16,26,2,74,2
N20000118,NI data zone,6,188,51,39,33,0,99,2
N20000119,NI data zone,9,120,44,24,28,2,102,2
N20000120,NI data zone,11,205,37,13,46,7,80,4
N20000121,NI data zone,40,302,58,22,115,7,143,17
N20000122,NI data zone,25,335,69,23,101,3,148,5
N20000123,NI data zone,19,228,41,41,65,2,90,2
N20000124,NI data zone,31,156,59,14,76,3,113,6
N20000125,NI data zone,23,184,73,10,50,4,96,1
N20000126,NI data zone,75,154,103,42,59,2,174,1
N20000127,NI data zone,6,73,33,4,25,0,50,2
N20000128,NI data zone,96,201,86,45,86,5,177,5
N20000129,NI data zone,54,246,137,39,76,6,260,10
N20000130,NI data zone,29,181,48,50,71,4,167,11
N20000131,NI data zone,18,142,67,14,24,2,113,9
N20000132,NI data zone,121,131,58,27,39,10,213,7
N20000133,NI data zone,80,194,111,55,118,8,168,6
N20000134,NI data zone,162,140,96,26,77,13,157,6
N20000135,NI data zone,82,143,87,31,66,4,105,5
N20000136,NI data zone,32,155,89,41,54,3,110,8
N20000137,NI data zone,17,127,68,28,59,5,139,13
N20000138,NI data zone,21,163,73,39,72,3,112,13
N20000139,NI data zone,26,162,67,42,47,11,99,8
N20000140,NI data zone,159,127,50,21,71,13,215,63
N20000141,NI data zone,51,88,25,23,45,4,116,0
N20000142,NI data zone,9,109,56,17,48,1,98,11
N20000143,NI data zone,119,131,128,17,38,9,183,0
N20000144,NI data zone,43,96,36,50,26,2,126,2
N20000145,NI data zone,9,94,28,22,26,1,74,6
N20000146,NI data zone,16,123,61,25,42,7,128,2
N20000147,NI data zone,28,174,77,19,28,1,175,1
N20000148,NI data zone,34,117,53,12,28,1,64,1
N20000149,NI data zone,97,134,111,26,37,15,184,12
N20000150,NI data zone,3,115,60,19,41,2,75,4
N20000151,NI data zone,76,181,95,43,44,11,152,8
N20000152,NI data zone,92,77,40,13,23,25,95,3
N20000153,NI data zone,14,162,112,40,57,9,143,13
N20000154,NI data zone,15,309,107,54,64,10,217,10
N20000155,NI data zone,11,99,66,28,29,1,119,3
N20000156,NI data zone,71,218,62,37,69,5,201,9
N20000157,NI data zone,93,257,61,33,53,7,168,4
N20000158,NI data zone,76,148,111,26,33,20,174,8
N20000159,NI data zone,3,84,80,38,41,0,134,5
N20000160,NI data zone,99,85,63,11,41,5,54,7
N20000161,NI data zone,127,78,60,14,66,18,181,3
N20000162,NI data zone,115,186,122,34,73,13,180,25
N20000163,NI data zone,84,131,65,26,60,11,150,4
N20000164,NI data zone,145,162,37,36,35,0,153,2
N20000165,NI data zone,31,89,88,29,71,12,140,2
N20000166,NI data zone,77,88,47,13,30,6,125,8
N20000167,NI data zone,60,79,41,12,31,3,78,3
N20000168,NI data zone,18,144,53,56,29,0,125,3
N20000169,NI data zone,236,37,36,7,14,5,82,12
N20000170,NI data zone,21,104,61,25,56,21,175,14
N20000171,NI data zone,63,98,51,27,66,10,133,8
N20000172,NI data zone,194,61,39,18,42,35,200,6
N20000173,NI data zone,266,128,55,22,29,11,112,16
N20000174,NI data zone,13,221,97,25,86,3,167,11
N20000175,NI data zone,83,109,35,12,34,15,148,7
N20000176,NI data zone,29,96,52,23,41,8,158,4
N20000177,NI data zone,150,36,25,5,28,12,95,2
N20000178,NI data zone,219,48,34,17,16,10,88,10
N20000179,NI data zone,72,142,60,47,67,24,161,17
N20000180,NI data zone,7,165,84,33,63,2,125,4
N20000181,NI data zone,23,121,86,52,44,5,122,9
N20000182,NI data zone,16,209,102,55,69,2,200,27
N20000183,NI data zone,16,131,70,31,55,8,107,5
N20000184,NI data zone,6,95,69,37,32,4,167,6
N20000185,NI data zone,16,62,29,12,33,8,79,2
N20000186,NI data zone,52,37,17,13,20,3,61,0
N20000187,NI data zone,14,104,64,48,34,3,93,11
N20000188,NI data zone,104,122,84,35,31,12,101,12
N20000189,NI data zone,5,182,88,69,60,6,150,12
N20000190,NI data zone,15,124,58,20,35,3,103,0
N20000191,NI data zone,22,113,56,31,69,9,101,6
N20000192,NI data zone,9,86,35,29,25,0,67,8
N20000193,NI data zone,9,84,39,28,18,4,52,5
N20000194,NI data zone,9,93,62,23,52,4,108,6
N20000195,NI data zone,21,162,87,71,50,1,123,15
N20000196,NI data zone,7,63,36,25,28,0,51,6
N20000197,NI data zone,10,42,25,41,20,5,63,3
N20000198,NI data zone,11,92,72,23,48,9,94,10
N20000199,NI data zone,8,151,93,59,52,1,140,6
N20000200,NI data zone,29,157,67,95,62,4,140,4
N20000201,NI data zone,202,104,61,22,35,3,124,16
N20000202,NI data zone,6,77,73,79,36,1,120,6
N20000203,NI data zone,107,52,25,10,17,18,85,0
N20000204,NI data zone,98,68,32,16,23,13,124,6
N20000205,NI data zone,52,63,41,18,19,10,113,3
N20000206,NI data zone,53,59,45,15,28,3,76,5
N20000207,NI data zone,384,8,14,0,8,3,25,5
N20000208,NI data zone,381,14,8,7,8,3,57,6
N20000209,NI data zone,406,13,9,0,9,6,51,6
N20000210,NI data zone,539,24,5,3,10,2,52,24
N20000211,NI data zone,148,134,71,28,43,10,178,5
N20000212,NI data zone,11,185,57,21,30,0,202,7
N20000213,NI data zone,26,110,41,23,34,1,155,1
N20000214,NI data zone,31,139,45,21,27,0,55,4
N20000215,NI data zone,111,118,75,20,41,10,122,1
N20000216,NI data zone,30,84,47,17,22,7,66,7
N20000217,NI data zone,81,202,81,23,36,12,156,4
N20000218,NI data zone,81,182,62,48,58,9,137,8
N20000219,NI data zone,311,78,59,41,55,38,132,8
N20000220,NI data zone,75,155,50,22,36,0,90,6
N20000221,NI data zone,77,137,63,43,58,11,128,8
N20000222,NI data zone,80,144,47,35,32,14,120,13
N20000223,NI data zone,126,116,37,53,25,8,127,2
N20000224,NI data zone,160,120,43,23,20,6,85,2
N20000225,NI data zone,19,78,31,24,30,8,105,11
N20000226,NI data zone,142,125,77,36,42,18,150,15
N20000227,NI data zone,145,111,57,32,24,15,100,3
N20000228,NI data zone,58,104,48,36,44,12,122,2
N20000229,NI data zone,49,100,52,57,38,9,145,11
N20000230,NI data zone,139,102,58,30,32,0,161,2
N20000231,NI data zone,207,94,33,18,8,25,95,9
N20000232,NI data zone,145,22,19,17,32,4,73,5
N20000233,NI data zone,242,53,43,14,24,7,81,14
N20000234,NI data zone,206,47,19,9,27,11,98,5
N20000235,NI data zone,161,41,42,17,21,23,62,2
N20000236,NI data zone,145,71,50,21,29,15,99,10
N20000237,NI data zone,115,82,38,33,17,9,116,5
N20000238,NI data zone,368,35,33,11,21,6,105,5
N20000239,NI data zone,191,83,45,18,39,10,75,3
N20000240,NI data zone,166,33,26,7,15,11,84,6
N20000241,NI data zone,69,89,15,17,23,23,54,2
N20000242,NI data zone,96,103,54,25,22,17,133,1
N20000243,NI data zone,227,19,12,3,9,6,73,5
N20000244,NI data zone,489,34,25,9,13,8,97,17
N20000245,NI data zone,332,3,8,0,2,0,47,6
N20000246,NI data zone,390,19,18,7,10,4,86,10
N20000247,NI data zone,301,17,10,13,21,10,78,7
N20000248,NI data zone,64,53,40,13,25,1,72,2
N20000249,NI data zone,281,5,15,4,5,3,37,3
N20000250,NI data zone,314,17,4,1,2,0,43,9
N20000251,NI data zone,579,17,15,8,25,3,63,4
N20000252,NI data zone,358,13,9,11,8,4,46,1
N20000253,NI data zone,425,54,24,7,13,0,85,9
N20000254,NI data zone,376,33,16,2,12,0,53,8
N20000255,NI data zone,429,12,6,0,29,15,44,10
N20000256,NI data zone,444,15,15,6,6,10,56,12
N20000257,NI data zone,41,117,42,9,19,5,61,13
N20000258,NI data zone,67,179,68,7,65,6,122,2
N20000259,NI data zone,63,241,79,15,42,11,130,7
N20000260,NI data zone,93,215,116,7,40,11,164,9
N20000261,NI data zone,69,428,64,18,109,0,194,11
N20000262,NI data zone,93,204,61,26,120,11,127,9
N20000263,NI data zone,81,198,64,7,49,15,137,9
N20000264,NI data zone,156,121,71,8,82,22,213,10
N20000265,NI data zone,172,101,40,17,60,5,134,9
N20000266,NI data zone,55,128,41,4,57,5,83,3
N20000267,NI data zone,477,80,39,22,46,9,131,4
N20000268,NI data zone,176,190,87,13,50,4,122,24
N20000269,NI data zone,100,185,92,52,83,1,120,17
N20000270,NI data zone,231,16,15,1,20,6,59,2
N20000271,NI data zone,282,28,27,10,52,0,112,0
N20000272,NI data zone,385,42,28,4,25,7,165,1
N20000273,NI data zone,303,19,5,1,3,5,67,2
N20000274,NI data zone,46,249,64,17,65,2,87,5
N20000275,NI data zone,267,48,21,7,17,7,122,2
N20000276,NI data zone,388,21,16,2,31,5,130,6
N20000277,NI data zone,371,9,4,0,4,7,37,0
N20000278,NI data zone,76,196,48,13,73,0,110,7
N20000279,NI data zone,290,102,64,15,184,26,640,12
N20000280,NI data zone,86,238,70,34,80,4,135,10
N20000281,NI data zone,222,156,81,35,49,1,116,5
N20000282,NI data zone,211,57,54,10,20,0,72,4
N20000283,NI data zone,512,51,33,5,13,4,125,6
N20000284,NI data zone,445,36,21,0,8,3,94,9
N20000285,NI data zone,213,210,55,8,56,4,97,9
N20000286,NI data zone,419,15,19,0,7,0,58,2
N20000287,NI data zone,620,7,16,1,19,4,67,4
N20000288,NI data zone,281,56,56,1,9,11,60,7
N20000289,NI data zone,243,30,13,0,5,9,46,10
N20000290,NI data zone,210,21,16,1,14,0,33,7
N20000291,NI data zone,210,33,33,2,4,2,29,5
N20000292,NI data zone,445,8,13,2,9,0,75,10
N20000293,NI data zone,313,62,42,9,18,0,88,2
N20000294,NI data zone,599,10,15,0,8,3,84,5
N20000476,NI data zone,436,15,26,22,14,2,50,4
N20000711,NI data zone,27,208,191,51,92,16,163,17
N20000712,NI data zone,373,11,17,2,10,0,55,7
N20000713,NI data zone,269,80,68,12,31,6,101,16
N20000714,NI data zone,14,88,44,8,21,5,64,4
N20000715,NI data zone,514,7,3,0,2,2,44,9
N20000716,NI data zone,58,130,102,41,76,16,198,5
N20000717,NI data zone,18,206,107,48,44,6,149,10
N20000718,NI data zone,28,131,88,44,35,7,95,22
N20000719,NI data zone,445,4,3,3,16,4,38,16
N20000720,NI data zone,20,122,83,34,66,1,59,3
N20000721,NI data zone,101,77,61,14,49,3,50,4
N20000722,NI data zone,44,87,66,33,36,11,128,7
N20000723,NI data zone,47,152,100,37,63,12,143,17
N20000724,NI data zone,379,1,2,3,5,1,54,1
N20000725,NI data zone,305,5,3,4,15,9,29,2
N20000726,NI data zone,238,53,52,33,21,9,122,8
N20000727,NI data zone,37,91,66,36,25,2,121,10
N20000728,NI data zone,44,121,88,20,57,2,90,5
N20000729,NI data zone,27,96,56,19,40,2,110,9
N20000730,NI data zone,66,205,142,40,80,8,140,21
N20000731,NI data zone,470,14,11,7,59,42,118,8
N20000732,NI data zone,411,12,4,8,13,8,51,7
N20000733,NI data zone,397,35,28,11,10,7,93,9
N20000734,NI data zone,281,5,1,0,4,3,56,8
N20000735,NI data zone,439,7,3,0,9,1,56,3
N20000736,NI data zone,25,112,68,20,41,22,133,6
N20000737,NI data zone,49,113,104,21,65,16,116,7
N20000738,NI data zone,300,4,0,0,17,22,102,22
N20000739,NI data zone,31,88,76,29,21,3,60,1
N20000740,NI data zone,349,11,6,0,8,5,51,8
N20000741,NI data zone,361,2,2,1,3,19,56,5
N20000742,NI data zone,48,82,78,12,44,3,116,6
N20000743,NI data zone,312,41,9,6,12,4,60,4
N20000744,NI data zone,98,127,92,25,46,0,102,5
N20000745,NI data zone,255,6,9,0,27,23,71,9
N20000746,NI data zone,539,10,6,0,11,24,67,16
N20000747,NI data zone,264,7,5,1,10,7,91,4
N20000748,NI data zone,584,18,0,1,12,11,45,16
N20000749,NI data zone,496,9,27,5,19,17,67,8
N20000750,NI data zone,400,4,3,1,12,11,84,15
N20000751,NI data zone,363,7,3,4,6,6,35,3
N20000752,NI data zone,351,3,1,0,5,8,17,10
N20000753,NI data zone,437,7,4,1,2,8,22,9
N20000754,NI data zone,139,9,2,2,9,12,42,6
N20000755,NI data zone,439,5,7,2,7,0,22,20
N20000756,NI data zone,382,12,8,1,8,7,31,13
N20000757,NI data zone,290,2,7,0,10,41,81,8
N20000758,NI data zone,499,7,2,2,7,3,29,14
N20000759,NI data zone,232,6,8,4,18,32,76,53
N20000760,NI data zone,341,9,6,0,2,3,43,10
N20000761,NI data zone,460,4,6,0,1,0,44,17
N20000762,NI data zone,330,4,0,0,7,4,23,8
N20000763,NI data zone,218,73,16,2,9,2,48,5
N20000764,NI data zone,212,8,13,4,10,14,49,84
N20000765,NI data zone,310,11,2,0,6,2,31,7
N20000767,NI data zone,429,37,30,11,13,4,28,11
N20000768,NI data zone,428,9,2,2,2,1,22,15
N20000770,NI data zone,422,32,29,9,23,11,43,10
N20000775,NI data zone,308,16,15,4,21,2,69,6
N20000776,NI data zone,36,176,96,24,49,29,110,13
N20000787,NI data zone,412,11,9,5,6,7,67,1
N20000788,NI data zone,574,18,12,5,12,5,95,14
N20000789,NI data zone,279,22,23,2,18,3,98,5
N20000790,NI data zone,44,149,52,30,37,8,133,18
N20000791,NI data zone,265,45,24,14,13,11,124,8
N20000792,NI data zone,338,12,7,0,9,2,62,8
N20000793,NI data zone,364,19,13,3,13,9,89,15
N20000794,NI data zone,455,9,7,0,10,13,68,8
N20000795,NI data zone,132,117,56,66,44,31,181,23
N20000796,NI data zone,510,57,18,5,9,2,107,6
N20000797,NI data zone,287,71,31,18,20,8,86,10
N20000798,NI data zone,24,151,80,59,59,8,110,9
N20000799,NI data zone,437,24,22,5,6,3,54,9
N20000800,NI data zone,72,170,93,62,32,5,144,18
N20000801,NI data zone,34,150,43,61,38,6,160,8
N20000802,NI data zone,417,15,14,0,8,0,65,6
N20000803,NI data zone,397,22,19,7,7,1,91,0
N20000804,NI data zone,196,44,25,14,10,1,45,9
N20000805,NI data zone,92,167,77,37,60,2,130,6
N20000806,NI data zone,31,170,88,45,42,11,85,4
N20000807,NI data zone,416,36,24,11,7,5,101,2
N20000808,NI data zone,401,24,14,3,4,5,68,3
N20000809,NI data zone,201,105,62,11,31,4,135,10
N20000810,NI data zone,299,25,5,0,4,2,87,5
N20000811,NI data zone,32,194,108,41,93,15,145,16
N20000812,NI data zone,262,6,4,0,2,10,34,1
N20000813,NI data zone,5,89,44,19,25,1,55,8
N20000814,NI data zone,219,18,14,3,9,5,68,2
N20000815,NI data zone,289,13,6,0,3,6,50,5
N20000816,NI data zone,398,58,33,10,17,5,84,6
N20000817,NI data zone,396,80,55,16,43,8,140,11
N20000818,NI data zone,313,10,6,3,7,10,88,7
N20000819,NI data zone,138,44,24,21,22,3,96,7
N20000820,NI data zone,14,133,83,37,47,7,113,5
N20000821,NI data zone,67,48,30,6,36,10,116,4
N20000822,NI data zone,183,4,3,0,1,8,41,4
N20000823,NI data zone,168,105,49,37,49,2,86,5
N20000824,NI data zone,402,21,16,4,25,26,118,24
N20000826,NI data zone,118,52,36,13,15,3,65,5
N20000827,NI data zone,328,20,22,6,8,5,127,0
N20000828,NI data zone,49,71,63,20,34,3,94,5
N20000829,NI data zone,30,83,22,12,49,14,112,5
N20000830,NI data zone,207,27,21,3,19,11,82,6
N20000831,NI data zone,407,9,5,0,11,10,76,6
N20000832,NI data zone,123,57,24,7,13,7,70,8
N20000833,NI data zone,328,9,13,1,21,14,116,19
N20000834,NI data zone,34,82,76,18,34,9,84,8
N20000835,NI data zone,59,233,74,60,82,16,188,10
N20000836,NI data zone,310,12,6,2,18,32,106,13
N20000837,NI data zone,29,191,98,46,67,16,117,10
N20000838,NI data zone,288,5,10,1,13,23,119,4
N20000839,NI data zone,236,14,9,2,12,1,70,16
N20000840,NI data zone,255,2,6,1,16,14,78,8
N20000841,NI data zone,461,89,39,15,53,38,182,14
N20000842,NI data zone,63,70,28,7,24,17,107,5
N20000843,NI data zone,211,12,3,2,27,18,62,8
N20000845,NI data zone,48,83,36,23,44,10,93,7
N20000846,NI data zone,323,8,3,2,2,15,49,11
N20000848,NI data zone,305,50,23,9,9,8,55,18
N20000849,NI data zone,357,11,3,1,20,47,111,25
N20001236,NI data zone,650,0,0,0,1,7,43,3
N20001239,NI data zone,600,7,1,0,10,8,27,17
N20001240,NI data zone,441,12,11,3,6,8,48,3
N20001241,NI data zone,555,4,0,0,1,5,44,7
N20001242,NI data zone,631,23,10,0,14,1,38,13
N20001243,NI data zone,667,4,5,0,6,1,29,8
N20001246,NI data zone,651,2,1,1,9,5,48,4
N20001248,NI data zone,400,17,7,0,1,2,21,17
N20001250,NI data zone,365,1,1,0,7,6,25,6
N20001252,NI data zone,498,1,8,3,5,13,19,0
N20001267,NI data zone,494,9,16,0,11,2,42,1
N20001273,NI data zone,344,3,1,0,0,3,36,1
N20001279,NI data zone,536,9,0,0,4,0,53,6
N20001297,NI data zone,418,3,1,0,9,3,29,17
N20001298,NI data zone,601,0,2,0,4,1,30,11
N20001299,NI data zone,462,3,1,0,0,7,12,9
N20001300,NI data zone,557,6,12,7,5,11,31,6
N20001301,NI data zone,663,7,7,0,7,5,39,8
N20001302,NI data zone,471,5,1,0,0,1,17,1
N20001303,NI data zone,379,12,3,0,12,24,53,6
N20001305,NI data zone,500,3,3,0,4,5,23,4
N20001306,NI data zone,263,3,0,0,0,6,13,6
N20001308,NI data zone,750,5,3,4,7,4,60,15
N20001309,NI data zone,793,7,9,0,15,3,55,14
N20001310,NI data zone,539,0,5,0,7,12,39,13
N20001313,NI data zone,494,6,0,0,11,0,25,2
N20001314,NI data zone,589,10,2,0,7,12,29,3
N20001317,NI data zone,482,0,1,0,1,7,16,9
N20001320,NI data zone,411,8,4,0,4,0,37,4
N20001323,NI data zone,313,3,3,2,2,6,15,4
N20001325,NI data zone,684,3,1,4,0,10,45,8
N20001326,NI data zone,620,2,1,0,0,10,29,7
N20001327,NI data zone,375,0,0,0,1,2,47,7
N20001328,NI data zone,505,15,2,0,11,25,39,11
N20001329,NI data zone,273,1,0,0,2,7,16,3
N20001331,NI data zone,456,0,2,0,2,5,37,2
N20001332,NI data zone,433,4,2,0,9,1,36,0
N20001335,NI data zone,273,1,1,0,1,8,28,6
N20001338,NI data zone,292,10,5,2,0,2,21,41
N20001339,NI data zone,618,8,4,2,2,7,37,5
N20001341,NI data zone,266,5,2,2,14,1,27,5
N20001343,NI data zone,386,1,1,0,1,8,27,8
N20001344,NI data zone,294,2,1,0,4,1,18,2
N20001346,NI data zone,448,5,5,1,2,4,31,15
N20001348,NI data zone,382,3,9,0,0,12,44,12
N20001349,NI data zone,367,1,0,0,0,1,34,6
N20001351,NI data zone,556,17,1,1,11,0,44,2
N20001353,NI data zone,263,1,1,0,0,3,16,5
N20001356,NI data zone,608,3,0,0,5,4,43,4
N20001358,NI data zone,506,13,9,1,3,14,34,5
N20001359,NI data zone,512,6,9,0,2,0,22,6
N20001360,NI data zone,385,1,3,1,1,7,23,6
N20001362,NI data zone,455,11,0,0,2,0,31,1
N20001363,NI data zone,551,13,8,2,2,4,37,8
N20001365,NI data zone,379,5,5,0,3,24,52,16
N20001369,NI data zone,23,130,141,19,53,1,107,1
N20001370,NI data zone,17,145,180,23,47,5,87,20
N20001371,NI data zone,137,113,58,29,31,5,85,4
N20001372,NI data zone,7,85,143,21,11,1,59,10
N20001373,NI data zone,215,99,116,18,31,2,91,16
N20001374,NI data zone,436,4,2,2,4,1,25,3
N20001375,NI data zone,5,180,146,28,71,13,132,8
N20001376,NI data zone,7,71,41,6,28,0,51,5
N20001377,NI data zone,40,121,77,22,33,1,65,27
N20001378,NI data zone,43,143,136,8,66,3,132,26
N20001379,NI data zone,26,135,129,23,45,6,122,4
N20001380,NI data zone,20,208,126,45,92,7,142,7
N20001381,NI data zone,26,238,215,49,74,6,112,23
N20001382,NI data zone,7,137,107,23,50,13,79,10
N20001383,NI data zone,45,190,146,19,66,13,103,4
N20001384,NI data zone,28,167,145,41,62,9,130,12
N20001385,NI data zone,36,112,81,18,30,5,78,6
N20001386,NI data zone,15,112,79,33,46,0,96,13
N20001387,NI data zone,15,134,121,25,23,1,94,9
N20001388,NI data zone,16,135,175,25,72,0,76,1
N20001390,NI data zone,16,208,161,53,58,0,104,2
N20001391,NI data zone,9,155,130,19,54,2,74,3
N20001392,NI data zone,17,129,103,43,40,1,67,8
N20001393,NI data zone,6,48,62,9,30,10,39,6
N20001394,NI data zone,27,101,95,12,20,10,71,8
N20001395,NI data zone,14,91,82,32,22,0,50,2
N20001397,NI data zone,36,101,122,16,40,7,119,16
N20001399,NI data zone,13,199,109,37,58,5,129,11
N20001400,NI data zone,32,70,43,10,22,12,66,1
N20001401,NI data zone,60,167,128,51,73,9,172,24
N20001402,NI data zone,62,157,109,23,56,7,148,3
N20001403,NI data zone,1,103,76,7,28,3,58,4
N20001404,NI data zone,17,128,60,23,50,10,115,4
N20001405,NI data zone,3,177,166,10,54,3,95,15
N20001407,NI data zone,16,120,68,39,23,0,75,6
N20001408,NI data zone,11,116,80,23,48,3,48,3
N20001411,NI data zone,27,139,105,33,60,2,69,9
N20001413,NI data zone,122,132,119,36,50,4,99,7
N20001416,NI data zone,18,171,154,24,30,1,80,19
N20001417,NI data zone,35,120,114,14,42,3,52,8
N20001419,NI data zone,394,3,0,0,0,4,24,2
N20001420,NI data zone,272,4,6,2,10,11,25,7
N20001422,NI data zone,204,22,13,3,21,13,75,4
N20001424,NI data zone,44,192,165,19,56,7,140,12
N20001427,NI data zone,540,9,2,0,7,15,46,5
N20001428,NI data zone,436,11,7,6,8,24,59,23
N20001436,NI data zone,344,6,2,0,3,0,18,1
N20001514,NI data zone,81,201,182,5,37,9,191,13
N20001516,NI data zone,73,251,156,2,36,2,107,8
N20001518,NI data zone,155,276,145,6,82,9,177,7
N20001519,NI data zone,36,113,90,2,9,5,35,12
N20001521,NI data zone,108,186,106,3,29,6,97,6
N20001524,NI data zone,69,152,76,2,67,5,139,7
N20001526,NI data zone,66,200,63,4,56,2,77,3
N20001528,NI data zone,45,308,108,4,73,4,107,16
N20001530,NI data zone,238,193,123,0,75,4,110,5
N20001539,NI data zone,371,173,49,4,46,3,78,10
N20001540,NI data zone,418,20,11,0,9,0,59,20
N20001541,NI data zone,342,17,27,0,14,3,40,4
N20001543,NI data zone,447,103,34,1,16,2,94,15
N20001547,NI data zone,64,216,190,17,62,12,197,16
N20001548,NI data zone,196,93,97,10,83,20,191,34
N20001549,NI data zone,49,144,93,1,41,9,124,2
N20001550,NI data zone,42,155,92,8,18,5,142,11
N20001551,NI data zone,61,84,60,6,25,3,90,6
N20001552,NI data zone,80,109,124,7,22,1,99,6
N20001553,NI data zone,93,197,178,9,52,5,207,19
N20001554,NI data zone,62,98,152,10,34,3,111,13
N20001555,NI data zone,101,123,94,2,41,12,111,11
N20001556,NI data zone,32,61,83,1,15,13,82,8
N20001557,NI data zone,126,151,137,11,51,5,134,3
N20001558,NI data zone,125,129,100,10,71,10,90,7
N20001559,NI data zone,69,102,128,1,16,0,107,8
N20001560,NI data zone,125,102,107,11,50,7,95,9
N20001561,NI data zone,88,82,139,7,44,4,108,6
N20001562,NI data zone,73,60,74,2,46,10,88,5
N20001563,NI data zone,87,120,171,6,28,0,103,6
N20001564,NI data zone,61,70,129,1,36,1,110,3
N20001565,NI data zone,68,113,92,6,49,0,104,7
N20001566,NI data zone,70,67,101,0,11,4,51,8
N20001567,NI data zone,101,117,98,3,38,3,100,4
N20001568,NI data zone,181,55,65,4,33,4,110,7
N20001569,NI data zone,86,102,66,3,56,3,57,2
N20001570,NI data zone,136,74,69,4,29,11,129,14
N20001571,NI data zone,59,34,32,2,15,3,34,5
N20001572,NI data zone,121,143,93,6,32,10,128,16
N20001573,NI data zone,208,62,91,3,43,2,96,10
N20001574,NI data zone,292,75,109,2,20,2,104,3
N20001575,NI data zone,202,63,79,0,15,4,72,2
N20001576,NI data zone,153,56,45,4,36,7,96,2
N20001577,NI data zone,79,84,42,4,19,5,40,3
N20001578,NI data zone,78,51,55,5,38,7,56,9
N20001579,NI data zone,119,27,56,3,11,0,41,4
N20001580,NI data zone,146,127,113,7,34,5,110,3
N20001581,NI data zone,152,76,113,7,22,1,76,10
N20001582,NI data zone,94,80,99,6,53,14,115,8
N20001583,NI data zone,65,159,86,6,57,0,78,1
N20001584,NI data zone,79,86,86,6,34,2,72,2
N20001585,NI data zone,108,105,122,16,49,6,118,5
N20001586,NI data zone,104,91,84,5,43,9,96,3
N20001587,NI data zone,143,141,147,4,69,11,180,17
N20001588,NI data zone,99,90,68,6,40,5,68,3
N20001589,NI data zone,92,148,182,6,58,1,133,8
N20001590,NI data zone,86,109,108,12,54,4,92,7
N20001591,NI data zone,105,147,118,5,65,8,138,9
N20001592,NI data zone,97,89,93,6,35,1,98,3
N20001593,NI data zone,90,158,111,6,61,7,110,3
N20001594,NI data zone,89,173,107,8,52,2,93,3
N20001595,NI data zone,6,119,96,1,23,1,75,5
N20001596,NI data zone,87,184,103,8,80,9,133,6
N20001597,NI data zone,17,254,190,9,123,2,94,23
N20001598,NI data zone,5,106,140,0,23,1,44,5
N20001599,NI data zone,98,72,68,4,22,7,95,10
N20001600,NI data zone,9,80,144,1,21,0,42,6
N20001601,NI data zone,6,121,141,5,17,2,59,5
N20001602,NI data zone,10,136,90,5,36,8,62,6
N20001603,NI data zone,101,66,75,5,21,7,87,12
N20001604,NI data zone,96,144,84,11,42,4,145,16
N20001605,NI data zone,4,115,168,1,16,3,32,2
N20001606,NI data zone,8,90,101,2,15,0,29,5
N20001607,NI data zone,104,90,91,9,19,7,116,11
N20001608,NI data zone,82,54,72,3,11,1,93,2
N20001609,NI data zone,77,99,55,9,38,2,57,1
N20001610,NI data zone,95,118,105,8,53,1,154,1
N20001611,NI data zone,93,130,125,5,25,4,138,9
N20001612,NI data zone,114,70,77,5,23,3,177,15
N20001613,NI data zone,91,180,118,17,34,3,115,7
N20001614,NI data zone,91,141,108,3,21,3,112,8
N20001615,NI data zone,170,117,113,6,53,10,194,3
N20001616,NI data zone,162,121,81,10,29,8,139,10
N20001617,NI data zone,10,235,96,10,42,3,92,7
N20001618,NI data zone,85,110,106,11,33,1,140,10
N20001619,NI data zone,10,198,71,0,36,9,61,3
N20001620,NI data zone,88,67,64,5,22,4,111,2
N20001621,NI data zone,141,72,56,3,62,10,120,10
N20001622,NI data zone,108,112,98,2,16,7,91,0
N20001623,NI data zone,134,100,70,14,53,6,96,3
N20001624,NI data zone,127,94,79,13,41,4,61,4
N20001625,NI data zone,73,49,52,4,12,7,48,5
N20001626,NI data zone,132,81,88,2,36,3,110,8
N20001627,NI data zone,37,259,131,4,38,9,146,14
N20001628,NI data zone,122,29,38,8,31,0,55,3
N20001629,NI data zone,55,76,46,5,17,5,82,8
N20001630,NI data zone,163,49,55,17,43,15,116,5
N20001631,NI data zone,148,64,80,13,60,1,100,1
N20001632,NI data zone,190,148,83,14,48,3,124,21
N20001633,NI data zone,178,59,41,15,43,23,167,8
N20001634,NI data zone,90,208,107,6,79,5,113,13
N20001635,NI data zone,211,114,58,9,40,11,157,7
N20001636,NI data zone,24,237,103,1,48,1,89,7
N20001637,NI data zone,161,108,70,8,54,8,77,3
N20001638,NI data zone,223,88,98,19,53,8,151,11
N20001639,NI data zone,13,284,141,0,42,3,68,5
N20001640,NI data zone,39,216,95,2,53,0,44,23
N20001641,NI data zone,12,140,41,1,35,0,48,2
N20001642,NI data zone,11,142,246,0,32,3,60,1
N20001643,NI data zone,26,140,95,0,39,0,59,7
N20001644,NI data zone,25,300,151,5,91,6,132,7
N20001645,NI data zone,58,270,71,2,51,6,69,2
N20001646,NI data zone,12,116,88,1,32,1,35,3
N20001647,NI data zone,41,229,136,4,46,2,72,7
N20001648,NI data zone,24,126,62,4,26,2,51,4
N20001649,NI data zone,32,180,47,0,39,0,55,1
N20001650,NI data zone,26,219,35,2,24,5,42,4
N20001651,NI data zone,64,1,11,5,1,7,45,6
N20001652,NI data zone,253,63,129,0,17,2,35,6
N20001653,NI data zone,460,35,39,2,21,1,71,12
N20001654,NI data zone,175,14,21,0,1,1,33,7
N20001655,NI data zone,409,40,30,0,19,0,73,8
N20001656,NI data zone,594,29,39,3,7,4,91,12
N20001657,NI data zone,221,31,17,4,8,0,41,10
N20001658,NI data zone,90,210,101,2,36,5,111,11
N20001659,NI data zone,208,35,23,1,13,2,76,3
N20001660,NI data zone,673,40,75,0,18,1,93,6
N20001661,NI data zone,242,17,16,0,2,1,42,13
N20001662,NI data zone,309,28,33,1,9,7,71,5
N20001663,NI data zone,451,37,29,4,6,5,60,14
N20001664,NI data zone,244,30,46,0,9,0,42,5
N20001665,NI data zone,471,9,16,0,11,0,48,4
N20001666,NI data zone,126,141,114,1,32,3,89,14
N20001667,NI data zone,360,1,8,1,12,4,35,7
N20001668,NI data zone,474,33,37,2,22,1,63,9
N20001669,NI data zone,26,195,94,3,50,3,106,3
N20001670,NI data zone,85,114,75,1,23,1,64,2
N20001671,NI data zone,131,80,127,0,35,3,36,11
N20001672,NI data zone,26,263,173,2,63,0,82,6
N20001673,NI data zone,528,4,6,0,11,1,27,11
N20001674,NI data zone,98,282,84,1,75,6,79,5
N20001675,NI data zone,548,3,4,1,8,0,31,5
N20001676,NI data zone,332,79,43,1,30,0,62,2
N20001677,NI data zone,270,3,3,0,0,2,30,1
N20001678,NI data zone,497,33,9,0,6,1,32,4
N20001679,NI data zone,348,2,0,0,1,0,13,3
N20001680,NI data zone,499,9,14,1,1,2,33,5
N20001681,NI data zone,476,7,8,0,3,0,11,17
N20001682,NI data zone,342,1,5,2,5,0,19,4
N20001683,NI data zone,693,37,11,0,12,1,43,4
N20001684,NI data zone,650,15,2,0,2,7,40,9
N20001685,NI data zone,82,271,106,2,70,0,109,4
N20001686,NI data zone,69,277,74,3,108,6,98,8
N20001687,NI data zone,94,177,99,0,66,4,112,4
N20001688,NI data zone,47,143,100,1,45,0,78,4
N20001689,NI data zone,104,263,70,4,71,11,96,11
N20001690,NI data zone,34,94,65,5,51,0,99,2
N20001691,NI data zone,45,145,70,4,56,6,85,7
N20001692,NI data zone,88,218,88,13,101,4,117,6
N20001693,NI data zone,32,225,144,0,58,2,126,10
N20001694,NI data zone,58,88,49,2,15,1,88,2
N20001695,NI data zone,51,154,76,5,32,1,88,4
N20001696,NI data zone,52,209,70,8,57,3,114,12
N20001697,NI data zone,73,165,91,3,43,4,96,7
N20001698,NI data zone,68,108,90,1,33,15,115,7
N20001699,NI data zone,44,191,85,9,71,9,101,7
N20001700,NI data zone,59,119,55,1,43,3,90,6
N20001701,NI data zone,61,125,67,0,29,1,96,16
N20001702,NI data zone,170,247,140,4,74,2,127,16
N20001703,NI data zone,102,23,11,0,7,2,67,2
N20001704,NI data zone,18,152,47,1,29,5,53,7
N20001705,NI data zone,38,200,62,2,57,0,83,14
N20001706,NI data zone,50,184,60,2,72,4,86,16
N20001707,NI data zone,26,163,108,5,37,0,72,6
N20001708,NI data zone,56,188,85,1,48,3,134,5
N20001709,NI data zone,79,159,70,2,54,1,114,9
N20001710,NI data zone,110,227,136,3,122,11,129,5
N20001711,NI data zone,42,139,65,1,41,3,37,9
N20001712,NI data zone,46,219,42,3,77,0,69,4
N20001713,NI data zone,51,198,91,5,66,12,127,5
N20001714,NI data zone,58,216,29,3,58,2,42,6
N20001715,NI data zone,427,206,55,0,59,4,78,11
N20001716,NI data zone,354,244,60,8,91,5,118,3
N20001717,NI data zone,32,130,20,2,63,1,35,1
N20001718,NI data zone,283,6,0,0,6,0,13,2
N20001719,NI data zone,534,4,2,0,3,2,14,3
N20001720,NI data zone,155,343,67,2,95,0,86,3
N20001721,NI data zone,199,164,70,7,41,3,69,8
N20001722,NI data zone,381,204,62,2,63,1,58,4
N20001723,NI data zone,189,220,89,7,68,4,94,4
N20001724,NI data zone,501,8,1,1,1,1,37,4
N20001725,NI data zone,393,111,18,1,27,0,26,0
N20001726,NI data zone,187,280,32,0,38,1,71,7
N20001727,NI data zone,332,144,30,0,36,0,41,2
N20001728,NI data zone,285,19,3,0,8,2,22,2
N20001729,NI data zone,545,56,25,1,23,10,71,9
N20001730,NI data zone,76,119,13,8,42,0,27,4
N20001731,NI data zone,380,183,30,0,30,5,26,9
N20002287,NI data zone,206,111,64,25,25,0,99,1
N20002288,NI data zone,745,11,22,1,10,1,95,6
N20002289,NI data zone,501,174,55,7,33,0,79,55
N20002290,NI data zone,411,8,5,6,9,0,43,2
N20002291,NI data zone,284,18,18,1,6,0,55,2
N20002292,NI data zone,609,6,9,5,4,0,42,5
N20002293,NI data zone,322,37,39,11,24,11,66,2
N20002294,NI data zone,177,93,115,22,35,0,65,6
N20002295,NI data zone,352,21,69,13,37,4,115,13
N20002296,NI data zone,245,85,148,18,63,6,154,1
N20002297,NI data zone,205,66,124,16,46,0,107,8
N20002298,NI data zone,103,121,95,18,46,2,76,6
N20002299,NI data zone,196,60,106,19,52,3,57,10
N20002300,NI data zone,136,80,138,26,46,2,154,1
N20002301,NI data zone,37,82,83,41,36,4,48,2
N20002302,NI data zone,68,130,97,22,57,6,85,4
N20002303,NI data zone,123,64,101,38,71,0,152,5
N20002304,NI data zone,55,71,105,18,43,1,85,2
N20002306,NI data zone,285,49,51,15,28,7,149,1
N20002308,NI data zone,259,39,37,14,20,4,117,7
N20002309,NI data zone,247,70,64,5,40,4,130,6
N20002310,NI data zone,338,115,95,29,77,18,107,2
N20002311,NI data zone,67,91,103,26,70,1,67,2
N20002312,NI data zone,235,71,71,31,42,7,122,4
N20002313,NI data zone,44,144,150,27,46,2,116,2
N20002314,NI data zone,38,51,73,17,34,11,76,2
N20002315,NI data zone,50,86,99,28,47,3,120,1
N20002316,NI data zone,31,79,89,19,30,6,74,3
N20002317,NI data zone,94,107,170,35,61,5,118,5
N20002318,NI data zone,250,127,114,39,59,12,83,156
N20002319,NI data zone,121,82,232,32,91,2,170,6
N20002320,NI data zone,78,134,182,23,103,7,216,5
N20002321,NI data zone,40,120,93,24,115,4,161,2
N20002322,NI data zone,35,101,188,51,91,11,155,10
N20002323,NI data zone,46,105,159,35,92,15,166,5
N20002324,NI data zone,52,133,226,50,84,8,105,9
N20002325,NI data zone,34,102,146,51,64,10,144,6
N20002327,NI data zone,39,94,87,33,42,6,66,2
N20002328,NI data zone,38,101,124,31,48,7,129,0
N20002329,NI data zone,34,158,153,33,78,0,197,4
N20002332,NI data zone,28,149,169,26,56,9,187,5
N20002334,NI data zone,57,192,175,24,67,6,185,3
N20002335,NI data zone,83,95,76,12,35,3,144,17
N20002336,NI data zone,114,104,144,48,71,10,158,1
N20002341,NI data zone,68,117,100,32,54,6,142,14
N20002342,NI data zone,113,63,78,18,39,9,176,4
N20002344,NI data zone,128,89,128,28,58,8,171,4
N20002349,NI data zone,150,93,81,23,99,9,198,4
N20002351,NI data zone,190,57,78,15,61,29,237,4
N20002364,NI data zone,185,44,64,4,40,9,106,16
N20002548,NI data zone,134,317,18,8,86,1,80,7
N20002549,NI data zone,27,243,44,47,102,10,73,15
N20002550,NI data zone,94,268,28,25,115,0,60,2
N20002551,NI data zone,18,159,41,33,90,4,70,4
N20002552,NI data zone,170,179,29,3,30,2,34,10
N20002553,NI data zone,167,138,26,4,35,0,60,4
N20002554,NI data zone,8,147,38,30,42,6,71,12
N20002555,NI data zone,22,228,26,33,112,4,80,6
N20002556,NI data zone,15,223,52,28,54,5,123,7
N20002557,NI data zone,2,326,34,61,72,0,73,3
N20002558,NI data zone,6,146,23,26,58,2,73,7
N20002559,NI data zone,17,171,32,27,39,5,82,4
N20002560,NI data zone,162,103,43,3,16,7,44,7
N20002561,NI data zone,287,64,22,5,13,0,38,2
N20002562,NI data zone,278,126,26,5,35,4,73,8
N20002563,NI data zone,64,399,30,20,131,6,87,3
N20002564,NI data zone,43,320,60,18,114,3,95,11
N20002565,NI data zone,21,129,38,4,36,2,53,4
N20002566,NI data zone,21,150,67,14,52,1,84,2
N20002567,NI data zone,9,261,75,16,61,2,130,7
N20002568,NI data zone,31,152,36,3,31,1,73,4
N20002569,NI data zone,43,146,46,15,63,6,50,1
N20002570,NI data zone,73,170,60,9,44,1,60,4
N20002571,NI data zone,7,245,63,13,104,4,58,4
N20002572,NI data zone,16,311,45,18,74,8,71,3
N20002573,NI data zone,20,197,74,9,115,4,66,6
N20002574,NI data zone,32,298,100,8,118,2,86,10
N20002575,NI data zone,1,83,42,1,13,3,30,5
N20002576,NI data zone,12,276,104,12,67,0,87,9
N20002577,NI data zone,320,144,25,1,40,4,48,5
N20002578,NI data zone,29,220,73,13,86,2,106,4
N20002579,NI data zone,22,266,85,11,62,0,106,6
N20002580,NI data zone,97,253,40,2,90,6,46,10
N20002581,NI data zone,179,249,37,7,81,5,66,9
N20002582,NI data zone,46,319,48,9,91,0,109,7
N20002584,NI data zone,167,237,60,5,121,5,79,13
N20002586,NI data zone,121,214,46,3,126,0,94,4
N20002587,NI data zone,178,26,11,2,25,3,84,10
N20002588,NI data zone,308,55,26,6,31,6,106,33
N20002589,NI data zone,343,35,15,0,29,1,78,6
N20002590,NI data zone,293,49,12,5,19,0,84,4
N20002591,NI data zone,126,102,47,2,27,3,54,5
N20002592,NI data zone,209,79,37,5,17,1,85,8
N20002593,NI data zone,404,68,16,8,41,4,100,13
N20002594,NI data zone,238,57,47,6,47,7,81,27
N20002595,NI data zone,153,149,59,24,64,2,112,19
N20002596,NI data zone,153,34,18,2,45,7,70,4
N20002597,NI data zone,133,103,28,7,33,2,79,10
N20002598,NI data zone,277,32,13,0,7,4,50,4
N20002599,NI data zone,101,130,44,9,47,0,69,10
N20002600,NI data zone,72,242,68,24,58,3,90,4
N20002601,NI data zone,190,75,27,2,55,3,90,21
N20002602,NI data zone,284,56,6,1,44,7,70,17
N20002603,NI data zone,122,226,52,16,73,3,104,11
N20002604,NI data zone,408,75,23,3,56,2,114,16
N20002605,NI data zone,271,46,11,1,115,2,80,27
N20002606,NI data zone,189,178,68,19,109,2,146,29
N20002607,NI data zone,40,125,35,19,13,3,51,17
N20002608,NI data zone,81,36,19,4,10,4,53,5
N20002609,NI data zone,62,161,57,6,32,1,78,7
N20002610,NI data zone,74,121,22,11,54,5,75,3
N20002611,NI data zone,192,61,29,2,134,0,111,27
N20002612,NI data zone,297,41,20,1,67,4,62,12
N20002613,NI data zone,170,126,44,2,136,16,129,131
N20002614,NI data zone,154,79,43,5,52,1,55,15
N20002615,NI data zone,82,80,40,6,112,4,136,99
N20002616,NI data zone,106,77,27,2,37,5,89,6
N20002617,NI data zone,95,69,48,0,155,8,156,252
N20002618,NI data zone,70,184,47,6,53,3,47,3
N20002619,NI data zone,38,193,95,11,73,10,143,10
N20002620,NI data zone,59,127,48,4,103,6,123,77
N20002621,NI data zone,53,170,63,22,34,2,76,6
N20002622,NI data zone,23,169,61,9,58,12,103,6
N20002623,NI data zone,29,145,52,12,41,5,61,3
N20002624,NI data zone,99,133,50,16,48,6,89,3
N20002625,NI data zone,14,104,44,2,50,3,88,36
N20002626,NI data zone,4,165,46,8,44,0,92,6
N20002627,NI data zone,16,88,22,7,33,9,48,6
N20002628,NI data zone,75,103,30,9,147,12,128,33
N20002629,NI data zone,32,254,97,9,67,5,124,16
N20002630,NI data zone,57,114,37,1,45,0,66,8
N20002631,NI data zone,22,169,59,7,39,5,88,3
N20002632,NI data zone,41,195,66,4,44,1,102,9
N20002633,NI data zone,79,168,52,7,73,6,94,8
N20002634,NI data zone,70,146,32,11,60,3,141,7
N20002635,NI data zone,49,180,36,7,72,0,62,1
N20002636,NI data zone,24,90,30,7,44,1,71,14
N20002637,NI data zone,46,227,60,21,72,7,112,12
N20002638,NI data zone,54,126,44,1,61,0,97,10
N20002639,NI data zone,262,252,33,4,54,0,64,10
N20002640,NI data zone,601,6,10,1,11,0,79,6
N20002641,NI data zone,433,10,8,0,9,5,18,3
N20002642,NI data zone,348,109,21,4,31,2,66,4
N20002643,NI data zone,256,167,16,1,30,0,38,13
N20002644,NI data zone,9,212,45,0,25,1,60,3
N20002645,NI data zone,41,385,46,17,89,0,92,7
N20002646,NI data zone,295,217,33,15,99,0,71,8
N20002647,NI data zone,66,411,41,9,68,3,116,9
N20002648,NI data zone,28,359,65,9,92,1,127,7
N20002649,NI data zone,99,179,17,1,58,4,43,4
N20002650,NI data zone,37,217,31,5,41,2,67,7
N20002651,NI data zone,28,241,39,7,49,6,71,7
N20002652,NI data zone,37,241,108,6,69,5,124,14
N20002653,NI data zone,27,289,24,28,75,6,72,3
N20002654,NI data zone,11,334,113,14,74,16,103,6
N20002655,NI data zone,236,114,41,9,39,10,91,17
N20002656,NI data zone,13,255,83,7,60,0,63,9
N20002657,NI data zone,10,137,62,0,18,1,47,8
N20002658,NI data zone,160,208,60,5,80,5,84,4
N20002659,NI data zone,15,106,54,2,41,1,57,2
N20002660,NI data zone,18,200,64,6,72,0,53,1
N20002661,NI data zone,23,170,48,10,27,5,74,4
N20002662,NI data zone,45,370,54,5,84,2,84,13
N20002663,NI data zone,149,241,71,6,155,5,112,9
N20002664,NI data zone,104,261,36,18,53,1,101,9
N20002665,NI data zone,9,120,29,10,28,8,60,5
N20002666,NI data zone,62,170,52,15,77,4,93,22
N20002667,NI data zone,37,152,17,8,41,2,84,9
N20002668,NI data zone,63,275,48,14,56,4,105,6
N20002669,NI data zone,27,165,56,6,87,4,131,16
N20002670,NI data zone,35,283,39,6,85,15,73,20
N20002671,NI data zone,47,201,79,17,109,13,196,18
N20002672,NI data zone,16,84,16,2,41,2,51,2
N20002673,NI data zone,8,146,75,1,51,0,153,11
N20002674,NI data zone,82,189,36,14,51,1,55,5
N20002675,NI data zone,19,176,29,5,38,3,43,6
N20002676,NI data zone,61,281,62,8,119,3,131,15
N20002677,NI data zone,39,260,54,4,113,0,93,5
N20002678,NI data zone,29,314,53,10,82,6,142,6
N20002679,NI data zone,11,237,44,5,57,3,85,1
N20002680,NI data zone,12,163,93,2,39,2,100,5
N20002681,NI data zone,32,282,80,7,51,5,144,6
N20002682,NI data zone,24,287,112,3,65,1,161,4
N20002683,NI data zone,14,202,45,10,52,5,108,5
N20002684,NI data zone,24,184,32,7,37,1,65,8
N20002685,NI data zone,196,55,43,6,12,0,39,4
N20002686,NI data zone,326,19,22,6,12,4,23,10
N20002687,NI data zone,502,13,21,4,3,1,44,8
N20002688,NI data zone,370,38,7,0,4,1,29,8
N20002689,NI data zone,168,93,43,7,66,0,91,5
N20002690,NI data zone,211,79,25,9,45,6,38,4
N20002691,NI data zone,279,168,56,6,31,6,93,5
N20002692,NI data zone,140,170,35,14,20,2,88,4
N20002693,NI data zone,65,101,63,7,21,0,82,1
N20002694,NI data zone,124,150,32,17,23,3,79,1
N20002695,NI data zone,111,152,39,35,32,4,83,5
N20002696,NI data zone,137,109,42,21,39,3,65,4
N20002697,NI data zone,140,140,47,18,30,1,69,1
N20002698,NI data zone,177,71,38,11,40,3,99,8
N20002699,NI data zone,116,178,44,36,38,3,106,4
N20002700,NI data zone,111,102,38,15,64,0,86,0
N20002701,NI data zone,120,105,32,5,24,1,79,6
N20002702,NI data zone,51,98,35,15,22,0,77,6
N20002703,NI data zone,63,71,35,10,23,1,44,2
N20002704,NI data zone,42,122,29,24,20,3,65,4
N20002705,NI data zone,69,112,38,21,33,4,118,5
N20002706,NI data zone,79,92,29,8,20,1,61,3
N20002707,NI data zone,56,158,51,6,28,4,94,5
N20002708,NI data zone,57,119,39,22,32,7,72,5
N20002709,NI data zone,39,318,103,16,46,0,179,11
N20002710,NI data zone,86,182,60,28,29,2,143,5
N20002711,NI data zone,93,113,33,23,27,1,86,5
N20002712,NI data zone,51,91,35,21,18,5,69,9
N20002713,NI data zone,84,149,43,37,29,5,105,2
N20002714,NI data zone,61,144,55,10,36,1,89,17
N20002715,NI data zone,157,137,56,27,34,2,87,5
N20002716,NI data zone,156,222,77,39,35,4,237,4
N20002717,NI data zone,92,82,26,7,20,2,63,2
N20002718,NI data zone,140,102,35,16,23,2,116,7
N20002719,NI data zone,60,175,51,10,33,3,99,4
N20002720,NI data zone,170,88,30,13,23,3,69,14
N20002721,NI data zone,80,38,31,0,8,1,32,8
N20002722,NI data zone,59,128,71,16,41,8,82,7
N20002723,NI data zone,46,117,61,14,28,8,129,20
N20002724,NI data zone,74,99,23,9,20,7,78,5
N20002725,NI data zone,45,83,32,7,33,4,61,3
N20002726,NI data zone,138,187,71,24,27,4,90,3
N20002727,NI data zone,117,95,51,2,42,5,99,18
N20002728,NI data zone,105,105,58,17,23,3,94,9
N20002729,NI data zone,36,55,16,3,16,0,19,6
N20002730,NI data zone,80,131,59,25,38,3,103,1
N20002731,NI data zone,99,166,64,22,52,3,162,10
N20002732,NI data zone,70,164,41,14,29,0,99,3
N20002733,NI data zone,121,119,36,13,40,3,103,3
N20002734,NI data zone,45,70,47,9,36,11,57,8
N20002735,NI data zone,92,132,52,23,58,6,131,20
N20002736,NI data zone,57,142,44,16,45,3,73,9
N20002737,NI data zone,126,164,44,15,60,4,146,6
N20002738,NI data zone,83,88,54,17,43,4,134,0
N20002739,NI data zone,25,296,65,19,20,10,174,6
N20002740,NI data zone,54,233,101,25,39,5,141,3
N20002741,NI data zone,14,209,78,13,37,3,110,8
N20002742,NI data zone,61,410,73,27,85,13,169,9
N20002743,NI data zone,22,345,117,26,85,8,269,10
N20002744,NI data zone,37,380,78,22,72,2,187,8
N20002745,NI data zone,16,225,79,12,30,2,160,2
N20002746,NI data zone,13,350,38,47,82,4,127,7
N20002747,NI data zone,23,322,80,17,36,3,123,3
N20002748,NI data zone,22,180,37,22,33,11,147,7
N20002749,NI data zone,16,133,38,12,45,0,119,1
N20002750,NI data zone,14,142,60,9,45,0,91,2
N20002751,NI data zone,27,217,73,27,59,5,153,7
N20002752,NI data zone,9,126,55,7,40,0,93,0
N20002753,NI data zone,18,177,62,7,50,3,108,6
N20002754,NI data zone,34,53,27,12,41,1,127,1
N20002755,NI data zone,54,155,64,37,57,8,120,3
N20002756,NI data zone,42,73,71,22,33,8,128,7
N20002757,NI data zone,67,126,67,13,41,2,166,7
N20002758,NI data zone,37,114,56,16,47,3,136,5
N20002759,NI data zone,24,55,26,19,15,1,77,4
N20002760,NI data zone,60,85,45,12,51,10,191,8
N20002761,NI data zone,66,103,88,30,64,11,190,7
N20002762,NI data zone,99,138,78,26,52,9,217,10
N20002763,NI data zone,18,185,52,23,44,0,119,4
N20002764,NI data zone,40,139,97,38,64,5,159,6
N20002765,NI data zone,43,169,98,28,65,7,175,3
N20002766,NI data zone,13,68,51,29,44,3,84,0
N20002767,NI data zone,27,87,85,15,53,6,130,5
N20002768,NI data zone,37,225,143,72,135,8,204,12
N20002769,NI data zone,45,157,74,33,75,3,172,6
N20002770,NI data zone,51,211,104,32,104,9,189,1
N20002771,NI data zone,26,88,48,15,40,2,106,1
N20002772,NI data zone,3,110,34,29,49,5,143,6
N20002773,NI data zone,24,114,55,40,42,1,108,4
N20002774,NI data zone,38,202,92,43,100,12,268,8
N20002775,NI data zone,41,232,148,42,114,9,179,4
N20002776,NI data zone,22,61,42,20,42,2,81,4
N20002777,NI data zone,21,128,77,34,52,0,112,2
N20002778,NI data zone,43,218,98,27,79,3,206,15
N20002779,NI data zone,25,129,63,26,41,7,143,13
N20002780,NI data zone,32,154,86,37,64,4,169,18
N20002781,NI data zone,21,174,82,31,82,3,194,6
N20002782,NI data zone,13,125,60,15,35,6,99,13
N20002783,NI data zone,18,117,78,20,54,2,93,4
N20002784,NI data zone,18,100,38,37,29,5,126,8
N20002785,NI data zone,16,109,66,17,50,6,85,0
N20002786,NI data zone,49,133,94,33,62,10,120,5
N20002787,NI data zone,32,97,47,32,40,1,143,8
N20002788,NI data zone,27,142,59,19,55,4,121,11
N20002789,NI data zone,63,129,104,37,39,6,126,6
N20002790,NI data zone,42,109,70,24,49,11,230,4
N20002791,NI data zone,22,101,44,30,33,12,115,6
N20002792,NI data zone,47,121,71,34,62,4,115,6
N20002793,NI data zone,25,90,43,34,33,2,57,15
N20002794,NI data zone,23,113,55,31,40,2,158,15
N20002795,NI data zone,29,144,67,19,52,3,152,29
N20002796,NI data zone,42,87,44,19,36,18,156,7
N20002797,NI data zone,51,97,55,23,40,8,205,11
N20002798,NI data zone,49,70,43,17,29,17,151,16
N20002799,NI data zone,95,133,51,22,40,6,155,3
N20002800,NI data zone,57,116,79,27,60,16,150,8
N20002801,NI data zone,22,75,28,15,31,5,34,3
N20002802,NI data zone,18,421,72,43,152,9,189,10
N20002803,NI data zone,27,144,60,34,34,10,125,7
N20002804,NI data zone,37,201,107,52,61,9,143,8
N20002805,NI data zone,31,132,91,36,63,4,122,2
N20002806,NI data zone,31,127,76,18,54,5,155,11
N20002807,NI data zone,16,81,68,31,34,2,51,1
N20002808,NI data zone,39,204,135,34,77,0,159,7
N20002809,NI data zone,32,267,79,34,86,5,134,6
N20002810,NI data zone,18,117,69,25,48,4,137,3
N20002811,NI data zone,24,110,43,38,43,0,92,6
N20002812,NI data zone,5,84,33,16,35,0,80,3
N20002813,NI data zone,11,131,65,33,51,2,165,7
N20002814,NI data zone,64,148,119,69,66,7,149,13
N20002815,NI data zone,5,77,46,18,26,2,108,5
N20002816,NI data zone,11,77,51,31,31,2,136,5
N20002817,NI data zone,18,105,72,28,31,6,141,10
N20002818,NI data zone,20,142,84,39,39,0,176,8
N20002819,NI data zone,20,168,86,37,48,0,181,15
N20002820,NI data zone,38,115,71,18,30,2,97,5
N20002821,NI data zone,26,133,132,27,68,4,228,11
N20002822,NI data zone,41,113,89,41,83,9,202,3
N20002823,NI data zone,62,194,101,29,79,4,218,3
N20002824,NI data zone,34,68,27,7,17,7,81,0
N20002825,NI data zone,83,241,99,29,72,4,184,10
N20002826,NI data zone,38,177,84,33,72,3,166,4
N20002827,NI data zone,51,130,42,19,80,1,158,3
N20002828,NI data zone,32,42,61,30,53,8,150,1
N20002829,NI data zone,26,79,111,51,92,19,177,9
N20002830,NI data zone,60,97,59,34,62,18,158,5
N20002831,NI data zone,26,68,51,36,25,6,95,6
N20002832,NI data zone,60,165,51,17,77,4,157,6
N20002833,NI data zone,24,77,63,34,47,2,143,12
N20002834,NI data zone,19,63,86,28,50,0,100,1
N20002835,NI data zone,60,108,92,29,95,15,221,7
N20002836,NI data zone,102,135,63,23,47,9,178,9
N20002838,NI data zone,588,206,59,1,54,1,92,14
