dz_2021_code,type,white,irish_traveller,roma,indian,chinese,filipino,pakistani,arab,other_asian,black_african,black_other,mixed,other_ethnicities
N20000001,NI data zone,734,0,0,0,0,0,0,0,1,0,0,3,0
N20000002,NI data zone,329,0,0,0,0,0,0,0,0,1,0,1,0
N20000003,NI data zone,365,0,0,0,0,0,0,0,0,0,0,0,0
N20000004,NI data zone,655,0,0,0,0,0,0,0,0,0,0,7,1
N20000005,NI data zone,676,0,0,0,0,0,0,0,0,0,0,0,0
N20000006,NI data zone,461,0,0,0,1,0,0,0,0,0,0,2,0
N20000007,NI data zone,877,0,0,1,0,0,0,0,0,2,0,0,0
N20000008,NI data zone,636,0,0,2,0,1,0,0,0,0,0,2,0
N20000009,NI data zone,392,0,0,0,0,0,0,0,0,1,0,8,0
N20000010,NI data zone,543,0,0,0,0,0,0,0,0,0,0,1,0
N20000011,NI data zone,512,0,0,0,0,0,0,0,0,7,0,6,0
N20000012,NI data zone,497,0,0,0,0,1,0,1,0,0,0,4,0
N20000013,NI data zone,407,0,0,0,0,0,0,0,0,0,0,0,1
N20000014,NI data zone,505,0,0,0,1,0,0,0,0,0,0,0,0
N20000015,NI data zone,579,0,0,5,0,0,0,0,1,1,0,0,0
N20000016,NI data zone,444,0,0,2,0,1,0,0,0,1,0,5,0
N20000017,NI data zone,667,0,0,0,0,1,0,0,1,5,0,2,0
N20000018,NI data zone,479,0,0,0,6,0,0,0,1,0,0,0,0
N20000019,NI data zone,369,0,0,4,1,0,0,0,0,14,0,5,0
N20000020,NI data zone,545,5,0,0,0,3,0,0,0,8,0,0,1
N20000021,NI data zone,540,0,0,0,0,0,0,0,0,0,0,4,1
N20000022,NI data zone,437,0,0,1,1,0,0,0,0,1,0,1,0
N20000023,NI data zone,491,0,0,0,1,0,0,0,0,0,0,4,3
N20000024,NI data zone,620,0,0,0,0,0,0,0,0,0,0,0,0
N20000025,NI data zone,360,0,0,28,0,19,3,0,0,0,0,5,0
N20000026,NI data zone,550,0,0,0,0,0,0,0,0,0,0,4,0
N20000027,NI data zone,459,0,0,64,9,26,0,0,0,0,0,1,0
N20000028,NI data zone,546,0,0,0,0,1,0,0,0,0,3,0,0
N20000029,NI data zone,545,0,0,0,0,0,0,0,0,2,0,4,0
N20000030,NI data zone,490,0,0,1,0,2,0,0,0,2,0,0,1
N20000031,NI data zone,524,0,0,3,0,0,0,0,0,4,0,0,0
N20000032,NI data zone,458,0,1,0,0,0,0,0,0,0,0,0,0
N20000033,NI data zone,536,0,0,0,0,0,0,0,0,0,0,0,0
N20000034,NI data zone,438,0,0,0,0,0,0,0,1,0,0,0,0
N20000035,NI data zone,592,0,0,35,4,9,0,5,0,6,1,17,2
N20000036,NI data zone,360,0,0,1,0,1,3,8,0,1,0,0,0
N20000037,NI data zone,395,0,0,0,2,0,0,4,9,4,6,1,0
N20000038,NI data zone,556,0,0,44,0,12,0,0,0,7,0,5,4
N20000039,NI data zone,480,2,0,3,0,0,1,0,0,1,0,13,0
N20000040,NI data zone,323,16,0,3,0,0,0,15,0,10,0,5,1
N20000041,NI data zone,831,0,0,52,11,26,0,0,1,0,0,9,1
N20000042,NI data zone,527,0,0,76,3,43,6,0,0,0,0,9,0
N20000043,NI data zone,715,0,0,68,19,8,0,0,0,3,0,4,2
N20000044,NI data zone,444,0,0,38,8,1,0,0,0,1,0,1,0
N20000045,NI data zone,430,0,0,16,0,15,0,0,0,0,0,5,0
N20000046,NI data zone,544,0,0,14,4,0,0,2,0,5,0,1,0
N20000047,NI data zone,480,0,0,6,7,14,2,0,0,0,0,6,1
N20000048,NI data zone,540,0,0,9,6,0,0,0,0,0,0,7,0
N20000049,NI data zone,504,0,0,35,3,10,0,0,0,2,0,0,0
N20000050,NI data zone,418,0,0,0,0,3,0,0,0,0,0,0,4
N20000051,NI data zone,474,0,0,6,2,0,0,0,1,0,1,9,0
N20000052,NI data zone,492,0,0,6,0,1,0,0,0,0,0,1,1
N20000053,NI data zone,382,0,0,16,0,0,0,0,0,9,0,1,0
N20000054,NI data zone,504,0,0,3,3,0,0,1,1,1,0,4,0
N20000055,NI data zone,318,0,0,1,11,0,0,0,0,3,0,3,0
N20000056,NI data zone,467,0,0,5,4,0,0,0,0,0,0,6,0
N20000057,NI data zone,431,2,0,8,13,0,0,0,0,6,0,4,0
N20000058,NI data zone,396,0,0,8,3,2,0,0,0,1,3,0,0
N20000059,NI data zone,383,0,0,8,0,0,0,0,0,11,0,10,1
N20000060,NI data zone,348,0,0,3,0,0,0,0,0,0,0,4,0
N20000061,NI data zone,362,0,0,8,0,0,9,0,1,0,0,3,0
N20000062,NI data zone,583,0,0,5,0,0,0,0,0,6,0,3,0
N20000063,NI data zone,321,0,0,28,0,0,0,3,1,0,0,1,0
N20000064,NI data zone,378,0,0,5,3,1,0,0,0,0,0,2,1
N20000065,NI data zone,485,0,0,2,0,0,4,0,0,0,0,0,0
N20000066,NI data zone,325,0,0,0,0,0,0,0,0,0,0,0,0
N20000067,NI data zone,498,0,0,0,0,0,0,11,0,0,0,12,0
N20000068,NI data zone,410,0,0,0,3,0,0,0,8,2,0,0,0
N20000069,NI data zone,451,0,0,0,0,0,4,0,1,1,0,4,0
N20000070,NI data zone,419,0,0,4,1,0,0,0,1,0,0,0,1
N20000071,NI data zone,313,0,0,7,5,0,0,0,1,4,0,3,6
N20000072,NI data zone,517,0,0,9,4,0,4,0,0,3,7,15,0
N20000073,NI data zone,465,0,0,2,1,0,0,0,1,0,0,2,0
N20000074,NI data zone,460,0,0,0,0,0,0,0,4,0,0,3,1
N20000075,NI data zone,411,0,0,8,0,1,0,0,0,1,0,5,6
N20000076,NI data zone,345,0,0,8,5,0,0,0,0,9,1,0,5
N20000077,NI data zone,298,1,0,3,1,0,0,0,0,2,0,1,0
N20000078,NI data zone,320,0,0,1,0,0,1,0,0,1,0,0,0
N20000079,NI data zone,379,0,0,1,0,0,0,0,2,2,1,2,0
N20000080,NI data zone,591,0,0,1,23,4,1,2,7,1,0,2,1
N20000081,NI data zone,325,0,0,4,0,0,0,0,0,4,0,0,1
N20000082,NI data zone,441,0,0,0,0,0,0,0,0,9,0,0,2
N20000083,NI data zone,269,0,0,0,1,0,0,0,0,0,0,0,0
N20000084,NI data zone,286,0,0,0,0,0,0,0,0,0,0,0,2
N20000085,NI data zone,566,0,0,8,1,1,0,5,0,0,2,8,4
N20000086,NI data zone,606,0,0,1,0,0,0,0,1,0,0,3,0
N20000087,NI data zone,472,0,0,0,0,0,0,0,0,0,1,0,0
N20000088,NI data zone,480,0,0,0,0,0,0,0,0,4,2,0,0
N20000089,NI data zone,674,0,0,0,0,0,0,0,0,1,0,4,0
N20000090,NI data zone,787,0,0,0,5,0,0,0,0,2,0,9,0
N20000091,NI data zone,500,0,0,0,2,0,0,0,2,0,0,4,0
N20000092,NI data zone,797,0,0,2,0,0,0,0,0,0,0,3,0
N20000093,NI data zone,401,0,0,0,0,0,0,0,1,0,0,6,0
N20000094,NI data zone,421,0,0,0,0,0,0,0,0,0,0,4,2
N20000095,NI data zone,392,0,0,1,1,0,0,0,0,0,0,3,0
N20000096,NI data zone,578,0,0,0,0,0,0,0,0,0,0,4,0
N20000097,NI data zone,559,0,0,2,0,0,0,1,0,2,1,7,1
N20000098,NI data zone,383,0,0,0,0,0,0,0,0,0,0,0,0
N20000099,NI data zone,462,0,0,0,1,1,0,0,0,0,0,0,0
N20000100,NI data zone,695,0,0,0,1,0,0,0,1,0,1,6,1
N20000101,NI data zone,457,0,0,2,1,0,0,0,0,0,0,2,1
N20000102,NI data zone,464,0,0,6,0,0,0,2,0,0,0,3,0
N20000103,NI data zone,349,0,0,0,2,1,0,0,1,0,0,0,0
N20000104,NI data zone,529,0,0,2,0,0,0,0,0,2,0,0,0
N20000105,NI data zone,401,1,0,1,0,0,0,0,2,2,0,0,0
N20000106,NI data zone,411,0,0,0,0,0,0,0,0,0,1,1,0
N20000107,NI data zone,379,1,0,4,0,1,0,0,0,5,2,9,1
N20000108,NI data zone,349,0,0,0,0,0,0,0,0,0,0,0,0
N20000109,NI data zone,547,0,0,1,1,0,0,0,0,0,0,3,0
N20000110,NI data zone,657,0,0,0,1,0,0,0,0,0,0,3,0
N20000111,NI data zone,548,0,0,0,1,0,5,0,2,0,0,1,0
N20000112,NI data zone,314,0,0,0,0,0,0,0,0,5,2,1,1
N20000113,NI data zone,394,0,0,0,7,0,0,0,0,0,1,0,0
N20000114,NI data zone,439,0,0,0,0,0,0,0,0,0,0,0,0
N20000115,NI data zone,715,0,0,5,1,0,0,0,0,0,0,6,0
N20000116,NI data zone,301,0,0,0,0,0,0,0,0,0,0,3,7
N20000117,NI data zone,339,0,0,1,0,1,0,0,0,0,0,2,0
N20000118,NI data zone,414,0,0,0,0,0,0,0,1,0,0,2,1
N20000119,NI data zone,330,0,0,2,0,0,0,0,0,0,0,0,0
N20000120,NI data zone,401,0,0,0,1,0,0,0,0,0,0,0,0
N20000121,NI data zone,691,0,0,0,0,0,4,0,0,1,0,8,1
N20000122,NI data zone,708,0,0,0,0,0,0,0,0,0,0,2,1
N20000123,NI data zone,481,0,0,0,2,0,0,0,1,0,0,5,0
N20000124,NI data zone,452,0,0,1,1,0,0,0,1,0,0,1,1
N20000125,NI data zone,428,0,0,1,2,0,0,0,1,6,0,3,0
N20000126,NI data zone,600,0,0,0,6,0,0,0,1,0,0,2,2
N20000127,NI data zone,191,0,0,0,0,0,0,0,0,0,1,1,0
N20000128,NI data zone,689,0,0,3,0,0,0,0,0,5,0,4,0
N20000129,NI data zone,809,0,0,5,0,0,0,0,0,1,1,7,3
N20000130,NI data zone,546,0,0,2,3,0,0,0,1,0,0,9,0
N20000131,NI data zone,390,0,0,2,0,0,0,0,0,0,0,0,0
N20000132,NI data zone,557,0,0,5,33,1,0,0,0,1,0,6,0
N20000133,NI data zone,724,0,0,0,8,0,4,0,0,0,0,4,0
N20000134,NI data zone,617,0,0,20,21,0,0,0,0,0,1,18,0
N20000135,NI data zone,521,0,0,0,0,0,0,0,0,0,0,0,2
N20000136,NI data zone,488,0,0,0,1,0,0,0,1,0,0,3,0
N20000137,NI data zone,445,0,0,2,0,1,0,0,0,2,0,6,1
N20000138,NI data zone,487,0,0,0,1,0,0,0,3,1,0,5,0
N20000139,NI data zone,458,0,0,0,0,0,0,1,0,1,0,2,0
N20000140,NI data zone,629,0,0,18,37,0,5,0,11,8,0,8,3
N20000141,NI data zone,339,0,0,0,3,0,0,2,0,0,0,4,3
N20000142,NI data zone,346,0,0,0,0,0,0,0,0,0,0,1,0
N20000143,NI data zone,595,0,0,7,9,1,3,0,0,2,0,8,0
N20000144,NI data zone,375,0,1,0,5,1,0,0,0,0,0,0,0
N20000145,NI data zone,260,0,0,0,0,0,0,0,0,0,0,0,0
N20000146,NI data zone,387,0,0,3,2,0,0,0,0,4,0,6,0
N20000147,NI data zone,503,0,0,0,0,0,0,0,0,0,0,0,0
N20000148,NI data zone,310,0,0,0,0,0,0,0,0,0,0,0,0
N20000149,NI data zone,592,0,0,18,1,1,1,0,1,1,0,0,0
N20000150,NI data zone,316,0,0,2,0,0,0,0,0,0,0,1,0
N20000151,NI data zone,588,0,0,10,3,0,0,0,1,1,0,4,3
N20000152,NI data zone,327,0,0,15,6,0,3,0,3,0,0,12,4
N20000153,NI data zone,544,0,0,0,0,0,0,0,0,1,0,0,1
N20000154,NI data zone,776,0,0,0,0,0,0,0,4,0,0,3,4
N20000155,NI data zone,345,0,0,0,1,0,0,0,0,5,0,4,0
N20000156,NI data zone,663,0,0,0,6,0,0,0,0,0,0,4,1
N20000157,NI data zone,662,1,0,0,0,0,2,0,0,1,0,8,1
N20000158,NI data zone,573,0,0,2,2,0,3,4,8,0,0,3,0
N20000159,NI data zone,378,0,0,0,4,1,0,0,0,0,0,1,1
N20000160,NI data zone,339,0,0,6,5,0,0,0,4,0,1,10,0
N20000161,NI data zone,495,0,0,22,5,5,0,0,0,1,0,12,7
N20000162,NI data zone,717,0,0,5,0,2,0,0,6,1,1,15,2
N20000163,NI data zone,506,0,0,3,12,0,1,0,0,5,0,4,0
N20000164,NI data zone,563,0,0,0,6,0,0,0,2,0,0,0,0
N20000165,NI data zone,436,0,0,4,2,3,0,0,0,10,0,4,1
N20000166,NI data zone,373,0,0,5,3,1,0,0,0,3,0,7,1
N20000167,NI data zone,286,0,0,1,0,0,1,1,0,10,3,5,0
N20000168,NI data zone,413,0,0,0,4,1,0,0,0,1,2,5,2
N20000169,NI data zone,413,0,0,0,1,5,0,0,0,3,0,7,0
N20000170,NI data zone,457,0,0,0,0,3,2,0,0,2,1,9,0
N20000171,NI data zone,411,0,0,16,4,16,0,0,0,0,1,8,0
N20000172,NI data zone,508,0,0,45,8,9,0,11,10,0,0,6,0
N20000173,NI data zone,619,0,0,7,0,0,0,0,0,3,2,7,1
N20000174,NI data zone,613,0,0,0,0,2,0,0,0,0,0,8,0
N20000175,NI data zone,379,4,0,22,0,15,4,0,4,9,0,0,4
N20000176,NI data zone,408,0,0,0,2,0,1,0,0,0,0,0,0
N20000177,NI data zone,319,1,0,15,7,0,0,0,0,8,2,3,0
N20000178,NI data zone,399,5,0,10,0,0,0,0,1,7,7,10,0
N20000179,NI data zone,530,0,0,8,3,25,12,0,0,9,0,4,0
N20000180,NI data zone,477,0,0,0,0,0,0,0,0,0,2,3,0
N20000181,NI data zone,456,0,0,1,2,0,0,0,0,0,0,1,2
N20000182,NI data zone,677,0,0,0,0,0,0,0,0,0,0,2,1
N20000183,NI data zone,407,0,0,0,6,0,0,0,0,4,0,5,1
N20000184,NI data zone,409,0,0,2,0,0,0,0,0,0,0,7,0
N20000185,NI data zone,233,0,0,4,1,0,0,0,1,0,0,2,1
N20000186,NI data zone,190,0,0,3,0,4,0,0,5,0,0,1,0
N20000187,NI data zone,362,0,0,0,0,1,1,0,0,0,0,6,1
N20000188,NI data zone,477,0,0,16,7,0,0,0,0,0,1,0,0
N20000189,NI data zone,566,0,0,0,0,0,0,0,0,5,0,1,0
N20000190,NI data zone,356,0,0,2,0,0,0,0,0,0,0,0,0
N20000191,NI data zone,391,0,0,0,0,0,0,0,6,3,1,4,0
N20000192,NI data zone,260,0,0,0,0,0,1,0,0,0,0,0,0
N20000193,NI data zone,234,0,0,0,0,1,0,0,0,0,0,3,0
N20000194,NI data zone,344,0,0,0,0,0,0,0,0,8,0,5,1
N20000195,NI data zone,527,0,0,0,1,0,0,0,0,2,0,1,0
N20000196,NI data zone,216,0,0,0,0,0,0,0,0,0,0,0,0
N20000197,NI data zone,211,0,0,0,1,0,0,0,1,0,0,0,0
N20000198,NI data zone,346,0,0,5,1,0,0,0,0,0,0,7,0
N20000199,NI data zone,500,0,0,0,4,0,0,0,0,0,0,4,4
N20000200,NI data zone,553,1,0,0,0,0,0,0,3,1,0,3,0
N20000201,NI data zone,550,0,0,1,3,1,0,0,0,4,0,5,3
N20000202,NI data zone,396,0,0,0,0,0,0,0,0,0,0,2,0
N20000203,NI data zone,280,0,0,0,8,1,14,1,3,0,0,7,0
N20000204,NI data zone,374,0,0,0,2,1,0,0,1,0,0,1,0
N20000205,NI data zone,304,0,0,2,5,2,0,0,2,0,0,3,1
N20000206,NI data zone,272,0,0,3,3,0,0,0,2,0,0,1,2
N20000207,NI data zone,444,2,0,1,0,1,0,0,0,0,0,0,0
N20000208,NI data zone,459,9,0,0,0,0,2,0,0,4,1,7,1
N20000209,NI data zone,470,7,0,3,0,0,0,0,1,5,0,10,3
N20000210,NI data zone,640,0,0,0,0,9,0,0,1,4,0,3,0
N20000211,NI data zone,590,0,0,7,1,0,0,0,3,5,1,7,0
N20000212,NI data zone,509,0,1,0,0,0,0,0,2,0,0,1,0
N20000213,NI data zone,387,0,0,0,0,0,3,0,0,1,0,0,0
N20000214,NI data zone,319,0,0,0,0,0,0,0,3,0,0,0,0
N20000215,NI data zone,476,0,1,8,10,1,0,0,3,0,0,1,0
N20000216,NI data zone,276,0,0,5,0,0,0,0,0,0,0,0,0
N20000217,NI data zone,566,0,0,6,16,0,0,0,5,0,0,2,0
N20000218,NI data zone,577,0,0,0,2,0,0,0,0,0,0,4,1
N20000219,NI data zone,675,0,0,18,4,0,16,0,0,4,0,3,1
N20000220,NI data zone,429,0,0,1,1,2,0,0,1,0,0,0,0
N20000221,NI data zone,508,0,0,5,0,0,5,1,0,0,1,1,0
N20000222,NI data zone,461,0,0,8,0,0,0,0,9,4,0,2,0
N20000223,NI data zone,480,0,0,0,0,1,0,0,5,0,0,6,0
N20000224,NI data zone,453,1,2,0,0,0,0,0,3,0,0,1,1
N20000225,NI data zone,297,0,0,8,2,0,2,0,1,0,0,0,0
N20000226,NI data zone,585,0,0,4,3,1,4,0,1,0,0,2,5
N20000227,NI data zone,474,0,0,14,0,1,0,0,0,0,0,0,0
N20000228,NI data zone,398,0,0,10,8,0,0,0,5,0,1,5,0
N20000229,NI data zone,443,0,0,0,6,0,0,0,8,2,0,3,0
N20000230,NI data zone,514,0,0,0,5,0,0,0,0,1,0,1,1
N20000231,NI data zone,463,0,0,7,1,1,6,0,7,0,0,4,0
N20000232,NI data zone,312,0,0,0,0,1,0,0,0,3,0,0,0
N20000233,NI data zone,461,0,0,1,1,0,3,0,0,0,0,6,6
N20000234,NI data zone,409,0,0,6,0,1,0,0,4,0,0,1,0
N20000235,NI data zone,331,1,0,5,0,1,4,6,4,0,3,10,0
N20000236,NI data zone,411,1,0,18,5,1,0,0,0,5,0,0,0
N20000237,NI data zone,401,0,0,8,1,0,0,0,1,0,0,5,0
N20000238,NI data zone,575,0,0,0,0,0,0,0,0,0,1,7,1
N20000239,NI data zone,459,0,0,0,1,0,0,0,0,0,0,3,0
N20000240,NI data zone,333,0,0,4,0,0,0,0,7,0,0,4,0
N20000241,NI data zone,281,0,0,6,0,0,0,0,0,0,0,0,4
N20000242,NI data zone,428,0,0,4,3,1,4,0,2,1,0,6,2
N20000243,NI data zone,343,0,0,0,0,0,0,0,0,0,0,6,6
N20000244,NI data zone,664,0,0,10,3,0,0,0,0,2,0,10,1
N20000245,NI data zone,388,0,1,9,1,0,0,0,0,0,0,0,0
N20000246,NI data zone,531,0,0,10,0,0,0,0,0,0,0,4,0
N20000247,NI data zone,434,0,0,8,0,1,0,0,3,0,0,8,0
N20000248,NI data zone,268,0,0,0,0,0,0,0,1,0,0,1,0
N20000249,NI data zone,336,0,0,10,1,0,0,1,0,0,0,5,0
N20000250,NI data zone,382,0,0,0,0,6,0,0,0,0,0,2,0
N20000251,NI data zone,703,0,2,0,0,1,0,0,0,2,1,5,0
N20000252,NI data zone,446,0,0,2,0,1,0,0,0,0,0,0,0
N20000253,NI data zone,612,0,0,0,0,3,0,0,0,2,0,1,0
N20000254,NI data zone,496,0,0,0,0,4,0,0,0,0,0,0,0
N20000255,NI data zone,504,0,0,6,6,0,0,0,9,8,0,13,0
N20000256,NI data zone,532,0,0,5,6,3,6,0,2,0,0,8,0
N20000257,NI data zone,301,0,0,0,1,1,0,0,0,1,0,3,1
N20000258,NI data zone,505,0,0,2,0,0,0,0,0,4,0,5,0
N20000259,NI data zone,574,0,0,4,4,0,0,0,0,0,0,6,0
N20000260,NI data zone,650,0,0,0,0,0,0,0,0,1,0,0,1
N20000261,NI data zone,877,0,0,0,3,0,0,0,1,0,0,12,0
N20000262,NI data zone,635,0,0,3,0,0,0,0,6,1,0,9,0
N20000263,NI data zone,545,0,0,7,0,0,0,1,3,2,0,4,0
N20000264,NI data zone,651,0,0,10,0,1,0,3,0,6,0,10,2
N20000265,NI data zone,516,0,0,10,0,4,0,0,0,0,0,7,0
N20000266,NI data zone,371,0,0,1,0,0,0,1,1,0,0,2,0
N20000267,NI data zone,790,0,0,0,0,5,3,0,4,0,0,6,0
N20000268,NI data zone,659,0,0,4,0,2,0,0,0,0,0,0,1
N20000269,NI data zone,637,0,0,1,7,0,0,0,1,0,0,0,1
N20000270,NI data zone,331,0,0,5,8,1,0,0,0,0,0,4,1
N20000271,NI data zone,499,0,0,0,5,0,0,0,0,0,1,6,0
N20000272,NI data zone,624,0,0,8,10,1,0,0,0,6,0,8,0
N20000273,NI data zone,394,0,0,0,4,0,0,0,1,0,0,6,0
N20000274,NI data zone,530,0,0,0,0,0,0,0,0,1,1,1,2
N20000275,NI data zone,476,0,0,5,0,4,0,0,0,1,0,4,1
N20000276,NI data zone,586,0,1,0,10,0,0,0,0,1,0,1,2
N20000277,NI data zone,419,0,0,8,5,0,0,0,0,0,0,2,0
N20000278,NI data zone,520,0,0,0,0,0,0,0,0,1,0,2,0
N20000279,NI data zone,1198,0,0,4,0,4,4,0,10,17,42,30,24
N20000280,NI data zone,650,0,0,1,0,0,0,1,0,0,0,8,0
N20000281,NI data zone,660,0,0,0,1,0,0,0,0,0,1,7,0
N20000282,NI data zone,422,0,0,0,0,1,0,0,0,1,0,0,5
N20000283,NI data zone,733,0,0,6,0,0,0,0,0,0,1,3,6
N20000284,NI data zone,606,5,0,0,1,1,0,0,0,0,0,5,0
N20000285,NI data zone,642,0,0,2,0,0,0,1,0,1,0,4,0
N20000286,NI data zone,518,0,0,0,0,2,0,0,0,0,0,0,0
N20000287,NI data zone,725,0,0,0,1,1,1,0,0,1,0,8,1
N20000288,NI data zone,446,0,0,4,13,0,0,5,6,0,1,2,0
N20000289,NI data zone,350,0,0,0,0,0,0,5,1,0,0,0,0
N20000290,NI data zone,298,0,0,0,0,0,0,0,0,1,0,0,3
N20000291,NI data zone,313,0,0,4,0,0,0,0,0,0,0,0,0
N20000292,NI data zone,557,0,0,0,1,0,0,1,0,0,0,3,0
N20000293,NI data zone,519,0,0,0,3,0,0,0,1,0,0,11,0
N20000294,NI data zone,722,0,0,0,0,0,1,0,0,0,0,2,1
N20000476,NI data zone,568,0,0,0,0,0,0,0,1,0,0,0,0
N20000711,NI data zone,733,0,0,1,12,0,0,1,9,3,0,5,0
N20000712,NI data zone,429,1,0,8,4,11,0,0,7,6,0,9,0
N20000713,NI data zone,542,0,0,0,9,14,0,0,1,7,0,10,0
N20000714,NI data zone,247,0,0,0,0,0,0,0,0,0,0,0,1
N20000715,NI data zone,559,1,0,5,1,0,1,0,0,5,0,9,0
N20000716,NI data zone,586,0,0,0,1,14,1,0,10,1,0,12,1
N20000717,NI data zone,580,0,0,0,3,0,0,0,0,4,0,5,0
N20000718,NI data zone,442,0,0,0,0,0,1,0,0,4,0,0,2
N20000719,NI data zone,510,1,1,1,1,0,0,0,2,3,0,7,0
N20000720,NI data zone,367,0,0,5,3,5,0,1,1,0,1,5,1
N20000721,NI data zone,318,0,0,0,7,28,0,0,0,0,0,4,2
N20000722,NI data zone,393,0,1,4,0,3,0,1,2,0,0,8,0
N20000723,NI data zone,538,0,0,4,4,7,1,0,3,7,0,6,1
N20000724,NI data zone,415,0,0,0,7,7,0,0,0,4,1,11,1
N20000725,NI data zone,349,0,0,0,0,7,0,5,0,7,1,1,2
N20000726,NI data zone,509,0,1,0,0,4,5,4,1,5,2,5,0
N20000727,NI data zone,381,0,0,5,1,0,0,0,0,0,0,3,0
N20000728,NI data zone,413,0,0,0,1,11,0,0,0,0,1,1,0
N20000729,NI data zone,348,0,0,1,7,0,0,0,0,1,0,2,0
N20000730,NI data zone,663,0,0,1,0,11,7,0,0,13,0,7,0
N20000731,NI data zone,516,0,0,31,8,137,7,0,0,6,1,13,9
N20000732,NI data zone,508,0,0,0,1,0,0,0,6,0,0,0,1
N20000733,NI data zone,579,0,0,0,1,0,0,0,3,0,0,3,5
N20000734,NI data zone,346,0,0,5,2,3,0,0,0,0,0,1,1
N20000735,NI data zone,515,0,0,0,2,0,0,1,0,0,0,0,0
N20000736,NI data zone,385,0,0,0,4,0,0,0,4,12,0,7,15
N20000737,NI data zone,460,0,0,0,0,12,6,0,0,7,2,3,1
N20000738,NI data zone,421,0,0,2,9,0,0,3,4,21,1,5,1
N20000739,NI data zone,304,0,0,0,0,0,0,0,0,0,0,5,0
N20000740,NI data zone,435,0,0,0,0,0,0,0,0,0,0,0,2
N20000741,NI data zone,431,0,0,0,1,1,0,3,1,6,0,4,1
N20000742,NI data zone,358,1,0,6,0,3,0,1,0,7,5,8,0
N20000743,NI data zone,427,0,0,3,8,1,0,0,0,4,0,6,0
N20000744,NI data zone,473,0,0,0,0,5,0,0,2,1,0,7,6
N20000745,NI data zone,340,3,6,17,0,0,0,2,3,20,1,7,2
N20000746,NI data zone,646,0,0,0,3,0,0,5,0,6,0,8,5
N20000747,NI data zone,356,2,0,3,0,0,0,0,0,9,8,10,0
N20000748,NI data zone,655,5,0,0,0,0,0,5,0,15,0,7,0
N20000749,NI data zone,593,1,0,1,0,2,0,0,7,23,4,17,0
N20000750,NI data zone,507,0,1,0,0,0,3,0,2,11,0,5,1
N20000751,NI data zone,411,1,1,0,4,0,0,0,0,9,0,0,1
N20000752,NI data zone,386,0,0,0,0,0,0,0,0,4,0,3,0
N20000753,NI data zone,479,0,0,0,0,0,0,8,0,0,0,3,0
N20000754,NI data zone,204,0,0,0,3,0,1,0,0,5,0,6,1
N20000755,NI data zone,491,6,0,0,1,1,0,0,0,0,1,2,0
N20000756,NI data zone,430,0,0,1,4,0,0,0,0,17,0,7,2
N20000757,NI data zone,380,0,0,4,0,0,0,11,0,32,0,10,5
N20000758,NI data zone,552,0,0,0,5,0,0,0,0,0,0,0,5
N20000759,NI data zone,344,0,0,5,10,0,0,0,0,53,3,11,3
N20000760,NI data zone,401,0,0,0,1,0,0,0,0,9,0,3,0
N20000761,NI data zone,521,0,0,0,0,0,0,0,0,0,0,7,1
N20000762,NI data zone,368,0,5,0,0,0,0,0,2,0,2,0,0
N20000763,NI data zone,364,0,0,3,0,0,0,0,0,3,0,3,0
N20000764,NI data zone,334,4,0,4,8,0,0,0,1,37,0,2,5
N20000765,NI data zone,359,0,0,0,1,0,0,1,0,0,0,6,3
N20000767,NI data zone,553,0,0,0,0,0,0,0,0,3,0,6,1
N20000768,NI data zone,479,3,0,0,0,0,0,0,1,0,0,1,0
N20000770,NI data zone,553,0,0,5,3,0,0,6,0,4,1,5,0
N20000775,NI data zone,425,0,0,1,0,2,0,0,0,1,4,6,2
N20000776,NI data zone,491,0,0,4,0,0,0,1,2,22,1,6,8
N20000787,NI data zone,505,0,0,0,0,0,0,0,0,7,1,4,0
N20000788,NI data zone,723,0,0,0,0,0,1,1,0,5,1,3,1
N20000789,NI data zone,438,0,0,0,4,0,0,1,0,0,0,7,0
N20000790,NI data zone,443,0,0,1,1,4,6,0,1,5,0,11,0
N20000791,NI data zone,480,0,0,4,1,7,0,1,3,1,0,5,2
N20000792,NI data zone,431,0,0,0,0,2,0,0,0,0,0,5,0
N20000793,NI data zone,507,0,0,0,0,0,0,0,7,1,0,10,0
N20000794,NI data zone,551,0,0,1,0,5,0,0,0,7,0,5,1
N20000795,NI data zone,615,0,0,1,3,15,4,0,3,0,0,5,5
N20000796,NI data zone,709,0,0,1,1,0,0,0,0,0,0,3,0
N20000797,NI data zone,506,0,0,1,6,1,0,0,0,4,0,13,0
N20000798,NI data zone,471,0,0,0,5,10,2,0,1,5,0,3,1
N20000799,NI data zone,555,0,0,0,0,2,0,1,0,0,1,3,0
N20000800,NI data zone,562,0,0,0,12,0,0,0,0,6,1,13,2
N20000801,NI data zone,488,0,1,0,0,8,0,0,0,2,1,0,0
N20000802,NI data zone,512,0,0,5,6,3,0,0,0,0,0,0,0
N20000803,NI data zone,531,0,1,0,0,0,0,0,0,1,2,3,6
N20000804,NI data zone,339,0,0,0,1,1,0,0,0,2,0,0,1
N20000805,NI data zone,555,0,0,3,4,0,0,0,0,0,7,3,0
N20000806,NI data zone,466,0,0,5,0,0,0,0,0,0,0,5,0
N20000807,NI data zone,594,0,0,6,0,0,0,0,2,0,0,1,1
N20000808,NI data zone,513,0,0,5,2,0,0,0,1,0,0,0,0
N20000809,NI data zone,540,0,0,6,10,0,0,0,1,0,0,1,1
N20000810,NI data zone,415,0,0,0,0,5,0,0,0,1,0,5,3
N20000811,NI data zone,614,0,0,6,14,5,1,0,0,2,0,1,1
N20000812,NI data zone,308,0,0,5,0,0,0,0,1,0,0,5,0
N20000813,NI data zone,246,0,0,0,0,0,0,0,0,1,0,0,0
N20000814,NI data zone,331,1,0,0,0,0,0,0,0,0,0,6,0
N20000815,NI data zone,364,0,0,5,0,0,0,0,0,0,0,0,3
N20000816,NI data zone,604,0,0,3,1,0,0,0,1,0,0,2,0
N20000817,NI data zone,720,1,0,11,0,2,0,0,0,0,1,2,10
N20000818,NI data zone,413,0,1,10,0,0,0,0,6,3,1,7,1
N20000819,NI data zone,348,0,0,0,1,0,0,0,0,6,0,1,0
N20000820,NI data zone,426,0,0,3,4,0,4,0,0,0,0,6,0
N20000821,NI data zone,282,3,0,4,1,6,1,0,0,6,1,14,0
N20000822,NI data zone,231,0,0,3,0,0,0,0,0,3,1,5,1
N20000823,NI data zone,492,0,0,0,0,1,0,0,0,1,3,4,0
N20000824,NI data zone,599,0,0,1,0,0,0,0,6,19,1,7,3
N20000826,NI data zone,278,0,0,11,0,8,0,0,3,0,0,7,1
N20000827,NI data zone,502,1,0,0,0,0,0,0,0,0,0,12,1
N20000828,NI data zone,310,0,0,1,0,17,0,0,0,3,1,7,1
N20000829,NI data zone,273,0,0,8,4,11,3,0,1,15,3,1,5
N20000830,NI data zone,352,0,0,9,3,0,0,0,1,0,0,9,2
N20000831,NI data zone,481,0,0,6,0,18,0,5,1,4,0,5,3
N20000832,NI data zone,285,1,0,0,2,6,0,0,0,11,0,5,0
N20000833,NI data zone,488,1,0,3,0,4,1,7,2,10,0,5,0
N20000834,NI data zone,321,0,0,4,0,0,3,0,0,7,2,4,0
N20000835,NI data zone,667,1,0,1,0,21,0,0,3,20,0,3,5
N20000836,NI data zone,439,0,2,3,10,0,0,8,4,18,0,8,4
N20000837,NI data zone,528,0,0,8,6,8,0,0,13,10,4,0,0
N20000838,NI data zone,426,0,0,0,6,0,0,5,0,12,0,14,0
N20000839,NI data zone,346,1,0,7,2,0,0,0,0,0,1,2,0
N20000840,NI data zone,342,0,5,0,4,5,0,0,5,3,1,12,4
N20000841,NI data zone,784,0,0,48,10,0,0,0,9,20,3,11,6
N20000842,NI data zone,269,0,0,1,11,6,1,3,5,14,0,9,1
N20000843,NI data zone,302,0,5,4,0,0,0,1,3,11,3,4,11
N20000845,NI data zone,304,0,8,8,4,1,0,0,0,10,1,2,6
N20000846,NI data zone,393,0,0,0,0,0,0,4,0,9,4,3,0
N20000848,NI data zone,459,1,5,2,0,1,0,0,1,1,1,6,0
N20000849,NI data zone,498,0,0,11,0,1,6,0,0,40,5,10,3
N20001236,NI data zone,690,0,0,0,0,0,0,0,7,1,1,5,0
N20001239,NI data zone,658,6,0,0,0,0,0,0,0,0,0,6,0
N20001240,NI data zone,516,0,0,0,5,0,2,0,0,0,0,8,1
N20001241,NI data zone,601,0,0,0,0,0,0,3,0,0,0,10,0
N20001242,NI data zone,716,1,0,0,0,0,0,0,1,1,0,11,0
N20001243,NI data zone,709,0,0,1,0,4,0,0,0,0,0,4,0
N20001246,NI data zone,709,0,0,0,0,4,0,5,0,5,0,0,0
N20001248,NI data zone,455,5,0,0,0,0,0,0,0,4,0,2,0
N20001250,NI data zone,397,0,0,0,0,4,0,0,6,0,1,0,0
N20001252,NI data zone,525,0,0,0,0,0,0,5,4,8,0,5,0
N20001267,NI data zone,561,0,0,0,8,0,0,0,1,0,0,5,0
N20001273,NI data zone,382,0,0,0,0,0,1,0,0,0,0,5,0
N20001279,NI data zone,600,0,0,1,5,0,0,0,0,0,2,0,0
N20001297,NI data zone,465,0,0,0,0,5,0,0,0,5,0,5,0
N20001298,NI data zone,637,0,0,1,0,5,0,1,2,2,0,1,0
N20001299,NI data zone,484,0,0,0,0,0,0,0,0,7,0,4,1
N20001300,NI data zone,614,8,0,0,1,0,4,0,0,4,2,1,0
N20001301,NI data zone,724,0,0,1,0,0,0,0,0,7,0,4,0
N20001302,NI data zone,497,0,0,0,0,0,0,0,0,0,0,0,0
N20001303,NI data zone,436,0,0,5,4,0,0,0,9,25,0,7,0
N20001305,NI data zone,528,0,0,0,0,6,0,0,0,0,0,3,5
N20001306,NI data zone,287,0,0,0,0,0,2,0,0,0,0,2,0
N20001308,NI data zone,801,39,0,0,3,0,0,4,0,0,1,0,0
N20001309,NI data zone,888,5,0,0,0,0,0,0,2,0,0,1,0
N20001310,NI data zone,599,0,0,0,0,0,0,0,6,5,1,3,0
N20001313,NI data zone,524,0,0,0,1,0,0,0,0,0,1,9,0
N20001314,NI data zone,625,3,0,0,5,0,0,0,1,12,0,6,0
N20001317,NI data zone,510,0,0,4,1,0,0,0,0,0,0,0,1
N20001320,NI data zone,468,0,0,0,0,0,0,0,0,0,0,0,0
N20001323,NI data zone,338,0,0,0,0,0,0,0,0,7,0,2,0
N20001325,NI data zone,741,0,0,1,0,0,0,0,1,0,5,10,0
N20001326,NI data zone,645,0,0,9,0,0,0,0,6,0,4,5,0
N20001327,NI data zone,431,0,0,0,0,0,0,0,0,0,0,3,0
N20001328,NI data zone,561,1,0,13,0,0,0,9,0,9,4,11,0
N20001329,NI data zone,288,0,0,11,0,1,0,0,0,2,1,1,0
N20001331,NI data zone,483,0,0,9,0,0,0,0,0,5,0,6,0
N20001332,NI data zone,468,0,0,0,0,0,0,0,0,7,0,9,1
N20001335,NI data zone,261,0,0,42,0,3,0,0,1,1,0,6,0
N20001338,NI data zone,331,38,0,1,0,1,0,0,1,1,0,0,0
N20001339,NI data zone,673,0,0,0,1,0,0,0,3,0,0,6,0
N20001341,NI data zone,315,2,0,0,0,1,0,0,0,0,0,3,0
N20001343,NI data zone,429,0,0,0,0,0,0,0,0,0,0,2,1
N20001344,NI data zone,315,0,0,1,0,1,0,0,0,0,0,5,0
N20001346,NI data zone,509,0,0,1,0,0,0,0,0,0,0,0,0
N20001348,NI data zone,446,0,0,3,5,4,0,0,0,0,0,3,0
N20001349,NI data zone,407,0,0,1,1,0,0,0,0,0,0,0,0
N20001351,NI data zone,623,0,0,0,1,0,0,0,2,3,2,0,0
N20001353,NI data zone,288,0,0,0,0,0,0,0,0,0,0,0,1
N20001356,NI data zone,659,0,0,0,2,0,0,1,0,0,0,4,1
N20001358,NI data zone,567,0,0,11,0,0,7,0,0,0,0,0,0
N20001359,NI data zone,556,0,0,0,0,0,0,0,0,0,0,0,0
N20001360,NI data zone,412,0,0,0,0,0,0,1,0,6,0,8,0
N20001362,NI data zone,496,0,0,0,0,0,0,0,2,0,0,0,1
N20001363,NI data zone,619,0,0,1,0,0,0,0,0,2,0,3,0
N20001365,NI data zone,462,4,0,0,1,1,0,8,0,3,0,2,3
N20001369,NI data zone,464,0,0,0,0,0,0,0,0,1,3,7,0
N20001370,NI data zone,512,1,0,0,0,4,0,0,0,3,1,3,0
N20001371,NI data zone,454,0,0,0,0,0,0,0,0,0,0,4,4
N20001372,NI data zone,331,0,0,0,0,0,0,0,0,4,0,1,0
N20001373,NI data zone,578,0,0,0,1,4,0,0,0,5,0,0,0
N20001374,NI data zone,472,1,0,0,0,1,0,0,0,1,0,2,0
N20001375,NI data zone,560,0,1,0,1,5,1,0,0,10,0,5,0
N20001376,NI data zone,206,0,1,0,0,1,0,0,0,1,0,0,0
N20001377,NI data zone,379,0,0,0,0,0,0,0,1,2,2,2,0
N20001378,NI data zone,525,0,0,0,1,25,0,0,0,4,0,2,0
N20001379,NI data zone,448,0,0,0,0,16,0,0,2,13,0,11,0
N20001380,NI data zone,642,0,0,0,1,0,0,0,0,4,0,0,0
N20001381,NI data zone,730,0,0,0,0,0,0,0,0,5,0,7,1
N20001382,NI data zone,406,0,0,0,0,3,0,0,0,7,0,8,0
N20001383,NI data zone,537,0,0,0,4,6,0,0,1,25,0,13,0
N20001384,NI data zone,574,1,0,2,2,3,0,1,0,8,0,1,1
N20001385,NI data zone,349,0,2,3,1,0,0,0,1,0,1,8,1
N20001386,NI data zone,381,0,0,0,0,8,0,0,0,0,0,6,0
N20001387,NI data zone,418,0,0,0,0,0,0,0,1,0,0,0,1
N20001388,NI data zone,497,1,0,0,0,0,0,0,0,0,1,0,0
N20001390,NI data zone,596,0,0,0,0,0,0,0,0,0,0,5,1
N20001391,NI data zone,433,0,0,0,2,7,0,0,0,1,1,1,1
N20001392,NI data zone,381,0,0,0,1,22,0,0,0,0,0,4,0
N20001393,NI data zone,200,0,0,0,0,2,0,4,0,4,0,0,0
N20001394,NI data zone,312,0,0,3,1,0,0,0,1,19,0,4,4
N20001395,NI data zone,290,0,0,0,0,0,0,1,0,1,0,0,1
N20001397,NI data zone,436,0,0,2,3,1,0,1,1,10,2,1,0
N20001399,NI data zone,559,0,0,0,0,0,0,0,2,0,0,0,1
N20001400,NI data zone,243,0,0,0,4,3,0,0,2,3,0,1,0
N20001401,NI data zone,649,0,0,1,1,13,0,2,3,9,1,3,3
N20001402,NI data zone,539,0,0,0,0,6,0,0,0,6,0,9,5
N20001403,NI data zone,269,0,0,0,0,6,0,0,1,0,3,0,0
N20001404,NI data zone,377,0,0,0,8,0,0,0,4,11,5,0,3
N20001405,NI data zone,513,0,0,0,0,4,0,0,0,1,3,2,0
N20001407,NI data zone,342,0,0,3,0,0,0,0,0,3,0,0,0
N20001408,NI data zone,330,0,0,0,0,0,0,1,0,0,1,0,0
N20001411,NI data zone,437,0,0,0,0,4,0,0,1,0,1,0,1
N20001413,NI data zone,553,0,0,3,0,0,1,0,0,5,0,5,0
N20001416,NI data zone,488,0,0,0,1,0,0,0,0,0,0,7,1
N20001417,NI data zone,368,0,0,0,1,15,0,0,0,0,0,3,1
N20001419,NI data zone,422,0,0,0,0,1,0,0,0,1,0,2,0
N20001420,NI data zone,306,0,0,4,3,0,0,5,3,0,6,3,5
N20001422,NI data zone,322,0,0,1,4,7,0,0,0,11,0,8,1
N20001424,NI data zone,620,1,0,0,0,10,0,0,0,0,0,4,0
N20001427,NI data zone,566,0,2,24,0,7,0,4,6,14,0,0,0
N20001428,NI data zone,532,0,0,11,0,0,0,7,0,14,3,6,2
N20001436,NI data zone,372,0,0,0,0,1,0,0,0,0,0,1,0
N20001514,NI data zone,714,0,0,0,0,1,0,1,0,0,0,3,0
N20001516,NI data zone,628,0,0,0,0,1,0,0,1,0,0,5,0
N20001518,NI data zone,828,0,0,3,13,1,0,2,1,0,0,10,0
N20001519,NI data zone,302,0,0,0,0,0,0,0,0,0,0,0,1
N20001521,NI data zone,538,0,0,2,0,0,0,0,0,0,1,0,0
N20001524,NI data zone,498,0,0,2,5,0,0,0,0,4,0,7,0
N20001526,NI data zone,468,0,0,0,0,0,0,0,2,0,0,1,0
N20001528,NI data zone,660,0,3,0,0,0,0,0,0,1,0,0,0
N20001530,NI data zone,735,0,0,2,0,0,0,0,0,5,1,6,0
N20001539,NI data zone,733,0,0,0,0,0,0,0,0,0,0,1,0
N20001540,NI data zone,527,0,0,0,5,0,0,0,0,0,0,5,0
N20001541,NI data zone,437,0,0,0,1,0,0,1,1,0,0,7,0
N20001543,NI data zone,701,0,0,0,6,0,0,0,0,3,0,0,0
N20001547,NI data zone,755,1,0,5,8,0,0,0,0,0,0,4,1
N20001548,NI data zone,638,0,0,15,24,0,6,0,16,15,1,9,0
N20001549,NI data zone,437,0,1,0,0,0,0,4,3,9,2,4,1
N20001550,NI data zone,465,0,0,0,1,0,0,0,0,4,0,3,0
N20001551,NI data zone,333,0,0,3,0,0,0,0,0,0,0,0,0
N20001552,NI data zone,440,0,0,0,0,0,0,0,2,0,0,2,3
N20001553,NI data zone,757,2,0,0,2,0,0,0,0,0,0,0,0
N20001554,NI data zone,482,0,0,0,0,0,0,0,0,0,0,0,1
N20001555,NI data zone,469,0,0,0,4,0,0,0,2,5,0,15,1
N20001556,NI data zone,277,0,0,5,8,1,0,0,6,0,0,0,0
N20001557,NI data zone,613,0,0,0,0,0,0,0,0,0,0,5,0
N20001558,NI data zone,538,0,0,0,0,0,0,0,0,0,0,3,0
N20001559,NI data zone,429,0,0,1,0,0,0,0,0,0,0,1,0
N20001560,NI data zone,500,0,0,4,1,0,0,0,1,0,0,3,0
N20001561,NI data zone,468,0,0,1,0,0,0,0,3,0,2,0,4
N20001562,NI data zone,325,0,0,7,1,7,0,0,1,11,1,4,1
N20001563,NI data zone,515,0,0,0,2,0,0,0,0,0,0,4,0
N20001564,NI data zone,409,0,0,0,0,0,0,0,0,0,0,1,1
N20001565,NI data zone,435,1,0,0,0,0,0,0,0,1,0,0,2
N20001566,NI data zone,307,0,0,0,0,0,0,0,0,0,0,5,0
N20001567,NI data zone,442,0,0,4,5,6,0,0,0,3,0,1,2
N20001568,NI data zone,452,0,0,0,0,0,0,0,3,0,0,3,1
N20001569,NI data zone,362,0,0,0,6,0,0,0,0,0,1,2,4
N20001570,NI data zone,447,1,0,4,1,5,0,0,1,0,0,3,4
N20001571,NI data zone,179,0,0,0,5,0,0,0,1,0,0,0,0
N20001572,NI data zone,522,0,0,4,2,6,0,1,0,5,0,8,1
N20001573,NI data zone,512,0,0,0,0,0,0,0,0,0,0,0,0
N20001574,NI data zone,591,0,0,0,7,0,0,0,0,0,0,6,3
N20001575,NI data zone,430,0,0,0,0,0,0,5,0,0,0,0,0
N20001576,NI data zone,374,0,0,10,3,0,3,0,0,4,0,2,7
N20001577,NI data zone,263,2,0,4,0,0,0,0,0,6,1,1,0
N20001578,NI data zone,293,0,0,0,0,0,0,0,2,3,0,0,1
N20001579,NI data zone,252,0,0,0,1,5,0,0,0,0,0,2,1
N20001580,NI data zone,537,0,0,2,4,0,0,0,0,0,1,1,0
N20001581,NI data zone,454,0,0,1,1,1,0,0,0,0,0,0,0
N20001582,NI data zone,454,1,0,4,3,0,3,0,0,0,0,6,0
N20001583,NI data zone,447,0,0,0,1,2,0,0,1,0,0,0,1
N20001584,NI data zone,366,0,0,0,0,0,0,1,0,0,0,0,0
N20001585,NI data zone,521,0,0,0,5,0,0,1,0,0,0,1,0
N20001586,NI data zone,417,0,0,0,6,0,0,0,5,0,0,7,0
N20001587,NI data zone,679,0,0,0,6,11,3,0,0,0,0,4,6
N20001588,NI data zone,372,0,0,4,0,0,0,0,1,0,0,0,0
N20001589,NI data zone,614,0,0,1,0,0,0,0,0,0,0,14,0
N20001590,NI data zone,463,0,0,0,2,0,4,1,0,0,0,1,1
N20001591,NI data zone,581,0,0,0,5,0,0,0,0,6,1,3,0
N20001592,NI data zone,419,0,0,0,0,0,0,0,1,0,0,2,0
N20001593,NI data zone,538,0,0,1,6,0,0,0,1,0,0,0,0
N20001594,NI data zone,511,0,1,5,7,0,0,0,0,0,0,1,2
N20001595,NI data zone,322,0,0,0,4,0,0,0,0,0,0,0,0
N20001596,NI data zone,595,0,0,5,0,0,4,1,1,0,0,1,1
N20001597,NI data zone,706,0,0,0,0,0,0,0,1,6,1,1,0
N20001598,NI data zone,318,0,0,1,0,0,0,0,0,1,0,3,1
N20001599,NI data zone,350,0,0,0,1,9,0,1,1,1,0,6,4
N20001600,NI data zone,303,0,0,0,0,0,0,0,0,0,0,0,0
N20001601,NI data zone,345,0,0,0,5,0,0,0,0,0,1,4,1
N20001602,NI data zone,344,0,0,0,0,0,0,0,2,0,0,5,2
N20001603,NI data zone,369,1,0,0,2,0,0,0,0,0,0,1,0
N20001604,NI data zone,523,1,1,0,0,0,0,0,2,1,0,11,0
N20001605,NI data zone,337,0,0,0,0,0,0,0,0,2,0,0,0
N20001606,NI data zone,246,0,0,0,1,0,0,0,0,0,0,2,0
N20001607,NI data zone,437,0,0,4,0,0,0,0,0,0,0,8,0
N20001608,NI data zone,312,0,0,0,0,0,1,0,0,0,0,4,1
N20001609,NI data zone,335,0,0,0,0,0,0,0,0,0,0,4,0
N20001610,NI data zone,524,0,0,0,0,0,0,0,0,0,0,11,0
N20001611,NI data zone,529,0,0,0,0,0,0,0,0,0,0,0,0
N20001612,NI data zone,475,2,0,1,2,0,0,0,0,0,0,2,1
N20001613,NI data zone,559,0,0,0,1,0,0,0,0,0,0,4,0
N20001614,NI data zone,474,0,0,3,1,0,0,0,0,1,0,7,1
N20001615,NI data zone,648,0,0,0,4,0,0,3,0,0,0,6,4
N20001616,NI data zone,553,0,0,0,2,0,0,0,0,0,0,3,2
N20001617,NI data zone,488,0,0,0,0,0,0,0,0,0,0,5,0
N20001618,NI data zone,495,0,0,0,0,0,0,0,1,0,0,0,0
N20001619,NI data zone,387,0,0,0,1,0,0,0,0,0,0,0,0
N20001620,NI data zone,363,0,0,0,0,0,0,0,0,0,0,0,0
N20001621,NI data zone,447,1,0,3,0,1,0,1,1,0,1,10,5
N20001622,NI data zone,432,0,0,0,0,1,0,0,0,0,0,0,2
N20001623,NI data zone,467,0,0,1,1,0,0,0,0,0,4,1,0
N20001624,NI data zone,419,0,0,0,0,0,0,0,0,0,0,4,0
N20001625,NI data zone,245,0,0,0,0,0,0,0,1,0,0,2,0
N20001626,NI data zone,449,0,0,0,1,0,0,0,0,6,0,7,0
N20001627,NI data zone,636,0,1,0,1,0,0,0,0,0,0,0,1
N20001628,NI data zone,284,0,0,0,0,0,0,0,0,0,0,2,0
N20001629,NI data zone,288,0,0,0,1,0,0,0,0,0,0,2,0
N20001630,NI data zone,435,0,0,0,1,0,4,1,7,3,0,12,0
N20001631,NI data zone,453,0,1,1,0,2,0,0,0,0,1,9,0
N20001632,NI data zone,627,0,0,0,0,0,0,0,0,0,0,4,1
N20001633,NI data zone,496,0,0,2,2,0,3,12,3,0,0,15,1
N20001634,NI data zone,616,0,0,1,0,1,0,0,0,0,0,1,1
N20001635,NI data zone,592,0,0,1,2,0,1,0,3,0,0,7,0
N20001636,NI data zone,496,0,0,0,0,0,0,0,0,0,1,9,1
N20001637,NI data zone,475,0,0,3,1,0,0,0,3,6,0,1,0
N20001638,NI data zone,634,0,0,2,0,2,1,2,0,0,0,11,0
N20001639,NI data zone,547,0,0,2,0,0,0,0,4,1,0,1,1
N20001640,NI data zone,467,0,0,0,1,0,0,0,0,0,0,3,0
N20001641,NI data zone,279,0,0,0,0,0,0,0,0,0,0,0,0
N20001642,NI data zone,491,0,0,0,0,0,1,0,0,0,0,3,0
N20001643,NI data zone,367,0,0,0,0,0,0,0,0,0,0,0,0
N20001644,NI data zone,708,0,0,0,0,0,0,0,0,0,0,5,4
N20001645,NI data zone,524,0,0,0,0,0,0,1,0,0,0,4,0
N20001646,NI data zone,288,0,0,0,0,0,0,0,0,0,0,0,0
N20001647,NI data zone,531,0,0,5,0,1,0,0,0,0,0,0,0
N20001648,NI data zone,298,0,0,0,1,0,0,0,0,0,0,0,0
N20001649,NI data zone,354,0,0,0,0,0,0,0,0,0,0,0,0
N20001650,NI data zone,357,0,0,0,1,0,0,0,0,0,0,2,0
N20001651,NI data zone,139,0,0,2,0,0,0,0,0,0,1,0,0
N20001652,NI data zone,501,0,0,0,2,0,0,0,0,0,0,1,1
N20001653,NI data zone,622,1,0,0,0,0,0,0,0,7,0,4,6
N20001654,NI data zone,245,0,0,5,0,0,0,0,0,0,0,1,1
N20001655,NI data zone,573,0,0,0,1,0,0,0,0,0,0,5,0
N20001656,NI data zone,766,0,0,4,0,0,0,0,0,0,0,8,0
N20001657,NI data zone,329,1,0,0,0,0,0,0,0,0,0,1,1
N20001658,NI data zone,564,0,0,1,0,0,0,0,0,2,0,0,0
N20001659,NI data zone,354,0,0,0,0,0,0,0,0,3,1,2,1
N20001660,NI data zone,899,1,0,0,3,0,0,0,0,0,0,3,0
N20001661,NI data zone,320,0,0,6,6,0,0,0,1,0,0,3,0
N20001662,NI data zone,456,0,0,5,0,0,0,0,0,1,0,1,0
N20001663,NI data zone,598,0,0,0,2,1,0,0,0,0,0,4,2
N20001664,NI data zone,371,0,0,0,1,0,0,0,0,0,0,4,0
N20001665,NI data zone,555,0,0,0,1,0,0,0,0,0,0,2,0
N20001666,NI data zone,513,0,0,0,0,0,0,0,0,1,0,4,2
N20001667,NI data zone,421,1,0,1,2,0,0,0,0,0,0,3,0
N20001668,NI data zone,638,0,0,0,0,0,0,0,0,1,0,0,0
N20001669,NI data zone,476,0,1,0,0,0,0,0,1,1,0,2,0
N20001670,NI data zone,364,0,0,0,0,0,0,0,1,0,0,0,0
N20001671,NI data zone,419,0,0,0,0,0,0,0,1,1,0,1,0
N20001672,NI data zone,609,0,0,0,0,0,0,0,0,0,0,5,0
N20001673,NI data zone,583,0,0,0,2,0,0,0,0,0,1,1,1
N20001674,NI data zone,629,0,0,0,0,0,0,0,0,2,0,2,0
N20001675,NI data zone,598,0,0,1,0,0,0,0,0,0,0,0,0
N20001676,NI data zone,548,0,0,0,0,0,0,0,0,0,0,1,0
N20001677,NI data zone,306,0,0,0,0,0,1,0,0,0,0,0,0
N20001678,NI data zone,583,0,0,0,0,0,0,0,0,0,0,0,0
N20001679,NI data zone,359,0,0,0,0,0,0,0,2,0,0,2,3
N20001680,NI data zone,550,0,0,0,4,0,1,0,0,0,0,3,3
N20001681,NI data zone,520,0,0,0,0,0,0,0,0,0,0,1,0
N20001682,NI data zone,372,1,0,0,0,1,0,0,0,0,0,0,1
N20001683,NI data zone,801,0,0,0,0,0,0,0,0,0,0,0,0
N20001684,NI data zone,710,0,0,0,0,1,0,0,0,0,0,12,1
N20001685,NI data zone,641,0,0,0,0,0,0,0,0,0,1,1,2
N20001686,NI data zone,625,0,0,6,7,0,0,0,0,1,0,5,0
N20001687,NI data zone,544,0,0,0,8,1,0,0,1,0,0,4,0
N20001688,NI data zone,410,0,0,0,0,0,0,0,0,4,0,6,0
N20001689,NI data zone,612,0,0,2,0,0,0,0,6,0,0,9,0
N20001690,NI data zone,350,0,0,0,0,0,0,0,0,0,0,0,0
N20001691,NI data zone,415,0,0,1,0,0,0,0,1,0,1,0,0
N20001692,NI data zone,633,0,0,0,0,0,0,0,2,0,0,3,0
N20001693,NI data zone,583,0,0,0,1,0,0,0,2,4,0,6,0
N20001694,NI data zone,296,0,0,0,0,4,0,0,0,1,0,2,0
N20001695,NI data zone,407,1,0,1,0,1,0,0,0,0,0,0,0
N20001696,NI data zone,516,0,0,3,4,1,0,0,0,0,0,1,0
N20001697,NI data zone,465,4,0,1,1,0,0,0,0,0,0,7,4
N20001698,NI data zone,426,1,0,7,0,0,0,2,0,0,0,1,0
N20001699,NI data zone,507,0,0,3,1,2,0,0,1,0,0,3,0
N20001700,NI data zone,372,0,0,0,0,0,0,0,3,0,1,0,0
N20001701,NI data zone,391,0,0,0,4,0,0,0,0,0,0,0,0
N20001702,NI data zone,779,0,0,1,0,0,0,0,0,0,0,0,0
N20001703,NI data zone,216,0,0,0,0,0,0,0,0,0,0,0,0
N20001704,NI data zone,312,0,0,0,0,0,0,0,0,0,0,0,0
N20001705,NI data zone,453,0,0,1,1,0,0,0,0,0,0,0,0
N20001706,NI data zone,471,1,0,1,0,0,1,0,0,0,0,0,0
N20001707,NI data zone,417,0,0,0,0,0,0,0,0,0,0,0,0
N20001708,NI data zone,518,0,0,0,0,0,2,0,0,0,0,0,0
N20001709,NI data zone,485,0,0,0,1,0,0,0,0,0,1,0,2
N20001710,NI data zone,732,0,0,1,1,0,0,0,0,0,0,9,0
N20001711,NI data zone,322,0,0,0,4,0,0,0,0,1,0,10,0
N20001712,NI data zone,457,0,0,0,0,0,0,0,0,0,1,2,0
N20001713,NI data zone,543,0,0,0,4,0,0,0,0,3,0,4,0
N20001714,NI data zone,413,0,0,0,0,0,0,0,0,0,1,0,0
N20001715,NI data zone,839,0,0,0,0,1,0,0,1,0,0,1,0
N20001716,NI data zone,879,0,0,0,0,1,0,0,1,0,0,2,0
N20001717,NI data zone,283,0,0,0,0,0,0,0,0,1,0,0,0
N20001718,NI data zone,305,0,0,0,0,0,0,0,0,0,2,3,0
N20001719,NI data zone,558,0,0,0,0,0,0,0,0,0,3,1,0
N20001720,NI data zone,748,0,0,0,0,0,0,0,0,1,0,2,0
N20001721,NI data zone,552,0,0,0,0,0,0,0,2,1,0,5,1
N20001722,NI data zone,774,0,0,0,0,0,0,0,0,1,0,0,0
N20001723,NI data zone,668,0,0,0,3,0,0,0,1,0,0,2,1
N20001724,NI data zone,549,0,0,0,0,0,0,0,0,0,1,4,0
N20001725,NI data zone,573,0,0,0,0,0,0,0,0,0,0,4,0
N20001726,NI data zone,602,0,0,0,1,1,0,0,0,1,1,11,0
N20001727,NI data zone,582,0,0,1,0,0,0,0,1,0,0,1,0
N20001728,NI data zone,337,0,0,1,0,2,0,0,0,0,0,1,0
N20001729,NI data zone,733,0,0,3,0,0,0,0,0,1,0,3,0
N20001730,NI data zone,289,0,0,0,0,0,0,0,0,0,0,0,0
N20001731,NI data zone,660,0,0,0,1,0,0,0,0,0,0,1,1
N20002287,NI data zone,518,0,0,0,2,0,0,1,0,3,0,7,0
N20002288,NI data zone,888,0,0,2,1,2,0,0,0,0,0,0,0
N20002289,NI data zone,853,47,0,0,0,0,0,0,0,0,2,2,0
N20002290,NI data zone,482,0,0,0,0,0,0,0,0,0,0,0,1
N20002291,NI data zone,373,4,0,0,0,0,0,0,0,0,0,6,1
N20002292,NI data zone,676,3,0,0,0,0,0,0,1,0,0,1,0
N20002293,NI data zone,508,0,0,0,0,0,6,0,0,0,0,0,0
N20002294,NI data zone,512,0,0,0,0,0,0,0,0,0,0,0,0
N20002295,NI data zone,614,0,0,0,3,1,0,0,0,0,2,5,0
N20002296,NI data zone,702,0,0,0,1,5,0,0,0,4,1,5,2
N20002297,NI data zone,557,0,0,0,0,2,0,0,1,1,0,10,1
N20002298,NI data zone,456,0,0,0,4,0,0,0,0,0,0,4,1
N20002299,NI data zone,501,0,0,0,1,0,0,0,0,0,0,0,0
N20002300,NI data zone,577,0,0,0,0,0,0,0,1,0,0,2,0
N20002301,NI data zone,330,0,0,0,0,0,0,0,0,0,0,3,0
N20002302,NI data zone,462,0,0,0,0,0,0,0,1,0,0,3,1
N20002303,NI data zone,550,0,0,0,1,0,0,0,0,0,0,5,0
N20002304,NI data zone,374,0,0,0,0,0,0,0,1,1,0,3,0
N20002306,NI data zone,551,0,0,14,8,0,0,0,1,0,0,8,3
N20002308,NI data zone,474,0,0,0,14,0,4,0,2,1,0,0,0
N20002309,NI data zone,547,0,0,0,11,0,0,0,0,1,1,5,2
N20002310,NI data zone,744,0,0,5,23,0,0,4,0,0,0,4,0
N20002311,NI data zone,423,0,0,0,0,0,0,0,1,0,0,3,0
N20002312,NI data zone,551,0,0,5,8,1,0,0,1,1,0,12,4
N20002313,NI data zone,514,0,0,0,15,0,0,0,1,0,0,3,0
N20002314,NI data zone,285,0,0,4,6,4,0,2,0,1,0,0,0
N20002315,NI data zone,405,0,0,14,7,0,0,0,0,4,0,3,0
N20002316,NI data zone,320,0,0,0,0,0,0,0,1,7,0,3,0
N20002317,NI data zone,590,0,0,0,0,0,0,0,3,1,0,0,1
N20002318,NI data zone,798,17,0,0,3,0,4,0,4,5,3,5,0
N20002319,NI data zone,724,0,0,3,0,0,0,0,1,4,0,4,0
N20002320,NI data zone,745,0,0,0,0,2,0,0,0,0,0,1,0
N20002321,NI data zone,555,0,0,0,0,0,0,0,0,2,0,0,0
N20002322,NI data zone,635,0,0,0,0,2,0,0,0,1,0,6,0
N20002323,NI data zone,602,0,0,1,0,1,0,1,0,0,0,17,1
N20002324,NI data zone,660,0,0,1,0,0,0,1,1,0,0,3,0
N20002325,NI data zone,553,0,0,0,0,0,0,0,2,0,0,2,0
N20002327,NI data zone,362,1,0,0,0,1,0,5,0,0,0,0,0
N20002328,NI data zone,461,0,0,6,6,7,0,0,0,0,1,4,0
N20002329,NI data zone,631,0,0,0,8,0,0,0,0,5,0,12,0
N20002332,NI data zone,610,0,0,4,5,0,0,1,0,0,0,8,0
N20002334,NI data zone,702,0,0,0,0,0,0,0,2,0,4,0,1
N20002335,NI data zone,463,0,0,1,0,0,0,0,0,1,0,0,0
N20002336,NI data zone,619,0,0,8,9,0,5,0,0,0,0,6,3
N20002341,NI data zone,511,0,0,10,6,0,0,1,1,0,0,4,0
N20002342,NI data zone,474,1,0,6,13,0,2,0,0,0,0,1,3
N20002344,NI data zone,591,0,0,5,9,3,0,0,1,0,0,4,1
N20002349,NI data zone,609,0,0,21,17,0,5,0,1,0,0,4,1
N20002351,NI data zone,608,0,0,34,5,7,5,0,1,8,0,4,0
N20002364,NI data zone,461,0,0,4,0,2,0,0,0,0,0,2,0
N20002548,NI data zone,649,0,0,0,0,0,0,0,1,0,0,0,0
N20002549,NI data zone,558,0,0,0,1,0,0,0,0,0,0,1,0
N20002550,NI data zone,592,0,0,0,0,0,0,0,0,0,0,0,0
N20002551,NI data zone,418,0,0,0,0,0,0,0,0,0,0,0,1
N20002552,NI data zone,455,0,0,0,0,0,0,0,0,0,1,1,0
N20002553,NI data zone,434,0,0,0,0,0,0,0,0,0,0,0,0
N20002554,NI data zone,348,0,0,0,0,2,0,0,0,2,1,1,0
N20002555,NI data zone,509,0,0,0,1,0,0,0,0,0,0,1,0
N20002556,NI data zone,497,0,0,0,1,0,0,0,0,6,0,2,0
N20002557,NI data zone,559,0,0,5,1,0,0,0,0,0,0,6,0
N20002558,NI data zone,336,0,0,0,3,0,0,0,0,0,0,0,1
N20002559,NI data zone,369,0,0,0,6,0,0,0,1,0,0,2,0
N20002560,NI data zone,377,0,1,0,0,1,0,0,1,0,0,4,0
N20002561,NI data zone,427,0,0,0,3,0,0,0,0,0,0,1,0
N20002562,NI data zone,549,0,0,0,0,0,0,0,0,3,1,1,1
N20002563,NI data zone,731,0,0,1,0,0,0,0,0,0,0,8,0
N20002564,NI data zone,656,0,0,0,3,0,0,0,0,0,2,1,2
N20002565,NI data zone,273,0,0,0,9,0,4,0,0,0,0,0,1
N20002566,NI data zone,390,0,0,0,1,0,0,0,0,0,0,0,0
N20002567,NI data zone,552,0,0,0,0,0,0,0,2,0,0,7,0
N20002568,NI data zone,327,0,0,0,1,0,0,1,0,0,0,1,0
N20002569,NI data zone,352,0,0,3,10,0,0,0,0,1,0,5,0
N20002570,NI data zone,416,0,0,0,5,0,0,0,1,0,0,0,0
N20002571,NI data zone,497,0,0,0,0,0,0,0,0,1,0,0,0
N20002572,NI data zone,547,0,0,0,2,0,0,0,0,0,0,0,0
N20002573,NI data zone,482,0,0,0,1,0,0,0,0,1,0,6,1
N20002574,NI data zone,647,0,0,0,1,0,0,0,0,0,1,5,0
N20002575,NI data zone,177,0,0,0,0,0,0,0,0,0,1,0,0
N20002576,NI data zone,566,0,0,0,0,0,0,0,0,1,0,0,0
N20002577,NI data zone,585,0,0,0,0,0,0,0,0,0,0,1,2
N20002578,NI data zone,528,0,0,0,0,0,0,0,2,1,0,0,2
N20002579,NI data zone,555,0,0,0,0,0,0,0,0,0,0,3,0
N20002580,NI data zone,539,0,0,0,0,0,0,0,1,0,0,3,0
N20002581,NI data zone,630,0,0,0,0,0,0,0,0,0,0,2,1
N20002582,NI data zone,624,0,0,0,0,0,0,0,0,5,0,0,0
N20002584,NI data zone,685,0,0,0,1,0,0,0,0,0,0,0,0
N20002586,NI data zone,600,1,0,0,0,0,0,0,0,0,0,0,6
N20002587,NI data zone,331,1,0,0,0,2,0,0,0,1,0,3,0
N20002588,NI data zone,526,21,17,0,0,0,2,0,5,0,0,0,0
N20002589,NI data zone,493,5,0,0,0,5,0,0,0,0,0,1,3
N20002590,NI data zone,461,0,0,0,2,1,0,2,0,0,0,1,0
N20002591,NI data zone,359,0,0,2,1,0,0,0,0,2,0,0,1
N20002592,NI data zone,437,0,1,0,0,0,0,0,1,0,0,1,1
N20002593,NI data zone,653,0,0,0,0,0,0,0,0,0,0,0,1
N20002594,NI data zone,449,52,0,4,0,1,0,0,0,0,0,4,0
N20002595,NI data zone,575,5,0,0,1,0,0,0,0,0,0,1,0
N20002596,NI data zone,327,0,0,0,3,0,0,0,0,0,0,0,3
N20002597,NI data zone,381,0,10,0,2,0,0,0,0,0,0,3,0
N20002598,NI data zone,383,0,0,0,5,0,0,0,0,0,0,0,0
N20002599,NI data zone,399,0,0,0,0,3,0,0,0,0,0,8,1
N20002600,NI data zone,548,0,0,0,8,0,0,0,0,0,0,4,0
N20002601,NI data zone,427,14,3,3,0,6,0,0,0,2,0,2,3
N20002602,NI data zone,480,1,0,4,0,0,0,0,0,0,0,0,0
N20002603,NI data zone,605,0,0,0,0,0,0,0,0,0,0,1,1
N20002604,NI data zone,665,0,15,0,1,4,0,0,0,4,1,3,7
N20002605,NI data zone,535,0,11,4,0,0,0,0,0,0,1,1,3
N20002606,NI data zone,717,3,5,0,0,0,0,0,1,0,0,6,5
N20002607,NI data zone,301,0,0,0,4,0,0,0,2,1,0,0,0
N20002608,NI data zone,195,6,0,0,0,2,0,0,0,2,0,6,0
N20002609,NI data zone,390,0,8,0,1,0,0,0,1,2,0,1,1
N20002610,NI data zone,361,0,0,0,0,2,0,0,0,0,0,1,0
N20002611,NI data zone,508,0,28,0,2,8,0,0,1,1,0,8,0
N20002612,NI data zone,487,3,0,4,9,0,0,0,0,0,1,1,0
N20002613,NI data zone,607,0,109,1,1,6,6,0,6,0,0,7,10
N20002614,NI data zone,395,0,0,0,0,8,0,0,0,0,1,0,0
N20002615,NI data zone,441,0,98,0,8,4,0,0,0,2,0,0,6
N20002616,NI data zone,332,6,0,0,0,1,0,0,1,0,4,5,0
N20002617,NI data zone,494,0,265,0,1,3,4,0,0,8,0,2,8
N20002618,NI data zone,410,0,0,0,1,2,0,0,0,0,0,0,0
N20002619,NI data zone,554,0,0,0,0,1,10,0,0,0,0,3,5
N20002620,NI data zone,455,0,78,0,4,0,0,1,1,1,0,5,1
N20002621,NI data zone,416,0,0,1,1,0,0,0,0,0,0,5,1
N20002622,NI data zone,433,0,1,0,0,0,5,0,0,0,0,1,0
N20002623,NI data zone,327,0,0,5,7,5,0,0,0,1,0,2,0
N20002624,NI data zone,437,1,0,0,0,0,2,0,1,0,0,2,0
N20002625,NI data zone,307,0,28,0,0,2,0,0,0,0,0,0,3
N20002626,NI data zone,362,0,0,0,0,0,0,0,0,0,0,4,0
N20002627,NI data zone,214,0,0,0,0,0,8,0,0,2,0,2,0
N20002628,NI data zone,484,0,28,0,3,0,1,0,5,7,0,9,0
N20002629,NI data zone,593,0,8,0,0,0,0,0,0,0,0,0,1
N20002630,NI data zone,319,0,0,1,5,1,0,0,0,0,0,0,1
N20002631,NI data zone,388,0,0,0,0,0,2,0,0,0,0,1,1
N20002632,NI data zone,445,0,0,0,4,3,0,0,0,9,0,1,0
N20002633,NI data zone,462,0,0,9,0,0,0,0,9,0,0,7,0
N20002634,NI data zone,457,0,0,0,5,0,0,0,0,0,0,6,1
N20002635,NI data zone,396,0,0,2,3,0,0,0,0,0,0,4,1
N20002636,NI data zone,276,0,0,0,3,0,0,0,0,0,0,1,1
N20002637,NI data zone,553,0,0,0,0,0,0,0,0,0,0,3,0
N20002638,NI data zone,384,0,0,0,3,0,0,0,0,2,0,4,0
N20002639,NI data zone,674,0,0,0,1,1,0,0,0,0,0,3,0
N20002640,NI data zone,699,0,0,0,1,4,0,0,0,0,1,9,0
N20002641,NI data zone,481,0,0,0,1,0,0,0,0,0,0,3,1
N20002642,NI data zone,585,0,0,0,0,0,0,0,0,0,0,0,0
N20002643,NI data zone,514,0,0,0,0,0,0,0,1,0,0,3,0
N20002644,NI data zone,351,0,0,0,0,0,0,0,0,0,1,1,0
N20002645,NI data zone,673,0,0,0,0,0,0,0,0,0,0,5,0
N20002646,NI data zone,736,0,0,0,0,1,0,0,0,0,0,0,1
N20002647,NI data zone,718,0,0,0,1,0,0,0,0,0,0,0,3
N20002648,NI data zone,681,0,0,0,0,1,0,0,0,1,0,4,0
N20002649,NI data zone,403,0,0,0,1,0,0,0,0,0,0,0,1
N20002650,NI data zone,406,0,0,0,0,0,0,0,0,0,0,1,0
N20002651,NI data zone,444,0,2,0,2,0,0,0,1,0,0,1,0
N20002652,NI data zone,602,0,0,1,0,0,0,0,0,0,0,1,0
N20002653,NI data zone,522,0,0,0,0,0,0,0,0,0,1,1,0
N20002654,NI data zone,668,0,0,0,0,0,0,0,0,0,2,0,1
N20002655,NI data zone,551,0,0,0,0,0,4,0,0,2,0,0,0
N20002656,NI data zone,484,0,1,0,4,0,0,0,0,0,0,0,1
N20002657,NI data zone,280,0,0,0,0,0,0,0,0,1,0,2,0
N20002658,NI data zone,598,0,0,4,0,0,0,0,0,1,0,1,2
N20002659,NI data zone,276,0,0,0,0,0,0,0,1,0,0,0,1
N20002660,NI data zone,411,0,0,0,0,0,0,0,0,0,0,0,0
N20002661,NI data zone,351,0,0,1,0,0,0,0,0,1,0,7,0
N20002662,NI data zone,653,0,0,0,0,1,0,0,0,0,1,2,0
N20002663,NI data zone,747,0,0,0,0,0,0,0,0,0,0,0,1
N20002664,NI data zone,573,0,0,0,0,2,0,0,0,4,0,2,2
N20002665,NI data zone,261,0,0,0,0,0,0,0,0,6,0,0,1
N20002666,NI data zone,466,0,25,1,0,0,0,0,1,4,0,2,0
N20002667,NI data zone,337,0,0,0,0,4,0,0,1,3,0,4,0
N20002668,NI data zone,569,0,0,0,0,2,0,0,0,0,0,0,0
N20002669,NI data zone,483,0,3,0,0,0,0,0,0,0,0,1,5
N20002670,NI data zone,546,0,0,5,0,0,0,1,0,1,1,2,0
N20002671,NI data zone,652,0,0,0,4,0,0,0,3,4,1,9,6
N20002672,NI data zone,210,0,0,0,0,0,0,0,0,2,0,1,0
N20002673,NI data zone,433,0,0,0,9,0,0,0,0,0,1,0,1
N20002674,NI data zone,433,0,0,0,0,0,0,0,0,0,0,1,0
N20002675,NI data zone,314,0,0,0,1,0,0,0,0,0,0,4,0
N20002676,NI data zone,675,0,0,0,0,0,0,0,0,0,0,4,0
N20002677,NI data zone,568,0,0,0,0,0,0,0,0,0,0,0,0
N20002678,NI data zone,635,0,0,0,0,0,0,0,0,1,0,4,0
N20002679,NI data zone,441,0,0,0,0,0,0,0,0,0,0,2,0
N20002680,NI data zone,411,0,0,1,0,1,0,0,2,0,0,0,0
N20002681,NI data zone,595,1,0,0,1,8,0,0,0,0,0,0,1
N20002682,NI data zone,653,0,0,1,0,0,0,0,0,3,0,1,0
N20002683,NI data zone,435,0,0,0,1,1,0,0,0,0,0,4,0
N20002684,NI data zone,357,0,0,0,0,0,0,0,0,0,0,1,0
N20002685,NI data zone,352,0,0,1,0,0,0,0,0,0,0,2,0
N20002686,NI data zone,419,0,0,0,0,0,0,0,0,0,0,0,3
N20002687,NI data zone,587,0,0,1,1,0,0,0,1,0,0,5,1
N20002688,NI data zone,451,0,0,0,0,0,0,0,0,2,0,4,0
N20002689,NI data zone,465,0,0,0,0,0,0,0,1,1,0,4,1
N20002690,NI data zone,417,0,0,0,0,0,0,0,0,0,0,0,0
N20002691,NI data zone,633,0,0,3,4,0,0,0,0,2,0,2,0
N20002692,NI data zone,459,0,0,2,0,1,0,0,0,0,0,11,0
N20002693,NI data zone,343,0,0,0,0,0,0,0,0,0,0,0,0
N20002694,NI data zone,430,0,0,0,0,0,0,0,0,0,0,0,0
N20002695,NI data zone,460,0,0,0,0,0,0,0,0,0,0,1,0
N20002696,NI data zone,416,0,0,2,0,0,0,0,0,0,0,2,0
N20002697,NI data zone,444,0,0,0,1,0,0,0,0,0,0,0,1
N20002698,NI data zone,441,0,1,0,0,0,0,0,1,0,0,4,0
N20002699,NI data zone,517,0,0,0,0,0,0,0,0,0,1,4,0
N20002700,NI data zone,415,0,0,0,0,0,0,0,0,0,0,0,1
N20002701,NI data zone,364,0,0,0,0,4,0,0,0,4,0,0,0
N20002702,NI data zone,302,0,0,1,0,0,0,0,0,0,0,0,0
N20002703,NI data zone,249,0,0,0,0,0,0,0,0,0,0,0,0
N20002704,NI data zone,306,0,0,0,0,0,0,0,0,0,1,2,0
N20002705,NI data zone,398,0,0,0,0,0,0,0,0,0,0,0,2
N20002706,NI data zone,290,1,0,0,0,0,0,0,0,0,1,1,0
N20002707,NI data zone,390,0,0,0,12,0,0,0,0,0,0,1,0
N20002708,NI data zone,342,0,0,0,6,1,0,0,0,0,1,1,0
N20002709,NI data zone,709,0,1,0,1,0,0,0,1,0,1,1,0
N20002710,NI data zone,531,0,0,0,0,0,0,0,0,0,0,3,0
N20002711,NI data zone,381,0,0,0,0,0,0,0,1,1,0,1,0
N20002712,NI data zone,293,0,0,0,4,0,0,0,0,0,0,1,0
N20002713,NI data zone,442,0,0,0,0,2,0,0,0,4,0,4,0
N20002714,NI data zone,402,0,0,0,2,0,0,0,0,0,1,6,0
N20002715,NI data zone,505,0,0,0,0,0,0,0,1,0,0,0,0
N20002716,NI data zone,766,0,0,0,1,1,1,0,0,0,0,4,0
N20002717,NI data zone,285,0,0,0,0,3,0,0,0,2,0,1,1
N20002718,NI data zone,429,0,0,0,3,1,0,0,1,0,2,3,2
N20002719,NI data zone,433,0,0,0,0,0,0,0,1,0,0,1,0
N20002720,NI data zone,405,0,0,0,0,0,0,0,0,0,0,5,0
N20002721,NI data zone,201,0,0,0,0,0,0,0,0,0,0,0,0
N20002722,NI data zone,400,0,0,0,0,0,0,0,4,3,1,2,0
N20002723,NI data zone,413,1,0,3,0,0,0,0,0,5,0,1,0
N20002724,NI data zone,305,2,0,0,3,0,0,0,0,5,1,1,0
N20002725,NI data zone,264,0,0,0,0,0,1,0,0,1,0,1,1
N20002726,NI data zone,539,1,0,0,3,0,0,0,0,1,0,0,0
N20002727,NI data zone,407,0,0,0,1,0,0,0,6,10,0,4,1
N20002728,NI data zone,407,0,0,0,0,0,0,0,0,0,0,8,0
N20002729,NI data zone,149,0,0,0,0,0,0,0,0,1,0,1,0
N20002730,NI data zone,438,0,0,0,0,0,0,0,0,0,1,1,0
N20002731,NI data zone,561,0,0,0,10,1,0,0,0,0,0,6,0
N20002732,NI data zone,414,0,0,0,0,0,0,0,0,0,0,5,0
N20002733,NI data zone,430,0,0,0,2,0,0,0,1,1,0,1,5
N20002734,NI data zone,266,0,0,5,0,0,0,0,9,0,1,2,0
N20002735,NI data zone,498,0,0,1,0,0,0,0,0,11,0,0,2
N20002736,NI data zone,388,0,0,0,0,0,0,0,0,1,0,0,0
N20002737,NI data zone,566,0,0,0,0,0,0,0,0,0,0,0,0
N20002738,NI data zone,420,0,0,1,0,2,0,0,0,1,0,0,0
N20002739,NI data zone,609,0,0,0,0,1,0,0,0,1,1,0,3
N20002740,NI data zone,593,0,0,1,3,0,0,0,0,0,0,4,0
N20002741,NI data zone,470,0,0,0,0,0,0,0,0,1,0,1,0
N20002742,NI data zone,836,0,0,0,2,1,0,0,0,0,0,7,0
N20002743,NI data zone,875,0,0,0,0,0,0,0,0,0,0,5,1
N20002744,NI data zone,783,0,0,0,1,0,0,0,0,0,0,2,0
N20002745,NI data zone,523,1,0,0,0,2,0,0,0,0,0,0,0
N20002746,NI data zone,665,0,0,0,0,0,0,0,1,0,0,1,1
N20002747,NI data zone,601,0,0,0,0,0,0,0,0,0,0,1,3
N20002748,NI data zone,446,0,0,0,2,0,0,0,0,2,0,4,5
N20002749,NI data zone,363,0,0,0,1,0,0,0,0,0,0,0,0
N20002750,NI data zone,356,0,0,0,1,0,0,0,0,0,0,4,2
N20002751,NI data zone,566,0,0,0,0,0,0,0,0,1,0,1,0
N20002752,NI data zone,328,0,0,1,0,0,0,0,0,0,0,1,0
N20002753,NI data zone,413,0,0,0,5,0,0,0,0,3,1,9,0
N20002754,NI data zone,290,1,0,0,1,0,0,0,0,1,0,3,0
N20002755,NI data zone,485,0,0,2,4,0,0,0,0,0,0,4,0
N20002756,NI data zone,376,0,0,0,0,6,0,0,0,0,1,1,0
N20002757,NI data zone,474,0,0,6,0,0,0,0,0,0,0,8,0
N20002758,NI data zone,404,0,0,1,1,0,0,0,0,1,0,6,1
N20002759,NI data zone,216,0,0,0,0,1,0,0,0,0,0,3,0
N20002760,NI data zone,451,0,0,3,1,0,0,6,0,1,0,3,0
N20002761,NI data zone,547,0,0,0,4,0,0,0,4,0,1,1,2
N20002762,NI data zone,622,0,0,1,2,0,0,0,0,0,0,3,1
N20002763,NI data zone,444,0,0,0,0,0,0,0,0,0,1,0,0
N20002764,NI data zone,542,0,0,0,0,0,0,0,1,1,0,3,1
N20002765,NI data zone,584,0,0,0,0,0,0,0,0,4,0,0,3
N20002766,NI data zone,287,0,0,0,0,0,0,0,0,1,0,5,0
N20002767,NI data zone,401,0,0,0,4,0,0,0,0,0,0,3,0
N20002768,NI data zone,812,0,0,0,1,0,0,0,2,2,0,19,0
N20002769,NI data zone,546,0,0,0,3,0,0,0,0,0,1,12,2
N20002770,NI data zone,691,0,0,0,0,1,0,2,0,0,0,2,5
N20002771,NI data zone,318,0,0,0,8,0,0,0,0,0,0,0,0
N20002772,NI data zone,377,0,0,0,1,0,0,0,1,0,0,2,0
N20002773,NI data zone,382,0,0,0,0,0,0,0,0,0,1,2,1
N20002774,NI data zone,746,0,0,0,5,0,0,0,1,2,0,8,0
N20002775,NI data zone,747,0,0,0,8,1,1,0,0,0,0,12,0
N20002776,NI data zone,267,0,0,0,0,3,0,0,1,0,0,2,0
N20002777,NI data zone,421,0,0,0,1,0,0,0,0,1,0,1,1
N20002778,NI data zone,682,0,0,2,0,0,0,0,0,0,0,1,3
N20002779,NI data zone,437,0,0,0,0,0,0,0,0,1,0,6,0
N20002780,NI data zone,546,0,0,2,4,5,2,0,0,1,0,4,0
N20002781,NI data zone,587,0,0,3,0,1,0,0,0,0,0,1,0
N20002782,NI data zone,363,0,0,2,0,0,0,0,0,0,0,0,0
N20002783,NI data zone,383,0,0,1,0,0,0,0,1,0,0,1,0
N20002784,NI data zone,349,0,0,4,0,0,0,0,4,0,0,0,4
N20002785,NI data zone,345,0,0,0,0,1,0,0,0,1,0,4,0
N20002786,NI data zone,495,0,0,0,0,5,0,0,0,1,0,4,0
N20002787,NI data zone,401,0,1,0,0,0,0,0,0,0,0,0,1
N20002788,NI data zone,419,2,0,2,10,0,0,0,0,0,0,5,0
N20002789,NI data zone,500,0,0,0,0,0,0,0,3,0,0,6,1
N20002790,NI data zone,519,1,0,2,2,0,0,3,2,7,0,2,1
N20002791,NI data zone,361,0,0,1,0,2,0,0,0,0,0,1,0
N20002792,NI data zone,456,0,0,1,0,0,2,0,0,1,0,0,0
N20002793,NI data zone,298,1,0,0,0,0,0,0,0,0,0,0,0
N20002794,NI data zone,431,0,2,0,0,0,0,0,0,0,0,4,1
N20002795,NI data zone,481,1,0,0,8,0,0,0,0,3,0,2,0
N20002796,NI data zone,390,0,0,0,4,0,5,0,1,2,0,6,1
N20002797,NI data zone,467,0,0,3,5,1,0,0,6,3,0,5,0
N20002798,NI data zone,356,0,0,4,6,3,10,0,4,3,0,5,0
N20002799,NI data zone,487,0,0,4,10,0,0,0,0,1,0,0,0
N20002800,NI data zone,489,0,0,7,0,5,5,0,0,1,2,5,0
N20002801,NI data zone,208,0,0,3,0,3,0,0,0,0,0,0,0
N20002802,NI data zone,909,0,0,0,0,1,0,0,0,0,0,3,0
N20002803,NI data zone,434,0,0,0,0,0,0,0,0,0,0,6,1
N20002804,NI data zone,612,0,0,0,4,0,0,0,0,0,0,6,1
N20002805,NI data zone,479,0,0,0,0,0,0,0,0,0,0,1,1
N20002806,NI data zone,463,0,0,1,3,0,0,0,1,0,0,7,0
N20002807,NI data zone,279,0,0,0,0,0,0,0,2,0,0,1,0
N20002808,NI data zone,648,0,0,0,2,3,0,0,0,0,0,1,1
N20002809,NI data zone,639,0,0,0,1,0,0,0,0,0,0,2,0
N20002810,NI data zone,416,0,0,1,0,0,0,0,1,0,0,1,0
N20002811,NI data zone,353,0,0,0,0,0,0,0,0,0,0,1,1
N20002812,NI data zone,254,0,0,0,0,0,0,0,0,0,0,3,0
N20002813,NI data zone,459,0,1,0,0,6,0,0,0,0,0,0,0
N20002814,NI data zone,621,0,0,0,0,5,7,0,0,0,3,1,0
N20002815,NI data zone,283,0,0,0,0,0,0,0,0,1,0,0,0
N20002816,NI data zone,335,0,0,5,0,0,0,0,0,2,1,1,0
N20002817,NI data zone,405,0,0,3,0,0,0,0,0,2,0,2,0
N20002818,NI data zone,502,0,0,0,3,0,0,0,0,0,0,1,1
N20002819,NI data zone,546,0,0,0,3,0,0,0,0,0,0,7,0
N20002820,NI data zone,374,0,0,0,0,1,0,0,0,0,0,2,0
N20002821,NI data zone,625,0,0,0,1,0,0,0,0,0,0,2,0
N20002822,NI data zone,571,0,0,0,5,0,5,0,0,0,0,1,0
N20002823,NI data zone,669,0,0,4,9,1,0,0,0,0,0,5,2
N20002824,NI data zone,234,0,0,3,0,0,0,0,0,1,0,3,1
N20002825,NI data zone,712,0,0,0,5,0,0,0,5,0,0,0,0
N20002826,NI data zone,574,0,0,0,0,0,0,0,2,1,0,0,0
N20002827,NI data zone,472,0,0,0,4,0,0,0,1,0,0,6,0
N20002828,NI data zone,371,0,0,0,0,0,0,0,2,0,0,3,0
N20002829,NI data zone,537,0,0,11,1,5,0,0,0,0,0,8,0
N20002830,NI data zone,469,0,0,4,3,0,7,0,8,0,1,1,0
N20002831,NI data zone,302,1,0,0,2,0,0,0,0,1,1,3,1
N20002832,NI data zone,530,0,0,1,0,0,0,0,1,0,0,3,0
N20002833,NI data zone,381,0,0,0,3,14,0,0,0,0,0,5,0
N20002834,NI data zone,337,0,0,0,0,5,0,0,0,5,1,1,0
N20002835,NI data zone,565,0,0,4,14,7,0,0,13,10,3,12,0
N20002836,NI data zone,547,0,0,0,8,1,0,0,3,0,0,1,7
N20002838,NI data zone,1006,0,0,1,0,1,0,0,0,2,1,5,0
